total_income,average_income,median_income,income_std,minimum_income,maximum_income,income_transaction_count,income_source_count,multiple_income_flag,total_expense,average_expense,median_expense,expense_std,minimum_expense,maximum_expense,expense_transaction_count,total_transactions,cash_transaction_ratio,upi_transaction_ratio,bank_transfer_ratio,debit_card_ratio,average_monthly_income,average_monthly_expense,average_monthly_net_cash_flow,average_monthly_savings_ratio,average_monthly_expense_to_income_ratio,average_monthly_recurring_ratio,monthly_income_std,monthly_expense_std,financial_behavior_class
569906.77,142476.6925,140954.54499999998,8679.866242649816,134758.51,153239.17,4,1,0,567722.7,4268.591729323308,3010.07,3762.535250193983,101.24,17105.19,133,156,0.1987179487179487,0.25,0.3205128205128205,0.2307692307692307,47492.230833333335,47310.225,-1708.0716666666642,0.1522534768891384,0.0144131897775281,0.0232371794871794,111079.29331452354,18286.675582755728,STABLE
586436.66,20944.16642857143,17065.73,9715.792862800548,6824.34,38220.69,28,3,1,609578.21,4449.475985401459,3117.78,3798.938386602518,135.66,17166.97,137,184,0.1956521739130435,0.2989130434782608,0.2989130434782608,0.2065217391304347,48869.72166666667,50798.184166666666,-4566.680833333333,-0.3642483398019443,1.205296626354908,0.0601919934640522,30724.36866005278,12116.30759546928,HIGHLY_VARIABLE
3194154.4,29304.168807339447,32021.47,12907.871401113389,5177.31,49600.81,109,1,0,588469.55,4526.688846153847,2913.575,4177.128693579481,121.4,17964.7,130,249,0.2128514056224899,0.3132530120481928,0.3333333333333333,0.1405622489959839,266179.5333333333,49039.12916666667,215812.5883333333,0.7756143212879326,0.2158018858164773,0.0085978835978835,86673.36370630475,10304.71992025319,HIGHLY_VARIABLE
976716.14,122089.5175,129868.38,38988.57086700253,50960.1,176857.12,8,1,0,496403.36,3971.22688,2895.99,3661.0165221958496,146.27,17657.04,125,145,0.2344827586206896,0.2551724137931034,0.3103448275862069,0.2,81393.01166666667,41366.94666666666,37457.64916666667,0.246358622102722,0.0856002440007916,0.0286324786324786,146316.2570806045,24726.90018592131,MODERATELY_VARIABLE
438857.69,109714.4225,121795.23,39528.107295891255,52336.91,142930.32,4,1,0,676435.02,4697.465416666667,2990.15,4370.486581138824,101.9,17810.38,144,173,0.1849710982658959,0.2658959537572254,0.3815028901734104,0.1676300578034682,36571.47416666667,56369.585,-23819.97916666666,0.1209131868870464,0.1085501629151637,0.0316789215686274,68588.24556913054,12779.599643543754,MODERATELY_VARIABLE
910549.92,22763.748,22267.415,9537.680969125113,7961.02,39622.86,40,3,1,480430.86,3970.502975206612,2702.82,3707.579174503143,112.19,16911.56,121,176,0.1761363636363636,0.2840909090909091,0.375,0.1647727272727272,75879.15999999999,40035.905,34698.52916666667,0.3875912344091429,0.5998405704105353,0.1092398070339246,28394.8069073484,16260.721343047651,HIGHLY_VARIABLE
186598.35,876.0485915492958,896.47,198.6495726951588,500.88,1198.22,213,1,0,507131.24,4297.722372881356,2503.8050000000003,3878.062416583052,211.77,17812.71,118,346,0.6994219653179191,0.0895953757225433,0.1213872832369942,0.0895953757225433,15549.8625,42260.93666666667,-28634.235833333336,-1.943265581138692,2.80991811270672,0.013156108597285,3081.93825336095,21193.70658340148,MODERATELY_VARIABLE
203896.96,871.3545299145298,890.665,205.74223339132644,504.09,1198.0,234,1,0,571665.41,4172.740218978102,2242.78,4205.489146495024,111.38,16804.15,137,382,0.6963350785340314,0.1020942408376963,0.1073298429319371,0.094240837696335,16991.413333333334,47638.78416666667,-32286.6825,-1.959910903533423,2.8578770437598187,0.0105879051957483,1207.929606568298,22764.46222633805,MODERATELY_VARIABLE
692830.77,32991.94142857143,35992.4,16879.394163576275,8724.43,59337.76,21,1,0,511972.53,3878.579772727273,2367.895,4006.247735667525,143.66,17916.35,132,168,0.2023809523809523,0.2261904761904762,0.4345238095238095,0.1369047619047619,57735.8975,42664.3775,13481.021666666667,-0.3177359239184865,1.0273325873579038,0.0167824074074074,65821.43781594982,12079.21925327892,HIGHLY_VARIABLE
860242.88,28674.762666666666,28083.79,12861.384914050204,8117.83,59605.81,30,1,0,603703.95,4643.876538461538,3185.285,3970.272054347325,113.49,17981.75,130,179,0.1675977653631284,0.2067039106145251,0.4469273743016759,0.1787709497206704,71686.90666666666,50308.6625,20449.0,-0.3091623501967486,1.3013496671587783,0.009594298245614,36886.70867962565,21430.21110059099,HIGHLY_VARIABLE
2718707.35,27461.690404040404,28449.7,12424.80444711328,5233.79,49974.32,99,1,0,595148.79,4543.120534351146,3008.76,4289.424033301389,110.02,17784.89,131,247,0.2591093117408907,0.2388663967611336,0.3481781376518219,0.1538461538461538,226558.94583333333,49595.732500000006,172359.87083333332,0.7070514690835085,0.2715787537981214,0.0226665973233478,85713.18381475261,15679.525678430062,HIGHLY_VARIABLE
187962.4,835.3884444444444,820.08,205.2807412331467,501.67,1198.62,225,1,0,516975.03,4699.773,3238.78,4230.934355536361,102.32,17192.08,110,356,0.7162921348314607,0.0870786516853932,0.146067415730337,0.0505617977528089,15663.533333333333,43081.2525,-28821.936666666665,-1.9050608008983725,2.8118978491020115,0.0087301587301587,1833.3683996271768,23873.45775967685,MODERATELY_VARIABLE
963764.99,32125.499666666667,30945.555,15534.547674302008,9790.09,59726.78,30,1,0,535946.94,4154.627441860464,2673.73,4061.26346775627,113.35,17600.22,129,175,0.1542857142857142,0.1942857142857142,0.4571428571428571,0.1942857142857142,80313.74916666666,44662.245,34229.50750000001,-0.0309639096837853,0.9158149023314808,0.0189102564102564,68322.86356339735,12310.191834199451,HIGHLY_VARIABLE
709412.94,141882.588,167102.18,49463.40989187836,59553.21,177324.96,5,1,0,457789.36,3752.371803278688,2284.7200000000003,3731.687124683768,107.14,17349.33,122,144,0.2152777777777778,0.1875,0.3819444444444444,0.2152777777777778,59117.745,38149.113333333335,18557.210833333327,0.2028600105424318,0.0374609981823707,0.0395941204764734,125506.61485955676,19483.07161251873,MODERATELY_VARIABLE
866333.66,108291.7075,104910.625,50195.789481308304,51190.35,175617.59,8,1,0,633483.06,5108.73435483871,3398.92,4161.910509362285,106.35,17764.5,124,152,0.1644736842105263,0.1776315789473684,0.4013157894736842,0.2565789473684211,72194.47166666666,52790.255000000005,15547.566666666666,0.2057447354253074,0.0438015338310233,0.0428075396825396,131000.25345166396,17489.000491204075,HIGHLY_VARIABLE
374593.61,34053.964545454546,33974.72,2986.390035207604,28509.1,38179.86,11,1,0,480136.9,3780.605511811024,2568.14,3350.810394457954,279.71,17475.45,127,157,0.2484076433121019,0.2101910828025477,0.375796178343949,0.1656050955414012,31216.134166666667,40011.40833333333,-12590.652500000002,-0.1344691895460208,0.7247216548748624,0.1095365282865282,32098.375106159176,12780.919155085574,STABLE
1363658.46,34091.4615,33989.09,15118.116977589158,8580.75,59355.85,40,1,0,506471.98,4522.07125,3192.715,3858.102083202911,195.15,16081.97,112,169,0.1597633136094674,0.1538461538461538,0.514792899408284,0.1715976331360946,113638.205,42205.99833333333,68729.405,0.332331125818207,0.5687171950131725,0.0289516683866529,79163.34104238407,12592.003699174138,HIGHLY_VARIABLE
2267341.44,27991.86962962963,28534.2,13980.098735249194,5418.96,49604.3,81,1,0,596332.19,4658.845234375,2958.07,4104.285738140929,129.62,17918.19,128,225,0.2666666666666666,0.2755555555555555,0.3422222222222222,0.1155555555555555,188945.12,49694.349166666674,138199.205,0.6840905666201286,0.3070330278348958,0.009575569358178,85748.97622359898,23194.45218795668,HIGHLY_VARIABLE
716331.37,18367.471025641025,16428.57,9007.858725230692,5335.83,37811.12,39,3,1,643471.22,4563.625673758865,2862.43,4305.565409514146,222.55,17982.66,141,193,0.1865284974093264,0.3056994818652849,0.310880829015544,0.1968911917098445,59694.28083333333,53622.60166666666,3575.246666666664,-0.4699079066808075,1.4198297009046772,0.0706018042415101,31579.18148793182,16358.2738583256,HIGHLY_VARIABLE
2470282.0,28071.386363636364,28092.295,13198.334535742486,6615.83,49875.4,88,1,0,497480.81,4441.792946428572,2814.4700000000003,4182.437866120418,285.58,17805.06,112,221,0.3031674208144796,0.1990950226244343,0.3846153846153846,0.1131221719457013,205856.8333333333,41456.73416666667,162717.6625,0.7652729738390867,0.2274100517101654,0.0279028025351554,71173.23060520647,14494.762677203264,HIGHLY_VARIABLE
2864669.01,28936.05060606061,30972.49,13558.50000541176,5023.87,49881.05,99,1,0,589863.45,4644.594094488189,2898.17,4127.202362020648,258.99,16481.0,127,236,0.2966101694915254,0.2627118644067797,0.2923728813559322,0.1483050847457627,238722.4175,49155.2875,187790.84416666665,0.7722601067266376,0.2201100281304177,0.0119774072863317,63953.19554017897,17003.0331368479,HIGHLY_VARIABLE
1037550.38,35777.59931034483,36926.45,14921.60871795472,8226.46,57432.31,29,1,0,501398.31,3886.8086046511626,2775.63,3462.2730463959074,133.75,15866.33,129,177,0.1807909604519774,0.1977401129943503,0.4350282485875706,0.1864406779661017,86462.53166666666,41783.1925,43200.9575,0.419661457259477,0.4823722321880984,0.0174501424501424,41825.35055632602,18367.321115501018,HIGHLY_VARIABLE
642854.26,23809.41703703704,22435.43,8559.331553897911,10697.46,39175.76,27,3,1,486873.24,4386.245405405405,2813.9,4086.869640644688,228.46,17690.68,111,153,0.1633986928104575,0.2810457516339869,0.3790849673202614,0.1764705882352941,53571.18833333333,40572.77,10253.044999999996,0.0769104203057911,0.8667514867318372,0.0865496345759503,24689.73935404667,22856.80455646216,MODERATELY_VARIABLE
952268.13,29758.3790625,30614.03,15046.52975659608,8464.71,57852.21,32,1,0,560202.59,4342.655736434108,2618.35,4333.612421842915,130.96,17802.19,129,176,0.1534090909090909,0.1875,0.4545454545454545,0.2045454545454545,79355.6775,46683.54916666666,29714.69,0.1967817453180229,0.751427006106352,0.0220720166056853,45846.88150867013,12764.45066751438,HIGHLY_VARIABLE
535087.71,133771.9275,141977.13,42368.336443652806,76809.31,174324.14,4,1,0,550918.56,4790.596173913044,3092.75,4582.8634059592005,126.19,17641.94,115,130,0.1923076923076923,0.2769230769230769,0.3307692307692307,0.2,44590.6425,45909.880000000005,-2972.000833333333,0.2152411124545769,0.1118986820301876,0.0202991452991453,69481.87295619892,17810.21933286311,MODERATELY_VARIABLE
830840.52,29672.87571428572,26475.72,16016.045299581529,9878.14,58334.78,28,1,0,425359.98,4012.83,2291.26,3919.670044720601,202.08,15635.69,106,149,0.174496644295302,0.1812080536912751,0.4429530201342282,0.2013422818791946,69236.71,35446.665,32770.495833333334,0.2434417947723978,0.6563216682923908,0.019083694083694,41220.53614577503,16510.590598559076,HIGHLY_VARIABLE
678578.41,23399.25551724138,24939.26,8195.99878397754,7563.72,39826.55,29,3,1,497403.91,4011.321854838709,2410.715,3862.501218228738,142.88,16373.03,124,177,0.192090395480226,0.2259887005649717,0.4067796610169492,0.1751412429378531,56548.200833333336,41450.325833333336,12692.615833333335,-0.1362999863263585,0.9754309661140934,0.0727694161130693,41104.63472683374,16217.109822569528,MODERATELY_VARIABLE
202789.45,859.2773305084746,857.4749999999999,198.7809768673372,509.41,1197.1,236,1,0,506486.23,3988.0805511811022,2717.44,3600.783515446328,125.72,17373.61,127,380,0.7026315789473684,0.081578947368421,0.1289473684210526,0.0868421052631579,16899.120833333334,42207.18583333333,-25884.5575,-1.5586168985741506,2.524082886172894,0.0026041666666666,2111.879732243974,15448.615015733145,MODERATELY_VARIABLE
314453.15,104817.71666666667,93819.1,58278.63525071459,52822.05,167812.0,3,1,0,559120.45,4334.267054263565,2858.31,4206.514584640078,119.17,17916.23,129,157,0.2038216560509554,0.1401273885350318,0.4012738853503185,0.2547770700636942,26204.42916666667,46593.37083333333,-23901.9475,0.1209635520537053,0.1290364479462946,0.0385777417027417,53523.99168053884,24522.393448543186,HIGHLY_VARIABLE
472086.31,33720.45071428571,33797.315,3052.04736911134,28241.21,39615.41,14,1,0,504381.28,3879.856,2737.79,3302.77565103539,110.67,14782.09,130,171,0.1929824561403508,0.2046783625730994,0.4035087719298245,0.1988304093567251,39340.52583333333,42031.77333333334,-7617.082499999999,0.1104854904957491,0.471553851278921,0.1317205942205942,38353.2784403947,14248.601069109356,STABLE
209618.35,873.4097916666667,895.045,205.5207452934655,507.88,1199.02,240,1,0,516809.88,3915.226363636364,2526.5150000000003,3845.061038883632,141.27,17877.47,132,386,0.7202072538860104,0.0595854922279792,0.1347150259067357,0.0854922279792746,17468.195833333335,43067.49,-27973.3525,-1.6567400207349503,2.5282595102636924,0.0134023384023384,2061.5598875937617,20371.499928486544,MODERATELY_VARIABLE
671278.25,26851.13,27531.48,6915.797416966824,11335.97,38157.47,25,3,1,503706.38,3997.6696825396825,2447.37,3810.253350845413,257.05,17291.23,126,167,0.1916167664670658,0.2574850299401197,0.3952095808383233,0.155688622754491,55939.85416666666,41975.53166666667,12860.520833333334,0.1437497752088677,0.8358695354959718,0.0885691378338437,27622.211424736844,19811.527927127696,MODERATELY_VARIABLE
627163.79,125432.758,126967.48,53055.64387067336,42317.09,173794.36,5,1,0,547481.61,4451.07,3191.52,3868.524483247064,106.46,16743.77,123,138,0.1739130434782608,0.2318840579710145,0.427536231884058,0.1666666666666666,52263.64916666667,45623.4675,5978.858333333335,0.1284287511405421,0.0382379155261245,0.0092592592592592,145708.05843584178,14051.544613482,HIGHLY_VARIABLE
196839.01,834.0636016949153,811.31,199.53441139406715,501.93,1199.77,236,1,0,575781.96,4569.698095238095,3231.31,3885.823329638693,123.5,17734.86,126,385,0.6883116883116883,0.0727272727272727,0.1584415584415584,0.0805194805194805,16403.250833333335,47981.83,-33715.31333333333,-2.10250294718975,2.958486937398822,0.0079993786890338,1939.482630119592,16012.046433618209,MODERATELY_VARIABLE
856539.44,142756.57333333333,161041.88,33427.16995820716,85476.06,166585.54,6,1,0,569884.84,4383.729538461538,2825.075,4106.388618374553,217.24,17889.38,130,150,0.2066666666666666,0.2133333333333333,0.3933333333333333,0.1866666666666666,71378.28666666667,47490.40333333333,22792.05416666667,0.1997518002996582,0.0502481997003417,0.0232452732452732,139283.91691909873,15055.007653685643,MODERATELY_VARIABLE
511535.72,34102.38133333333,34000.74,3400.894898037588,28151.12,39029.81,15,1,0,498401.19,3863.57511627907,2299.18,3923.1184411660793,247.89,16160.95,129,162,0.2037037037037037,0.1851851851851851,0.4629629629629629,0.1481481481481481,42627.97666666667,41533.4325,-2000.74,0.013228156702167,0.755417684513429,0.1253441207485325,28870.68842477761,13095.666812019175,STABLE
851767.77,30420.2775,25385.635,14640.343129308343,8083.99,57810.26,28,1,0,590226.77,4540.205923076923,3070.525,4077.386288432481,127.09,14771.84,130,172,0.1686046511627907,0.2034883720930232,0.4709302325581395,0.1569767441860465,70980.6475,49185.56416666667,20558.98833333334,0.1071220501375942,0.6176942714690902,0.0270833333333333,52595.5776715805,25381.230588053364,HIGHLY_VARIABLE
770035.21,20811.76243243243,20725.19,8799.496897018036,5680.44,35534.64,37,3,1,565277.38,4218.487910447761,2466.3,4032.060785274198,116.26,16030.52,134,185,0.1513513513513513,0.3189189189189189,0.3297297297297297,0.2,64169.60083333334,47106.44833333333,12200.551666666666,-0.0504043710999103,0.8575361743861762,0.0732031380928439,43832.02488013747,12455.053075175289,HIGHLY_VARIABLE
581748.09,22374.926538461536,25720.085,9656.4385762843,5598.21,37849.96,26,3,1,519461.88,4223.2673170731705,2471.77,4048.8167300771447,272.16,16979.05,123,167,0.2095808383233532,0.2574850299401197,0.4011976047904191,0.1317365269461078,48479.00750000001,43288.49,427.5841666666699,-0.4995459450014267,1.262081918815037,0.0914141414141414,36794.682606480754,17649.425799434022,HIGHLY_VARIABLE
207819.49,855.2242386831275,846.43,201.1317094821999,500.07,1199.19,243,1,0,519197.82,4187.079193548388,2456.825,4219.588712407765,105.44,16622.22,124,380,0.7315789473684211,0.0736842105263157,0.1157894736842105,0.0789473684210526,17318.290833333333,43266.485,-26444.07416666667,-1.6306073162343466,2.6042314640642217,0.0029761904761904,2296.285744515015,17911.807143248734,MODERATELY_VARIABLE
212211.34,859.1552226720647,854.51,203.93892013189645,503.69,1198.35,247,1,0,494564.68,4121.372333333334,2445.995,4185.327409745577,173.1,17661.47,120,386,0.689119170984456,0.1088082901554404,0.1139896373056994,0.0880829015544041,17684.278333333332,41213.723333333335,-24517.734166666665,-1.434619097632061,2.374247011652708,0.0082602752639517,2317.298713847002,18980.2617487126,MODERATELY_VARIABLE
560014.78,23333.94916666667,25412.095,8411.291474033926,5644.21,36380.74,24,3,1,474567.84,3736.754645669291,2651.46,3358.8992627214634,117.41,15609.82,127,163,0.1963190184049079,0.2453987730061349,0.3006134969325153,0.2576687116564417,46667.89833333334,39547.32,5743.014999999999,-0.0562972907782024,1.018869663271144,0.068409822318491,26203.54482653508,14177.1119294106,MODERATELY_VARIABLE
350665.14,35066.514,35330.119999999995,3207.6284584970253,29511.01,38687.29,10,1,0,448359.31,3767.725294117647,2245.23,3500.523076799592,130.08,14405.26,119,146,0.2191780821917808,0.1917808219178082,0.4041095890410959,0.184931506849315,29222.095,37363.27583333333,-11096.576666666668,0.0169435988191585,0.616028280143188,0.0948510367628014,30630.93597467985,16436.71146262949,STABLE
195690.57,873.6186160714286,872.2149999999999,195.38573754548392,501.05,1196.76,224,1,0,642353.36,4688.710656934307,2639.54,4426.067462935986,305.53,17610.61,137,382,0.6832460732984293,0.0916230366492146,0.1256544502617801,0.0994764397905759,16307.5475,53529.44666666666,-43040.32,-2.6438017264976383,3.2892245013957786,0.0213863848391979,1810.9492690154868,20953.85556578521,MODERATELY_VARIABLE
406763.06,33896.92166666667,34136.295,4296.931274929782,29049.6,39652.12,12,1,0,573076.72,4035.751549295775,2599.385,3977.556989432152,161.27,17362.21,142,174,0.1724137931034483,0.2011494252873563,0.4080459770114942,0.2183908045977011,33896.92166666667,47756.39333333333,-16752.575833333332,-0.1617653860265522,0.8633651496914245,0.0982412943810002,26705.71855306814,15437.488158412732,STABLE
197250.17,98625.085,98625.085,24157.57485925377,81543.1,115707.07,2,1,0,534590.0,4176.484375,2719.93,3744.4451345566704,187.06,16380.53,128,146,0.2191780821917808,0.2260273972602739,0.3356164383561644,0.2191780821917808,16437.514166666668,44549.16666666666,-30845.645,0.1201562591078633,0.0465104075588033,0.0307554713804713,39074.63806828541,14404.253750164684,MODERATELY_VARIABLE
2394120.34,28501.432619047617,32829.935,13715.60844988096,5054.05,48718.16,84,1,0,525112.04,3948.2108270676695,2983.47,3612.72549317163,117.96,15608.62,133,231,0.264069264069264,0.2683982683982684,0.3506493506493506,0.1168831168831168,199510.0283333333,43759.33666666667,154501.5191666667,0.7147687839579143,0.1981669293730388,0.0033333333333333,84763.4888238635,18221.236729879147,HIGHLY_VARIABLE
736293.97,25389.44724137931,26240.54,8986.799451797498,7308.85,39829.46,29,3,1,521676.64,4875.48261682243,3173.29,4623.128010894327,129.03,17690.98,107,147,0.1700680272108843,0.2925170068027211,0.3129251700680272,0.2244897959183673,61357.83083333333,43473.05333333334,14814.848333333332,-0.2885401313981216,1.137462132020574,0.1131316123963182,43228.9164154478,18843.98505566568,MODERATELY_VARIABLE
196568.54,843.6418025751074,861.92,206.72332833677305,501.55,1196.59,233,1,0,580409.49,4680.721693548387,2940.66,4053.644857465296,162.05,17268.68,124,372,0.7204301075268817,0.0806451612903225,0.1129032258064516,0.086021505376344,16380.711666666668,48367.4575,-34328.755,-2.088202843428141,2.933252400760931,0.0116158130650884,2196.4067094226803,15510.11994406416,MODERATELY_VARIABLE
923278.29,38469.92875,45071.055,16581.218397973345,10804.66,59612.24,24,1,0,646250.37,4971.1566923076925,3356.54,4419.664859151389,141.08,17824.38,130,166,0.1626506024096385,0.2228915662650602,0.4337349397590361,0.180722891566265,76939.8575,53854.1975,22027.365833333333,-0.2747142421032089,1.10268973247095,0.0204725829725829,62935.79447553212,23231.21981575348,HIGHLY_VARIABLE
841522.13,24043.48942857143,24241.07,10407.209114792084,6144.17,39786.36,35,3,1,714325.79,5330.78947761194,3731.635,4728.472044169947,120.18,17966.06,134,187,0.213903743315508,0.2032085561497326,0.4010695187165775,0.1818181818181818,70126.84416666666,59527.14916666667,9088.844166666666,-0.9686230777472196,1.94963552014574,0.0822777744701119,53644.05609393856,10549.392968363332,HIGHLY_VARIABLE
198214.19,825.8924583333334,821.4549999999999,193.29326276498364,500.67,1199.51,240,1,0,459656.14,4032.071403508772,2459.4,3675.440363339991,108.06,17274.81,114,371,0.7250673854447439,0.091644204851752,0.1159029649595687,0.0673854447439353,16517.849166666667,38304.67833333334,-26808.5075,-1.7079064952364604,2.399183492887844,0.0159092351082293,2400.050874655704,15898.000866108256,MODERATELY_VARIABLE
2498211.16,28715.070804597704,28043.69,12658.882633246409,5844.43,49628.7,87,1,0,539600.19,3826.9517021276592,2359.09,3659.173227339547,180.94,15282.01,141,244,0.2827868852459016,0.180327868852459,0.3688524590163934,0.1680327868852459,208184.2633333333,44966.6825,161792.1825,0.7154783840567368,0.2783430275017005,0.0152024996174612,92430.53823452017,15912.057023270763,HIGHLY_VARIABLE
194546.06,849.5461135371179,852.83,210.31831841242257,501.5,1193.27,229,1,0,528847.78,4197.204603174603,3239.8900000000003,3520.5113163531573,137.89,15600.2,126,375,0.7093333333333334,0.0613333333333333,0.1493333333333333,0.08,16212.171666666669,44070.64833333334,-30926.62583333333,-1.9177355602343624,2.7364038958645,0.0156300912349299,2082.885527465262,12027.733515748158,MODERATELY_VARIABLE
738052.16,23064.13,25805.545,10529.865439724445,6002.25,39646.61,32,3,1,493114.62,3882.792283464567,2298.37,3924.219840619256,115.0,16881.01,127,181,0.1767955801104972,0.281767955801105,0.3812154696132597,0.1602209944751381,61504.34666666667,41092.885,18767.656666666662,0.1582676199390822,0.7255449927091507,0.0932386799646861,35144.1699611346,10896.503029835265,HIGHLY_VARIABLE
253457.55,126728.775,126728.775,35810.256207003746,101407.1,152050.45,2,1,0,513749.68,4353.810847457628,3205.76,3809.1679033877294,310.29,15510.47,118,136,0.2205882352941176,0.2205882352941176,0.3308823529411764,0.2279411764705882,21121.4625,42812.473333333335,-23098.595,0.1030935423981223,0.0555060198284542,0.0212250712250712,50496.93522468434,14284.039728658594,MODERATELY_VARIABLE
574304.09,22972.1636,25054.6,11856.139151844109,6043.82,39474.99,25,3,1,484874.0,3974.377049180328,2616.145,3668.02068349425,108.21,17666.01,122,167,0.1676646706586826,0.2994011976047904,0.3772455089820359,0.155688622754491,47858.67416666666,40406.16666666666,5750.830833333334,-1.3060597335854751,2.2094955562602863,0.0829229797979798,54028.572503240015,12766.221232057049,HIGHLY_VARIABLE
569098.22,21888.39307692308,25025.455,10296.609115540812,5662.46,39991.85,26,3,1,436163.29,3665.2377310924367,2090.19,3475.3589335180613,152.48,17836.72,119,166,0.253012048192771,0.2469879518072289,0.3674698795180723,0.1325301204819277,47424.85166666666,36346.94083333333,7178.02,-0.6110381800881699,1.3761443818790748,0.0822312287385816,26188.14309666349,12183.479915441729,HIGHLY_VARIABLE
958826.8,34243.81428571429,39364.785,16138.722807832335,8011.08,59108.53,28,1,0,575543.3,4295.099253731343,2721.295,4109.924148873575,401.8,17404.51,134,184,0.1576086956521739,0.217391304347826,0.4402173913043478,0.1847826086956521,79902.23333333332,47961.94166666667,29556.85916666666,-0.0586887422952219,1.0230661958123748,0.0295367826617826,44235.67292527221,14941.63976559335,HIGHLY_VARIABLE
461045.95,20045.47608695652,23454.35,9022.22069054748,7283.1,39541.74,23,3,1,582096.08,4443.481526717557,2828.57,4118.674797439935,179.24,17608.55,131,172,0.2034883720930232,0.2674418604651162,0.3953488372093023,0.1337209302325581,38420.49583333333,48508.00666666666,-11828.244166666673,-1.0664325753681323,1.811929843971128,0.060088985088985,37065.934738477605,16904.325108428926,HIGHLY_VARIABLE
573594.78,95599.13,84021.015,25525.96283343138,74692.65,139555.53,6,1,0,650943.12,4857.78447761194,3132.635,4300.73235958165,168.34,17971.38,134,157,0.2420382165605095,0.1847133757961783,0.4012738853503185,0.1719745222929936,47799.565,54245.26,-8565.820833333337,0.1570465020971957,0.0839137353050405,0.0351551226551226,95410.7957302814,18835.617927328287,MODERATELY_VARIABLE
988604.51,30893.8909375,28643.585,14767.653984604623,8284.13,58074.91,32,1,0,502144.38,3775.5216541353375,2473.96,3914.137859074611,131.13,17770.5,133,181,0.1602209944751381,0.1878453038674033,0.4475138121546961,0.2044198895027624,82383.70916666667,41845.365,37485.65416666667,0.4054573916083894,0.4812598640926824,0.0264667350193665,40558.30220299134,14529.322515128126,HIGHLY_VARIABLE
459324.18,35332.62923076923,33813.03,3303.472264210444,30903.33,39966.92,13,1,0,610421.6,4768.91875,3472.37,4443.884844413487,155.65,17858.82,128,162,0.1790123456790123,0.1481481481481481,0.419753086419753,0.2530864197530864,38277.015,50868.46666666667,-15306.855000000003,-0.1691039859551184,0.9550840915736636,0.1180973266499582,23516.89829261987,24404.20572090815,STABLE
766818.06,109545.43714285716,111927.32,58785.380842776925,43975.15,173145.51,7,1,0,662407.62,4765.5224460431655,3311.23,4194.490075425528,112.87,17737.1,139,167,0.2095808383233532,0.2275449101796407,0.3233532934131736,0.2395209580838323,63901.505000000005,55200.635,5531.100833333333,0.0697093202909973,0.2415688214599937,0.0357831166654696,125684.95317655407,17102.12686420796,HIGHLY_VARIABLE
2187455.47,26676.2862195122,26602.69,12378.598472309111,5322.78,49093.5,82,1,0,633336.73,4691.383185185185,3097.21,4262.587547709784,200.4,17914.44,135,239,0.2384937238493724,0.2635983263598326,0.3556485355648535,0.1422594142259414,182287.9558333333,52778.06083333333,127123.28333333334,0.6430840760574112,0.3406495645145402,0.0236485310498468,73824.4348579947,20441.949979507368,HIGHLY_VARIABLE
199492.69,863.6047186147186,867.58,204.5125219931183,501.76,1199.54,231,1,0,544666.4,4157.758778625955,2710.73,3848.039836465199,121.56,15003.2,131,373,0.7131367292225201,0.0831099195710455,0.1260053619302949,0.0777479892761394,16624.390833333335,45388.86666666667,-31359.819166666664,-1.9822197515795124,2.822572146780693,0.0107322454844006,1624.2080625476217,20911.596226172227,MODERATELY_VARIABLE
755197.46,19873.61736842105,18598.28,8158.593031830349,5610.21,39420.57,38,3,1,477964.86,4016.511428571429,2483.2,3925.915564141043,150.76,16839.88,119,178,0.1910112359550561,0.2584269662921348,0.3651685393258427,0.1853932584269663,62933.121666666666,39830.405,20312.82083333333,0.1760934408135439,0.7795709404987617,0.0738774297597827,28766.20048951605,17256.50794632169,HIGHLY_VARIABLE
200737.88,846.9952742616034,842.63,201.5493909554725,500.83,1199.89,237,1,0,443248.84,4066.503119266055,2388.57,4276.297956419023,116.61,17940.69,109,352,0.7357954545454546,0.0880681818181818,0.0823863636363636,0.09375,16728.156666666666,36937.40333333333,-20367.251666666667,-1.2556776614412108,2.243931466381742,0.0027777777777777,2098.636229530256,11915.917498223913,MODERATELY_VARIABLE
2617485.16,26174.8516,23762.955,12657.83015877657,5264.84,49958.74,100,1,0,507598.21,4060.78568,2439.79,4072.1943814015417,129.59,17982.15,125,251,0.2270916334661354,0.298804780876494,0.3665338645418327,0.1075697211155378,218123.7633333333,42299.85083333334,172563.71916666665,0.7165371767493697,0.2525949328983124,0.0191402285551901,90108.65582767116,16739.38393620672,HIGHLY_VARIABLE
2204863.68,28634.593246753248,27046.48,12806.32736032409,5657.83,49495.93,77,1,0,525579.23,4171.26373015873,2600.1850000000004,3999.968394312483,128.73,17676.52,126,222,0.2297297297297297,0.2792792792792792,0.3603603603603603,0.1306306306306306,183738.64,43798.269166666665,136554.11583333334,0.703239965000518,0.279682279984243,0.0213502506265664,75386.01321952611,12657.061833607107,HIGHLY_VARIABLE
424483.37,32652.566923076924,31302.07,3827.334559249175,28030.76,39151.2,13,1,0,612079.46,4340.989078014184,3112.07,4050.456807402785,115.76,17393.71,141,165,0.2787878787878788,0.1939393939393939,0.3151515151515151,0.2121212121212121,35373.614166666666,51006.621666666666,-17023.47333333333,-0.0583445796140733,0.6936293755212869,0.0966859271619333,32384.90613047478,26051.38926614745,STABLE
812978.6499999999,116139.80714285711,107200.43,42106.37141848001,55298.54,176510.99,7,1,0,429029.6,3865.131531531531,2747.3,3562.0994307303454,169.68,16990.87,111,132,0.2803030303030303,0.1287878787878787,0.3863636363636363,0.2045454545454545,67748.22083333334,35752.46666666667,29756.35,0.2228300493580502,0.0243385740624057,0.028506216006216,143826.44787552243,13060.332627427311,MODERATELY_VARIABLE
1202752.45,33409.79027777778,32951.605,15071.386677278144,8961.39,57953.73,36,1,0,566819.51,4608.288699186992,2940.98,3959.935075471248,228.17,15650.64,123,176,0.1647727272727272,0.1647727272727272,0.4829545454545454,0.1875,100229.37083333332,47234.95916666667,50618.97,0.1391467420643616,0.8057762115358317,0.0203905195681511,62865.68668057949,11533.44599592417,HIGHLY_VARIABLE
814658.97,22629.415833333333,22661.305,9833.21115884368,5690.3,38989.19,36,3,1,511352.0,4191.4098360655735,2883.57,3621.7273453856255,314.68,14226.68,122,175,0.16,0.2971428571428571,0.36,0.1828571428571428,67888.2475,42612.66666666666,23380.005,-0.0428023287537998,0.9740044081907576,0.1073776917526917,38665.57027054904,16514.780868272537,HIGHLY_VARIABLE
658761.59,21958.719666666664,22551.14,8177.230288310669,6615.05,36936.82,30,3,1,614359.19,4451.878188405797,3254.16,3632.467194968589,142.98,16637.98,138,178,0.1235955056179775,0.297752808988764,0.3932584269662921,0.1853932584269663,54896.79916666666,51196.59916666666,2241.5658333333336,-0.4111190803313513,1.271802728720932,0.0518717135977197,41606.2691241663,15133.36594309076,MODERATELY_VARIABLE
203561.67,869.9216666666667,900.905,207.2026228649217,501.74,1196.12,234,1,0,592783.62,3925.719337748345,2393.46,3921.790939511805,106.96,17804.59,151,403,0.684863523573201,0.086848635235732,0.1464019851116625,0.0818858560794044,16963.4725,49398.635,-34743.005833333336,-2.043446276487559,2.919142097445516,0.0096637329174093,1652.636515968156,14719.37017565784,MODERATELY_VARIABLE
190257.88,834.4643859649123,829.71,191.720789436786,503.93,1195.63,228,1,0,501158.37,4074.458292682927,2456.26,3791.4319247985295,112.22,14487.85,123,362,0.7099447513812155,0.074585635359116,0.143646408839779,0.0718232044198895,15854.823333333334,41763.1975,-27221.5525,-1.758374239771259,2.6710209859887644,0.0053571428571428,2122.7086623134624,16421.223610406872,MODERATELY_VARIABLE
192223.89,843.0872368421053,805.75,203.6486032637445,505.63,1196.92,228,1,0,578621.04,4046.3009790209794,2790.54,3700.2704389994033,146.35,17995.48,143,387,0.6925064599483204,0.0878552971576227,0.1162790697674418,0.1033591731266149,16018.6575,48218.420000000006,-32691.171666666665,-2.121931861430785,3.0939381094358027,0.0053571428571428,1955.105037197491,18742.962882901847,MODERATELY_VARIABLE
199461.56,838.073781512605,837.355,203.3216559598713,501.76,1197.43,238,1,0,496550.44,4244.020854700855,2838.23,3837.019171071465,173.81,17857.18,117,374,0.7112299465240641,0.0962566844919786,0.1149732620320855,0.0775401069518716,16621.796666666665,41379.20333333333,-26124.67916666667,-1.6795067700916466,2.594506562341238,0.0104181541803204,2296.5626501255124,18610.22468174092,MODERATELY_VARIABLE
194054.78,843.7164347826086,865.515,208.4670409696454,500.54,1199.08,230,1,0,527310.34,3935.151791044776,2539.36,3730.58779191594,100.95,15843.89,134,384,0.671875,0.09375,0.1484375,0.0859375,16171.231666666668,43942.52833333333,-31433.77333333333,-1.9785910498601256,2.756182561973915,0.0155878913738954,2412.865633375436,14384.8387615167,MODERATELY_VARIABLE
616136.67,23697.564230769232,25794.035,8547.705614651535,6916.78,38418.92,26,3,1,558176.6,4015.658992805755,2471.44,4048.1125009269817,107.23,17995.24,139,177,0.1525423728813559,0.2824858757062147,0.3785310734463277,0.1864406779661017,51344.7225,46514.71666666667,4233.133333333332,-0.0726098497329369,1.0595525795128695,0.0677170356446672,24851.989037991643,13668.720064223831,MODERATELY_VARIABLE
659121.2,32956.06,35786.6,15819.427994723848,8274.66,58107.39,20,1,0,529898.49,4308.117804878048,3015.26,3851.630123942103,153.25,17189.94,123,162,0.1851851851851851,0.1851851851851851,0.4259259259259259,0.2037037037037037,54926.76666666666,44158.2075,8421.31,-0.2846577198087738,1.0510360769379907,0.0354352346999405,45785.31552008021,23544.50805251316,HIGHLY_VARIABLE
442472.35,34036.334615384614,34869.98,3971.020959166999,28261.13,39903.71,13,1,0,477286.85,4114.541810344827,2510.085,4098.110343548194,119.4,17656.74,116,144,0.1736111111111111,0.3055555555555556,0.3611111111111111,0.1597222222222222,36872.69583333333,39773.90416666667,-3726.1425,0.0010014674302971,0.8078670101085877,0.1081328393828394,27418.200553709987,13694.939375212132,STABLE
192197.86,96098.93,96098.93,36833.54578539785,70053.68,122144.18,2,1,0,524664.55,4231.165725806452,2896.92,3974.5257834766408,133.77,17172.08,124,145,0.2413793103448276,0.2482758620689655,0.3310344827586207,0.1793103448275862,16016.488333333333,43722.04583333334,-29232.206666666665,0.0620369792360941,0.1046296874305724,0.0220959595959595,39020.25582022422,22657.01441811161,MODERATELY_VARIABLE
211318.93,845.27572,843.9649999999999,203.616561708742,501.39,1197.44,250,1,0,527327.6,4025.401526717557,2346.72,3928.822649897406,148.94,16411.65,131,399,0.7142857142857143,0.0827067669172932,0.12531328320802,0.0776942355889724,17609.91083333333,43943.96666666667,-27901.844166666662,-1.61853214296045,2.530536900155103,0.0074735449735449,2537.839563897028,15142.5054675406,MODERATELY_VARIABLE
256337.84,85445.94666666667,82882.1,15275.015601498852,71615.09,101840.65,3,1,0,478943.48,4024.73512605042,3099.67,3887.738881280713,333.36,17703.93,119,138,0.2391304347826087,0.2028985507246377,0.391304347826087,0.1666666666666666,21361.486666666668,39911.956666666665,-19349.022500000003,0.105533859312828,0.0592610954885139,0.0108543417366946,53496.4560321824,16072.827110536778,STABLE
506170.71,33744.714,33316.0,3214.0058307214413,28744.49,38025.39,15,1,0,531791.15,4187.33188976378,2286.09,4188.413151178646,159.1,15153.53,127,159,0.2075471698113207,0.1572327044025157,0.389937106918239,0.2452830188679245,42180.8925,44315.92916666667,-5403.368333333332,-0.0446398158031874,0.7994274367174619,0.1263668725065783,26377.1122902941,13925.579024813202,STABLE
763996.53,21222.12583333333,23084.52,11371.00550768347,5400.2,39781.05,36,3,1,514652.44,3840.689850746269,2482.4700000000003,3612.262221652856,156.52,17580.4,134,187,0.2085561497326203,0.2513368983957219,0.3850267379679144,0.1550802139037433,63666.3775,42887.70333333333,17161.395,0.1320592814414636,0.7776036883883378,0.1087351510145627,33571.35356670681,21997.26267949196,HIGHLY_VARIABLE
207322.3,846.213469387755,852.45,208.6580504211063,500.26,1199.97,245,1,0,647882.25,4499.182291666667,3470.035,3803.143622047777,224.59,16958.02,144,410,0.6878048780487804,0.0902439024390243,0.1292682926829268,0.0926829268292682,17276.858333333334,53990.1875,-40949.85833333333,-2.449207488655295,3.213985260800549,0.0167692111240498,1560.9246598837922,20154.4556476672,MODERATELY_VARIABLE
487127.78,23196.560952380954,27781.14,11332.25383126936,6108.8,39603.89,21,3,1,420764.57,3690.9172807017535,2989.86,3132.4500071579537,129.95,13711.32,114,154,0.2337662337662337,0.1883116883116883,0.3831168831168831,0.1948051948051948,40593.98166666667,35063.714166666665,2810.4116666666664,-0.6029971131903321,1.4153023590240663,0.0835646565909723,33187.86604253451,15548.098360508422,HIGHLY_VARIABLE
648056.05,92579.43571428572,75696.91,44537.81967462142,45033.42,169559.93,7,1,0,573643.17,4156.834565217391,2946.575,3726.135241320867,127.37,16823.28,138,164,0.2256097560975609,0.2621951219512195,0.3109756097560975,0.2012195121951219,54004.67083333334,47803.5975,4275.334166666665,0.1957991094021217,0.1359957393113597,0.0176860516934046,100865.90867705614,18203.97745246058,HIGHLY_VARIABLE
601228.53,85889.79000000001,70915.68,32536.15652783787,57607.87,146897.35,7,1,0,579314.7,4561.533070866141,2668.4,4184.702369461346,151.59,17951.86,127,156,0.2115384615384615,0.2051282051282051,0.4038461538461538,0.1794871794871795,50102.3775,48276.225,-759.7224999999968,0.1858943357114731,0.0641056642885268,0.0207070707070707,95142.23482795394,17426.24476673018,MODERATELY_VARIABLE
391257.73,32604.810833333333,32384.4,3626.105802371208,28173.2,38872.59,12,1,0,529526.3200000001,3782.3308571428574,2469.175,3582.3069487435782,109.53,17253.48,140,174,0.2586206896551724,0.1896551724137931,0.3735632183908046,0.1781609195402299,32604.810833333333,44127.193333333336,-13503.793333333337,-0.2083402012709548,0.8475138958932673,0.0847636840283899,31811.33439344635,17497.06882524787,STABLE
201862.51,837.60377593361,822.39,201.0401333550913,503.02,1198.02,241,1,0,633417.0,5027.119047619048,3356.285,4177.2971112537225,151.93,15467.89,126,381,0.6981627296587927,0.1076115485564304,0.1233595800524934,0.0708661417322834,16821.875833333335,52784.75,-39663.4425,-2.421728914270616,3.206698326353099,0.01259311968515,1690.3877804352164,16813.39559785968,MODERATELY_VARIABLE
212207.34,855.6747580645161,855.505,196.25850616481952,507.29,1199.01,248,1,0,570303.56,4674.619344262295,2885.045,4562.972053857608,128.63,17914.68,122,385,0.7272727272727273,0.0883116883116883,0.1038961038961039,0.0805194805194805,17683.945,47525.29666666667,-30583.560833333337,-1.7345483049642727,2.691128440789331,0.0045343137254901,1743.103515908544,19400.933120402573,MODERATELY_VARIABLE
2833299.13,30141.480106382976,31663.535,12624.353669143382,5451.18,49743.46,94,1,0,475553.04,4064.555897435898,2896.47,3547.71195092214,167.59,17735.4,117,225,0.3244444444444444,0.2355555555555555,0.3155555555555555,0.1244444444444444,236108.26083333333,39629.420000000006,195000.305,0.803987588927562,0.1842677635755353,0.0215817321080478,68131.29453282329,17028.903519228177,HIGHLY_VARIABLE
803116.22,33463.175833333335,37303.47,14520.716219324271,10325.73,55133.14,24,1,0,477644.55,3702.670930232558,2769.7,3254.7878691018022,154.94,16885.53,129,170,0.1470588235294117,0.1352941176470588,0.4529411764705882,0.2647058823529412,66926.35166666667,39803.7125,23271.289166666666,0.1610614954347196,0.7792688184077888,0.0260416666666666,43913.442849347055,11585.178984363149,HIGHLY_VARIABLE
1512353.64,37808.841,38066.32,14739.24554871785,14259.65,59049.1,40,1,0,565355.32,4791.146779661017,3456.035,3989.197307632239,263.95,17500.01,118,172,0.1627906976744186,0.1569767441860465,0.4941860465116279,0.1860465116279069,126029.47,47112.94333333333,77120.05500000001,0.4239071379560199,0.5392441754084022,0.0262515262515262,78604.36520740227,17935.44661731791,MODERATELY_VARIABLE
208102.06,829.0918725099601,804.55,202.89332666817728,504.98,1197.45,251,1,0,517380.66,4275.873223140496,2702.94,3792.7672258089287,253.21,17175.43,121,386,0.7253886010362695,0.082901554404145,0.1088082901554404,0.082901554404145,17341.838333333333,43115.055,-26968.463333333333,-1.5487390168756867,2.486956549032934,0.005050505050505,1976.604092412648,18033.375859511416,MODERATELY_VARIABLE
415046.36,34587.19666666666,34367.4,3412.4226479926747,29517.68,39844.03,12,1,0,546081.21,4333.977857142857,2700.745,4217.129004125458,100.4,17980.01,126,152,0.1710526315789473,0.1776315789473684,0.4144736842105263,0.2368421052631578,34587.19666666666,45506.7675,-11772.54916666667,0.1681579662847469,0.3305751036110491,0.0822939669979143,41643.93277972682,23562.158402732483,STABLE
2294644.49,26075.50556818182,25533.63,13661.382349447817,5029.28,49899.98,88,1,0,460749.81,3387.86625,2359.505,3158.5204187394424,112.88,14687.07,136,237,0.2236286919831223,0.3037974683544304,0.2953586497890295,0.1772151898734177,191220.37416666665,38395.8175,149656.94166666668,0.7628934646102737,0.2176641660015851,0.0259042809042809,57223.69581973624,11175.91456132511,HIGHLY_VARIABLE
637919.08,106319.84666666666,105255.975,41356.62731481892,64426.43,178882.18,6,1,0,535804.91,3998.544104477612,2411.8,3873.31058639661,138.18,17534.59,134,157,0.197452229299363,0.2738853503184713,0.3694267515923566,0.1592356687898089,53159.92333333333,44650.40916666667,6560.422500000001,0.1992881177808989,0.0461097228462782,0.0139860139860139,97433.8650703778,13085.309034229227,MODERATELY_VARIABLE
766700.35,31945.847916666666,31639.96,12784.311116186587,10420.91,57898.2,24,1,0,560123.99,4410.425118110236,2819.59,4116.7215750128125,137.79,17788.64,127,165,0.1757575757575757,0.2363636363636363,0.3939393939393939,0.1939393939393939,63891.69583333333,46676.99916666667,15031.925833333336,0.0385447002035121,0.8519026383061988,0.022610294117647,51284.7888483461,17523.954197068997,HIGHLY_VARIABLE
294585.32,73646.33,77070.16,21090.602925834057,48244.05,92200.95,4,1,0,566313.71,4226.22171641791,2699.88,4122.877118214905,204.17,17239.33,134,149,0.2013422818791946,0.2348993288590604,0.3355704697986577,0.2281879194630872,24548.77666666667,47192.809166666666,-23749.15583333333,0.1255987891372431,0.1135386278084734,0.0171741452991452,54228.0753686616,17963.70535851081,MODERATELY_VARIABLE
1195841.62,35171.812352941175,35726.33,16339.751419547372,9192.79,59607.17,34,1,0,493727.17,3887.615511811024,2774.44,3528.4569508692653,165.39,15957.02,127,172,0.1802325581395348,0.1569767441860465,0.4767441860465116,0.1860465116279069,99653.46833333332,41143.93083333333,57708.27333333332,0.4086028364170877,0.4071842332403588,0.0166666666666666,72140.44075540341,13519.46847132444,HIGHLY_VARIABLE
194497.64,838.3518965517242,846.155,200.4576369768974,501.63,1194.73,232,1,0,564148.66,4241.719248120301,3492.08,3574.90978903974,117.37,17689.74,133,384,0.7083333333333334,0.1119791666666666,0.1145833333333333,0.0651041666666666,16208.136666666664,47012.388333333336,-33112.16,-2.1031818167934824,2.96862581033696,0.0129705497962076,2394.4050265693577,17456.64330456243,MODERATELY_VARIABLE
202961.56,856.3778902953586,840.18,204.63233632982224,505.33,1199.46,237,1,0,599365.03,4610.500230769231,3237.135,4106.31098807931,307.62,16326.63,130,383,0.6945169712793734,0.0835509138381201,0.1436031331592689,0.0783289817232376,16913.463333333333,49947.08583333334,-35658.225,-2.1180527001953706,2.970431609128315,0.0124051536323341,1611.441519353703,13723.311745470626,MODERATELY_VARIABLE
209487.08,858.553606557377,869.88,196.1085003543168,502.18,1199.89,244,1,0,516866.01,3745.4058695652175,2601.5150000000003,3550.539346702117,215.81,16326.05,138,403,0.6923076923076923,0.0620347394540942,0.1588089330024814,0.086848635235732,17457.256666666664,43072.1675,-27629.134166666667,-1.572114707790618,2.449168043453838,0.0134050362498638,2396.8690568752527,19226.51175425373,MODERATELY_VARIABLE
495161.51,123790.3775,125718.105,36977.45016373481,77663.0,166062.3,4,1,0,538456.89,3901.86152173913,2525.505,4068.162713417715,148.61,16735.3,138,162,0.2469135802469135,0.1975308641975308,0.3395061728395062,0.2160493827160493,41263.45916666667,44871.4075,-6548.45,0.1832143303409637,0.0667856696590362,0.0378201659451659,75690.90521398345,17456.896908085106,MODERATELY_VARIABLE
921479.27,115184.90875,119066.005,38587.92809455696,57518.35,163603.26,8,1,0,509895.58,4284.836806722689,2709.93,3884.607984281548,182.16,15945.03,119,146,0.2328767123287671,0.1643835616438356,0.3424657534246575,0.2602739726027397,76789.93916666666,42491.29833333333,32239.39333333333,0.2026141888082968,0.0443827929524355,0.0286283891547049,152386.19917487746,20577.97589988597,MODERATELY_VARIABLE
172744.52000000002,86372.26000000001,86372.26000000001,30405.846149462766,64872.08,107872.44,2,1,0,619214.41,4875.704015748031,3266.89,4322.170958786773,174.83,17545.89,127,153,0.2287581699346405,0.196078431372549,0.4183006535947712,0.1568627450980392,14395.376666666669,51601.200833333336,-41410.81583333333,0.0376762692745715,0.1110726692797198,0.0573773448773448,34847.887170305105,10759.37957382763,MODERATELY_VARIABLE
295041.73,32782.41444444444,33067.13,2571.2414054455826,28157.18,36711.59,9,1,0,570091.35,4318.873863636363,2801.19,4330.517373268774,131.87,17787.13,132,164,0.2012195121951219,0.1768292682926829,0.3841463414634146,0.2378048780487804,24586.810833333333,47507.6125,-25330.05416666667,-0.1291544795672718,0.6386270730183993,0.0852498196248196,24957.63103751288,21336.61010847196,STABLE
783076.86,29002.846666666665,23334.64,15229.59819829264,9111.18,58724.77,27,1,0,473289.83,4188.405575221239,2706.78,4103.987040366081,133.94,17509.73,113,158,0.1582278481012658,0.1645569620253164,0.5189873417721519,0.1582278481012658,65256.405,39440.81916666667,25273.775,-0.2038359639154423,1.1104061845544662,0.0049019607843137,46827.17427429514,15956.456382521128,HIGHLY_VARIABLE
531793.24,33237.0775,32461.96,2913.7570228498244,28803.04,39068.23,16,1,0,514529.56,3988.6012403100776,2387.83,3686.304857712363,138.68,17256.55,129,162,0.2222222222222222,0.1790123456790123,0.4135802469135802,0.1851851851851851,44316.10333333333,42877.46333333333,-968.583333333332,-0.009323644826335,0.7828054248820194,0.1162559526530114,26346.4058877716,15568.863300101924,STABLE
202641.72,858.6513559322034,859.31,202.0714186340857,506.44,1196.33,236,1,0,489884.4,4015.445901639344,2318.075,4304.795464697165,130.6,17903.76,122,367,0.7329700272479565,0.0735694822888283,0.108991825613079,0.0844686648501362,16886.81,40823.7,-25381.6175,-1.543376496705694,2.4529118175726867,0.0085523695738749,2740.35378737524,23884.79418642557,MODERATELY_VARIABLE
2490696.44,29651.14809523809,31239.25,12896.58657681437,5090.16,49549.0,84,1,0,616674.11,4636.647443609022,3409.41,4039.173338414316,307.2,16889.06,133,240,0.2708333333333333,0.3166666666666666,0.3125,0.1,207558.03666666665,51389.50916666666,153098.72,0.7056973968285188,0.2814253000388991,0.0239891395154553,69681.57324993098,14821.700679102834,HIGHLY_VARIABLE
209032.18,846.2841295546558,839.65,204.97248899862663,508.4,1198.05,247,1,0,705457.16,4766.602432432433,3310.885,4339.172680857198,186.49,17296.16,148,418,0.6770334928229665,0.1028708133971291,0.1435406698564593,0.0765550239234449,17419.34833333333,58788.09666666667,-43290.81916666666,-2.5550545463752967,3.45076511070028,0.0092909651733181,1761.4168617277364,18214.503492430187,MODERATELY_VARIABLE
866306.5499999999,108288.31875,114804.715,35409.473838875965,49056.96,156268.75,8,1,0,483819.13,4358.730900900901,2906.46,3995.624480889189,104.72,16678.14,111,132,0.1818181818181818,0.2424242424242424,0.3409090909090909,0.2348484848484848,72192.21250000001,40318.26083333333,30973.29833333333,0.2588444708861978,0.0707306316280513,0.0147435897435897,129508.47187800628,17324.016083077724,MODERATELY_VARIABLE
196298.51,849.7770995670996,866.9,206.1297402814728,500.83,1199.28,231,1,0,585023.15,4535.063178294574,3391.67,4088.980791533467,177.23,17335.45,129,383,0.6971279373368147,0.0757180156657963,0.1436031331592689,0.0835509138381201,16358.209166666667,48751.92916666667,-34024.80583333333,-2.0656114170265067,2.970489429846897,0.010064935064935,1540.1310835088518,16941.369569635506,MODERATELY_VARIABLE
373859.86,93464.965,81909.975,50275.302028606784,47707.16,162332.75,4,1,0,606374.56,4628.8134351145045,3032.57,4265.720742121162,133.48,16877.9,131,158,0.2025316455696202,0.2025316455696202,0.360759493670886,0.2341772151898734,31154.98833333333,50531.21333333334,-23600.08583333333,0.1338621995657054,0.1084302308270106,0.0574792446115975,58166.242578630816,19925.85196535045,HIGHLY_VARIABLE
279521.41000000003,93173.80333333334,74320.74,43579.15702303147,62195.33,143005.34,3,1,0,551691.82,4413.534559999999,2613.83,4333.768681414838,125.17,17949.42,125,143,0.1748251748251748,0.2587412587412587,0.3846153846153846,0.1818181818181818,23293.450833333336,45974.31833333333,-24717.451666666664,0.1062543956035132,0.0596918218235545,0.0433169413432571,61140.57508717661,19994.74169054447,HIGHLY_VARIABLE
1121974.67,32999.255,35108.73,15545.026136708391,8065.63,58875.74,34,1,0,545697.84,4197.675692307692,2863.955,4059.222433277481,195.26,17432.62,130,175,0.24,0.1828571428571428,0.4114285714285714,0.1657142857142857,93497.88916666666,45474.82,47198.28416666667,0.3502346763682988,0.638983511480358,0.0127840909090909,52160.90078106684,25374.19703294345,HIGHLY_VARIABLE
207138.86,870.3313445378152,883.475,198.1718323320198,502.4,1199.68,238,1,0,522292.15,3927.0086466165417,2555.29,3655.23793262424,126.39,16321.6,133,393,0.6793893129770993,0.0737913486005089,0.1603053435114503,0.0865139949109414,17261.571666666667,43524.34583333333,-28048.23583333333,-1.6752801472403795,2.57035599716667,0.0102182539682539,2149.1085757792403,20821.766655870422,MODERATELY_VARIABLE
418779.15,34898.262500000004,34822.520000000004,2751.4675028300007,28944.01,37979.43,12,1,0,514477.18,4397.240854700855,2676.81,3773.810460781117,151.65,16292.36,117,143,0.1678321678321678,0.2027972027972027,0.4265734265734265,0.2027972027972027,34898.262500000004,42873.098333333335,-8302.098333333333,-0.0455329284014686,0.7905649069677608,0.0909677468500997,25995.56230963806,19745.409547813124,STABLE
194278.53,844.6892608695653,848.08,197.07998682704505,505.93,1189.3,230,1,0,563334.84,4300.265954198473,3137.14,3803.871179422914,173.05,16934.84,131,378,0.7063492063492064,0.0952380952380952,0.1111111111111111,0.0873015873015873,16189.8775,46944.57,-32613.376666666667,-2.082064222544069,2.97568916177892,0.0129209350479511,2352.0933317757804,13071.697482029986,MODERATELY_VARIABLE
365388.32,33217.12,33685.83,3675.932026066316,28071.11,39296.3,11,1,0,546423.73,4139.573712121212,3164.62,3595.63328141836,132.6,16244.76,132,166,0.2108433734939759,0.1867469879518072,0.3855421686746988,0.216867469879518,30449.02666666667,45535.31083333333,-18041.195000000003,-0.2704195200380127,0.937092550397334,0.0934048114195173,22657.239908047184,13788.065207206268,STABLE
1014457.24,39017.58615384616,44365.155,15999.495467155226,8117.43,59820.69,26,1,0,544994.11,4257.766484375,2982.265,3985.3193771024194,275.34,17732.57,128,173,0.2023121387283237,0.1734104046242774,0.4393063583815029,0.1849710982658959,84538.10333333333,45416.175833333335,37994.034166666665,0.2456398611493352,0.6539493796319693,0.0104166666666666,53134.304893441535,14764.481858635954,HIGHLY_VARIABLE
1052826.58,36304.36482758621,36612.37,14515.248910492031,10174.51,59860.19,29,1,0,549293.58,4861.005132743362,3402.38,4129.137155061257,133.0,17097.85,113,157,0.1464968152866242,0.1783439490445859,0.4522292993630573,0.2229299363057325,87735.54833333334,45774.465,39293.58,0.3241605403471987,0.6404124337215569,0.0401130459953989,43405.29768243124,13039.880274555991,MODERATELY_VARIABLE
467866.1,116966.525,115716.05,33799.176056144235,82748.8,153685.2,4,1,0,623574.71,4688.531654135338,3229.26,4336.210527959831,305.83,16533.82,133,153,0.2549019607843137,0.2352941176470588,0.3529411764705882,0.1568627450980392,38988.84166666667,51964.559166666666,-16824.90166666666,0.1657568310961818,0.1589387536132036,0.0488591269841269,60234.59251839229,21188.307280058736,MODERATELY_VARIABLE
2468930.55,29046.24176470588,30801.26,12514.741136772534,5782.49,49466.98,85,1,0,483355.11,3961.927131147541,2392.705,3736.769150918389,131.39,17418.38,122,221,0.2986425339366516,0.2760180995475113,0.2895927601809955,0.1357466063348416,205744.2125,40279.5925,162206.04,0.7461360223709773,0.2311330613121828,0.0225013290802764,78793.23021103043,19365.89258452608,HIGHLY_VARIABLE
2147867.04,24975.198139534885,22724.155,12172.708546139116,5227.97,48695.86,86,1,0,550776.71,4172.550833333333,2825.835,4154.130319280432,146.26,16998.77,132,232,0.2327586206896551,0.293103448275862,0.3232758620689655,0.1508620689655172,178988.92,45898.059166666666,130343.96083333332,0.6846909381064928,0.2971052322474132,0.0167810831426392,69149.42086695356,14061.37578987882,HIGHLY_VARIABLE
884392.1900000001,31585.43535714286,34301.2,14972.822841758252,10663.39,55743.78,28,1,0,537904.4,3897.8579710144927,2393.435,3727.167475347638,117.29,17469.83,138,184,0.2228260869565217,0.1630434782608695,0.4130434782608695,0.2010869565217391,73699.34916666667,44825.36666666667,26983.478333333333,0.0323791839635356,0.9341750911178094,0.0238304093567251,55049.23544923225,11404.651646039662,HIGHLY_VARIABLE
2937518.51,27976.36676190476,29192.2,13882.58673802749,5081.62,49828.08,105,1,0,562114.27,4163.809407407408,2888.19,3778.084694397408,101.17,17198.2,135,259,0.2895752895752895,0.277992277992278,0.3359073359073359,0.0965250965250965,244793.20916666664,46842.855833333335,194488.2066666667,0.7722304812365763,0.2106048153840884,0.0232439335887611,75628.30833732065,22192.365060594177,HIGHLY_VARIABLE
936398.6,33442.80714285714,32604.82,13392.31051714015,8338.45,58075.04,28,1,0,479383.99,4132.620603448276,3093.55,3489.2105597882587,104.15,14640.32,116,164,0.1524390243902439,0.1829268292682926,0.4695121951219512,0.1951219512195122,78033.21666666666,39948.66583333333,36462.695,0.1371429174844656,0.7664622003607069,0.0090686274509803,62459.18546760936,9448.314522176532,HIGHLY_VARIABLE
204001.14,853.5612552301255,866.18,199.49625579797075,509.42,1197.66,239,1,0,467586.03,4101.631842105263,2794.755,3724.519417713736,135.6,16460.17,114,368,0.7309782608695652,0.0679347826086956,0.1358695652173913,0.0652173913043478,17000.094999999998,38965.5025,-22613.23833333333,-1.341675327867388,2.3060853784208533,0.0053819444444444,1715.0609275342215,10978.782288651248,MODERATELY_VARIABLE
699152.59,23305.086333333333,25658.69,9342.87776595534,5233.46,37000.57,30,3,1,593485.3200000001,4864.633770491804,3130.63,4355.443427764473,158.48,16869.72,122,168,0.1428571428571428,0.2738095238095238,0.3571428571428571,0.2261904761904762,58262.71583333333,49457.11000000001,6473.949166666666,-0.8687019811253576,1.7214592606736447,0.099681160342925,39261.59649669276,18499.563302950497,HIGHLY_VARIABLE
708679.45,29528.310416666664,27863.045,13340.037561794612,8299.34,58668.75,24,1,0,581816.14,4654.52912,2766.27,4412.308265494928,108.09,17438.28,125,169,0.1952662721893491,0.1893491124260355,0.4319526627218935,0.1834319526627219,59056.62083333334,48484.67833333334,9401.745000000004,-0.6228353769483946,1.4433422420376234,0.0200109649122807,57140.89673401012,19754.888488003457,HIGHLY_VARIABLE
2100101.37,26583.56164556962,25412.27,12488.766828738371,5205.23,49956.23,79,1,0,452153.19,3897.872327586207,2484.31,3637.415859188894,168.63,17738.64,116,217,0.2672811059907834,0.2304147465437788,0.3640552995391705,0.1382488479262673,175008.4475,37679.4325,134116.52583333335,0.7352497569119173,0.2448261700340761,0.0301034515636918,59788.25278885661,12010.53840649356,HIGHLY_VARIABLE
276440.92000000004,92146.97333333334,69246.96,56492.885026391006,50699.55,156494.41,3,1,0,649972.28,5416.435666666667,3732.805,4770.100706200762,111.81,17681.57,120,142,0.2394366197183098,0.2183098591549295,0.3450704225352112,0.1971830985915492,23036.743333333336,54164.35666666667,-33928.21166666666,0.0621453107287202,0.1000040267004853,0.0377594627594627,61316.00711133689,14783.562578777288,HIGHLY_VARIABLE
2150271.45,24160.35337078652,20400.87,13541.852877611416,5375.72,49836.23,89,1,0,619791.25,4625.307835820896,2875.17,4401.444324415379,138.45,17806.37,134,246,0.2520325203252032,0.3333333333333333,0.3211382113821138,0.0934959349593495,179189.2875,51649.270833333336,126053.37833333334,0.6478078080656372,0.3419952160242926,0.0201304782058136,84477.76145976709,18785.7262669654,HIGHLY_VARIABLE
190329.09,845.9070666666667,857.1,213.0817284189332,502.54,1199.36,225,1,0,599685.95,4875.495528455284,3181.6,4366.386825613802,167.57,17623.12,123,365,0.7150684931506849,0.0684931506849315,0.1397260273972602,0.0767123287671232,15860.7575,49973.82916666666,-37919.075,-2.4533647811423185,3.232773135579732,0.0152152152152152,2690.3720643675933,16961.118901726364,MODERATELY_VARIABLE
202732.8,855.412658227848,835.13,209.7463836562789,501.38,1198.73,237,1,0,535773.61,4618.73801724138,2980.755,4371.061005457563,152.57,17705.84,116,369,0.7317073170731707,0.089430894308943,0.1056910569105691,0.073170731707317,16894.399999999998,44647.800833333335,-32103.38,-1.959757091526365,2.7116239321306304,0.0183743686868686,2370.6290443409166,21043.131494485515,MODERATELY_VARIABLE
634982.27,22677.93821428572,24414.81,10875.16677711199,5724.83,38576.73,28,3,1,588519.5,4670.789682539683,3158.3500000000004,4504.979178817488,168.19,17632.33,126,173,0.1907514450867052,0.2658959537572254,0.4046242774566474,0.1387283236994219,52915.18916666667,49043.29166666666,2913.504166666669,-0.266453710854917,1.2371472432114767,0.0657520294033452,30017.00071877282,21850.209041056976,HIGHLY_VARIABLE
698786.09,22541.48677419355,24253.0,8706.311513267598,6826.13,36774.01,31,3,1,481293.65,3850.3492,2638.78,3498.119648008977,118.49,17831.71,125,176,0.1818181818181818,0.2386363636363636,0.4090909090909091,0.1704545454545454,58232.17416666666,40107.80416666667,16544.785,0.0410304238441906,0.9103497485671171,0.0828796848146693,32060.23266841719,19259.528051050216,MODERATELY_VARIABLE
486168.13,121542.0325,117059.065,43450.18180652901,73202.95,178847.05,4,1,0,497758.0,4014.177419354839,2443.1800000000003,3777.59716965668,158.77,17123.06,124,142,0.2394366197183098,0.2323943661971831,0.3169014084507042,0.2112676056338028,40514.01083333333,41479.833333333336,-2821.4850000000006,0.177253831923341,0.0727461680766589,0.0246888528138528,75302.60657183189,11344.536602068803,MODERATELY_VARIABLE
784390.28,32682.928333333333,30676.85,15952.322209667444,8388.26,58681.41,24,1,0,567487.4,4468.404724409449,2819.49,4350.403301795084,141.97,17838.87,127,168,0.1726190476190476,0.1666666666666666,0.4464285714285714,0.2142857142857142,65365.85666666667,47290.61666666667,16986.47666666667,-0.1738026034758779,1.0763279013873928,0.0264860139860139,55933.37061084836,18472.041280741665,HIGHLY_VARIABLE
477335.9,21697.086363636365,19854.55,9285.145104112496,5363.59,39730.77,22,3,1,565469.4400000001,4383.4840310077525,2893.63,4097.084277695146,159.53,17619.15,129,168,0.2023809523809523,0.2797619047619047,0.3273809523809524,0.1904761904761904,39777.99166666666,47122.45333333334,-8595.603333333334,-0.1193903148409081,0.841682536183563,0.0527332144979203,33576.34944550942,14343.192427623087,HIGHLY_VARIABLE
196173.92,849.237748917749,847.95,205.20431783987385,503.68,1197.69,231,1,0,527889.92,4291.787967479675,2741.14,4196.641403333783,140.95,17965.41,123,372,0.7204301075268817,0.0618279569892473,0.1290322580645161,0.0887096774193548,16347.826666666666,43990.82666666667,-28655.2,-1.798081168628318,2.731522690351451,0.0082723789620341,2811.309214616542,11967.86828975466,MODERATELY_VARIABLE
616398.72,22829.58222222222,22720.71,9873.69770134672,5941.48,39908.61,27,3,1,485441.44,3979.028196721312,2911.74,3401.364768841431,257.1,17512.96,122,169,0.1538461538461538,0.3254437869822485,0.2899408284023668,0.2307692307692307,51366.56,40453.45333333333,10444.695833333331,0.1160740208980505,0.6240954241863024,0.0641690009337068,46633.70725633689,14171.280303471223,HIGHLY_VARIABLE
206412.63,863.6511715481172,878.07,202.25528103825968,503.19,1198.81,239,1,0,483727.34,4280.772920353983,2664.76,3774.255431137965,148.91,16711.09,113,370,0.727027027027027,0.0756756756756756,0.1405405405405405,0.0567567567567567,17201.0525,40310.61166666667,-25759.65166666667,-1.5220086874131085,2.355918064060869,0.0137923219819771,1997.8556842735395,13768.360901141055,MODERATELY_VARIABLE
951652.08,31721.736,31901.36,16183.828481147808,9681.11,55977.9,30,1,0,545419.16,4507.596363636364,2964.04,4245.655907987795,163.14,17782.72,121,165,0.1515151515151515,0.1818181818181818,0.4969696969696969,0.1696969696969697,79304.34,45451.59666666667,32506.73,0.1426702918600572,0.8420711435335136,0.0097222222222222,47410.418749479926,18865.952954829085,HIGHLY_VARIABLE
481198.16,96239.632,81230.04,22745.32692239265,78509.04,127259.9,5,1,0,543818.26,3829.706056338028,2404.63,3934.6259733409615,124.74,17840.83,142,161,0.1801242236024844,0.2546583850931677,0.3602484472049689,0.2049689440993788,40099.846666666665,45318.18833333333,-7874.439166666668,0.1752052259517683,0.0722585569969043,0.0142045454545454,93809.26318008135,16592.57075756871,MODERATELY_VARIABLE
207576.69,872.1709663865546,906.185,207.6793975800944,501.26,1194.56,238,1,0,586817.01,4132.514154929578,2884.6,3673.034757420847,118.37,15309.1,142,397,0.690176322418136,0.0806045340050377,0.1309823677581864,0.0982367758186398,17298.0575,48901.4175,-33955.025,-2.017860629368235,2.8971882595601497,0.0073914046874198,2131.4566023267453,17443.876674815834,MODERATELY_VARIABLE
447896.31,34453.56230769231,33430.91,4241.781613208365,29476.41,39920.06,13,1,0,491510.02,3870.157637795276,2499.71,3699.871050596921,105.22,17918.59,127,152,0.2631578947368421,0.2368421052631578,0.3552631578947368,0.1447368421052631,37324.6925,40959.168333333335,-4597.880833333333,-0.0294387070136431,0.7608807645134873,0.1039415445665445,29484.753779957697,14352.509712114546,STABLE
705122.82,23504.094,24706.255,9561.977871489373,6229.5,38413.1,30,3,1,465840.29,3981.54094017094,2578.72,3982.718203915292,116.94,17874.84,117,167,0.1916167664670658,0.2634730538922156,0.3413173652694611,0.2035928143712574,58760.23499999999,38820.02416666666,18410.671666666665,-0.1234254492523617,1.0655450560859416,0.0929751535014692,28620.919114700155,10229.694288251289,HIGHLY_VARIABLE
620929.71,103488.285,94647.33,49812.92641197854,52377.24,170521.99,6,1,0,648480.15,4503.334375,2886.77,3889.011827159929,112.68,16323.7,144,165,0.2181818181818181,0.2242424242424242,0.3696969696969697,0.1878787878787878,51744.1425,54040.0125,-3726.749999999999,0.1443173768223976,0.181520873844442,0.011039886039886,85127.26258891418,18720.3542136895,HIGHLY_VARIABLE
381126.38,95281.595,77399.12,44589.44321873919,65158.78,161169.36,4,1,0,629657.22,4734.264812030075,3457.58,3789.545301377637,140.01,15773.96,133,155,0.2,0.2258064516129032,0.3419354838709677,0.232258064516129,31760.531666666662,52471.435,-23209.26,0.1220066126541096,0.0446600540125569,0.0256069466595782,75228.06342238004,22731.09944194057,HIGHLY_VARIABLE
467577.07,33398.36214285714,33708.72,4061.1721907411033,28011.59,39277.21,14,1,0,587147.92,4551.534263565892,2960.01,3908.724697067681,193.93,17057.21,129,164,0.2073170731707317,0.1890243902439024,0.4146341463414634,0.1890243902439024,38964.755833333336,48928.99333333334,-11276.669999999998,-0.0567972405740812,0.792115303068892,0.1201911854485383,28887.719866392254,15367.663540866544,STABLE
2135789.99,25426.071309523813,25325.8,12629.617848630947,5042.95,49348.67,84,1,0,545093.28,4360.74624,3066.66,3862.653110338271,157.18,16454.22,125,227,0.2819383259911894,0.2511013215859031,0.3259911894273127,0.1409691629955947,177982.49916666668,45424.44,131093.87416666668,0.6461492782755122,0.3433246403201826,0.0146241830065359,85256.35248377816,18991.36941130748,HIGHLY_VARIABLE
743012.36,23968.14064516129,25942.71,9425.550739108365,6024.78,39493.99,31,3,1,525796.33,4418.456554621848,3097.3,4005.631829170456,118.84,16081.84,119,158,0.2088607594936709,0.310126582278481,0.3227848101265823,0.1582278481012658,61917.69666666666,43816.36083333333,16671.17,0.2382369387759492,0.646829959668434,0.0839473026973027,30046.9949984869,12652.280653476497,MODERATELY_VARIABLE
187293.27,832.4145333333333,817.71,194.5577438932242,508.63,1199.43,225,1,0,490064.01,3984.260243902439,2004.16,4119.2376034814,190.65,16670.71,123,369,0.7127371273712737,0.040650406504065,0.1436314363143631,0.1029810298102981,15607.7725,40838.6675,-27925.88333333333,-1.8383756215523672,2.643906081814328,0.0205319309607639,2210.6084341693027,16360.742667741486,MODERATELY_VARIABLE
382640.56,34785.505454545455,34944.36,3236.568781562856,29570.4,38757.74,11,1,0,527157.99,4118.421796875,2806.4700000000003,3704.890979236428,213.99,16849.59,128,154,0.1818181818181818,0.2272727272727272,0.3116883116883117,0.2792207792207792,31886.713333333333,43929.8325,-14445.561666666668,0.0211302812912193,0.7288697187087806,0.0955912823559882,22244.445644712112,15868.162479905322,STABLE
611036.61,152759.1525,166275.775,33318.049263752306,103193.64,175291.42,4,1,0,492959.13,3912.374047619048,2813.325,3523.921631182891,113.43,15487.83,126,150,0.1666666666666666,0.2,0.38,0.2533333333333333,50919.717500000006,41079.9275,6369.318333333337,0.2019895846895966,0.0461533934436172,0.0527152585976115,95332.6531584072,18707.39773495945,MODERATELY_VARIABLE
609072.6799999999,21002.50620689655,21149.31,7975.918487878019,8101.99,34606.0,29,3,1,511539.55,3996.402734375,2633.41,3927.8265748717617,100.13,16902.66,128,175,0.1771428571428571,0.28,0.3771428571428571,0.1657142857142857,50756.05666666667,42628.29583333333,7028.291666666668,0.0385809638667432,0.7649529683804285,0.0532901064550681,41168.02300714726,18609.502393025625,MODERATELY_VARIABLE
388600.58,97150.145,94480.605,48103.25266000384,50437.34,149202.03,4,1,0,453730.99,3845.177881355932,2655.76,3574.4562430011174,121.51,16817.77,118,135,0.1851851851851851,0.2222222222222222,0.3703703703703703,0.2222222222222222,32383.381666666668,37810.91583333333,-7169.158333333333,0.1379416014418544,0.1862506933006842,0.0212710084033613,54028.75542916733,17277.083098191324,HIGHLY_VARIABLE
292849.12,97616.37333333334,84171.66,58471.18708809094,47038.56,161638.9,3,1,0,453733.63,4015.34185840708,2778.78,3479.337854666754,217.31,14658.28,113,126,0.238095238095238,0.2142857142857142,0.2539682539682539,0.2936507936507936,24404.09333333333,37811.13583333333,-15538.620000000004,0.1033747974342263,0.046801502527036,0.028792735042735,71024.1573994515,12666.42936387826,HIGHLY_VARIABLE
1034777.4,33379.91612903226,31841.32,13473.64944151996,10498.87,59906.24,31,1,0,462530.76,3854.423,2518.66,3551.861230869285,159.74,17051.9,120,164,0.1646341463414634,0.2073170731707317,0.4695121951219512,0.1585365853658536,86231.45,38544.23,44912.78833333334,-0.0529810939409775,0.9223051174209916,0.0184523809523809,55432.08993584033,12367.316223998714,HIGHLY_VARIABLE
194497.99,845.6434347826087,824.5550000000001,213.15318582422225,500.62,1197.23,230,1,0,539407.9,4650.068103448276,2742.0,4551.334054608778,248.0,17728.35,116,364,0.7335164835164835,0.0769230769230769,0.1263736263736263,0.0631868131868131,16208.165833333333,44950.65833333333,-30753.0975,-1.939483203669652,2.815414464514022,0.0082158389450056,1544.8957745748562,19488.68196026832,MODERATELY_VARIABLE
186155.96,93077.98,93077.98,25555.984585067345,75007.17,111148.79,2,1,0,558364.14,4017.008201438849,2807.87,3975.470576471264,152.11,17628.29,139,153,0.2549019607843137,0.2549019607843137,0.2875816993464052,0.2026143790849673,15512.996666666666,46530.345,-31149.45166666667,0.063929494016808,0.1027371726498586,0.0052083333333333,37040.87703030122,7593.984239884166,MODERATELY_VARIABLE
549484.13,109896.826,105131.92,48248.4247740818,44540.33,173731.76,5,1,0,531013.52,4116.3838759689925,2916.81,3618.503904466966,152.41,14600.35,129,152,0.1973684210526315,0.2171052631578947,0.3881578947368421,0.1973684210526315,45790.34416666667,44251.12666666667,-691.694166666668,0.1978333220567802,0.0488652838514602,0.0251157407407407,85800.0364929604,17009.9236731783,HIGHLY_VARIABLE
197804.96,838.1566101694915,832.5550000000001,203.6922969400549,502.38,1193.51,236,1,0,536403.23,4291.22584,2843.17,3812.502699853551,314.89,17637.64,125,383,0.6971279373368147,0.0913838120104438,0.1201044386422976,0.0913838120104438,16483.74666666667,44700.269166666665,-29805.78,-1.875448447490123,2.7695775199631583,0.0104937165428784,2366.018137847688,11754.54169700798,MODERATELY_VARIABLE
957635.81,136805.11571428573,139360.85,37128.858652756826,71922.44,174756.5,7,1,0,516345.76,4197.933008130081,2427.51,4039.940967619135,128.68,17946.63,123,151,0.1721854304635761,0.2317880794701986,0.4503311258278146,0.1456953642384106,79802.98416666668,43028.81333333333,35408.204999999994,0.2162499639803418,0.0337500360196581,0.0198412698412698,144922.47231860034,11086.52693551488,MODERATELY_VARIABLE
2467601.27,25439.188350515466,24514.62,12653.281324205052,5200.87,49820.44,97,1,0,573209.6,4409.304615384615,3212.4,3645.6153999061385,105.13,17327.49,130,245,0.236734693877551,0.2897959183673469,0.3551020408163265,0.1183673469387755,205633.43916666668,47767.46666666667,156949.43333333332,0.739630045748379,0.2538841330454918,0.0139615342704587,90753.43555767836,16635.285590986372,HIGHLY_VARIABLE
201826.08,844.4605857740585,850.55,188.41521783619407,502.02,1199.35,239,1,0,463480.47,4175.49972972973,2505.36,4031.635824049466,123.19,16949.99,111,367,0.7275204359673024,0.0790190735694822,0.1144414168937329,0.0790190735694822,16818.84,38623.3725,-25241.58,-1.5594410752163357,2.3496625788871084,0.0190267872559539,2077.149855267155,15175.794264269618,MODERATELY_VARIABLE
469137.05,33509.78928571429,33886.47,3110.1169973329697,28338.32,38985.4,14,1,0,572741.13,4372.0696946564885,3054.25,4053.594166186148,113.29,16988.15,131,160,0.225,0.16875,0.4,0.20625,39094.754166666666,47728.4275,-11410.016666666665,-0.1617781154827902,0.9500303247947052,0.1167328042328042,24864.96061770037,18964.98405457812,STABLE
562758.19,35172.386875,34706.055,14375.54330678634,10745.94,57674.97,16,1,0,683520.9,5025.888970588236,3208.87,4449.599121341704,127.33,17773.55,136,171,0.175438596491228,0.1578947368421052,0.4678362573099415,0.1988304093567251,46896.51583333333,56960.075,-10838.040833333334,0.011020720242779,0.6528642482299865,0.0111111111111111,44444.26273766001,17513.689685317335,HIGHLY_VARIABLE
457581.4,35198.56923076923,35355.39,2592.3290539669206,30417.99,39256.6,13,1,0,576160.59,4299.705895522387,3240.895,3662.819788074906,139.93,17637.34,134,164,0.1768292682926829,0.1951219512195122,0.3841463414634146,0.2439024390243902,38131.78333333333,48013.3825,-12269.855,-0.2077620267972124,1.0124835227346287,0.1099531595855125,23893.35254678412,18974.38992408457,STABLE
72919.98,72919.98,72919.98,0.0,72919.98,72919.98,1,1,0,566150.23,4256.768646616541,2604.5,4078.376267607183,134.42,17168.35,133,152,0.2236842105263158,0.2236842105263158,0.375,0.1776315789473684,6076.665,47179.18583333333,-45066.10333333333,0.0153896206956355,0.0620431236176056,0.0467487373737373,21050.18504115106,19855.29407009556,STABLE
463685.87,20160.255217391303,18920.65,9080.93883572161,5519.7,36629.82,23,3,1,556481.75,4247.952290076336,3028.22,3964.728151647604,112.33,14988.76,131,173,0.1849710982658959,0.2774566473988439,0.3410404624277456,0.1965317919075144,38640.489166666666,46373.47916666666,-8455.271666666666,-0.5337505141871163,1.5164147694768275,0.0558695507708665,17066.66852730542,15727.193770754617,HIGHLY_VARIABLE
2272132.64,26420.14697674419,27125.965,13485.52104992794,5305.78,49175.38,86,1,0,563086.57,4110.120948905109,2602.63,3990.4106615225055,188.14,17015.85,137,241,0.2821576763485477,0.2697095435684647,0.3029045643153527,0.1452282157676348,189344.3866666667,46923.880833333336,138736.7075,0.6960038589039295,0.2850996840897906,0.0236900780379041,66365.64790875312,21845.191830437805,HIGHLY_VARIABLE
2617866.34,25919.468712871287,25032.9,13047.052580986532,5108.71,49145.77,101,1,0,629587.73,4529.408129496403,3391.66,3959.1038607759415,132.84,17390.42,139,262,0.2748091603053435,0.2099236641221374,0.3854961832061068,0.1297709923664122,218155.5283333333,52465.644166666665,162920.77583333335,0.6900326823119739,0.2996579109663669,0.0200036597862684,91426.13762406108,11639.68088656406,HIGHLY_VARIABLE
2541186.59,27324.58698924731,28088.85,12960.323028323855,5481.08,49782.69,93,1,0,536640.98,4293.12784,2757.86,3886.5869725121215,208.16,17804.61,125,236,0.2669491525423729,0.3135593220338983,0.3177966101694915,0.1016949152542373,211765.54916666663,44720.081666666665,166364.85333333333,0.7659985855421884,0.230598485332749,0.0114087301587301,64938.70325195172,14734.206405703966,HIGHLY_VARIABLE
906995.27,30233.175666666662,30167.230000000003,12979.539420653353,8193.93,51168.46,30,1,0,662297.8,5134.091472868217,3739.33,4165.579744879288,125.26,16581.23,129,178,0.1741573033707865,0.146067415730337,0.4606741573033708,0.2191011235955056,75582.93916666666,55191.48333333334,17803.326666666668,-0.492177510232181,1.4156845501578763,0.0231926638176638,64972.91792692825,22285.725503215293,HIGHLY_VARIABLE
194149.78,859.0698230088495,863.25,192.17231619556583,502.27,1197.05,226,1,0,473936.93,3853.145772357724,2690.83,3505.3126713106253,246.3,16262.22,123,363,0.71900826446281,0.0743801652892562,0.1349862258953168,0.071625344352617,16179.148333333333,39494.74416666666,-26672.536666666667,-1.6611637706774047,2.4582451048729874,0.0183231698856698,2222.485719470772,12178.724369566084,MODERATELY_VARIABLE
869330.98,36222.12416666667,36670.44,11728.241100047477,13447.09,57948.15,24,1,0,492914.08,3762.702900763359,2269.38,3852.278176421261,164.97,17998.37,131,170,0.2058823529411764,0.2058823529411764,0.4470588235294118,0.1411764705882353,72444.24833333334,41076.17333333333,29426.365,0.2818675198347107,0.6136642855570716,0.0194221628045157,49494.275916482926,16224.827422018354,MODERATELY_VARIABLE
589114.73,117822.946,113811.42,35222.9231652532,80203.2,162362.69,5,1,0,512702.59,4308.425126050421,2728.54,4072.91993538552,115.91,17426.12,119,139,0.158273381294964,0.2517985611510791,0.39568345323741,0.1942446043165467,49092.894166666665,42725.215833333335,5347.074166666669,0.1623916700182759,0.0859756292751243,0.013235294117647,93922.89385460169,15349.933013205602,MODERATELY_VARIABLE
729828.16,25166.48827586207,28009.37,10671.024278974906,5002.15,39483.81,29,3,1,543557.1,4383.525,2576.565,4118.246420976256,102.12,17949.71,124,164,0.1951219512195122,0.274390243902439,0.3231707317073171,0.2073170731707317,60819.013333333336,45296.425,13768.88833333333,-0.4767114823214751,1.3612867639804127,0.117598977389999,36436.19058925701,16115.54289024306,HIGHLY_VARIABLE
638312.13,23641.19,24285.91,8938.488869918756,8090.66,37786.04,27,3,1,658929.79,4991.892348484849,3457.58,3972.090286846185,101.26,17670.63,132,176,0.1363636363636363,0.2215909090909091,0.4488636363636363,0.1931818181818181,53192.6775,54910.81583333333,-5450.859166666666,-0.4110955802191592,1.3022702039234295,0.077579365079365,26469.82964689632,17693.351613823997,MODERATELY_VARIABLE
2014907.55,27984.827083333334,27894.785,12571.77922958619,5591.56,49377.89,72,1,0,520785.43,4304.011818181818,3230.02,3925.536877585877,104.94,17245.14,121,220,0.2363636363636363,0.2863636363636364,0.3681818181818181,0.109090909090909,167908.9625,43398.785833333335,121166.9275,0.478070562266691,0.4500260175634513,0.0273674242424242,90052.15109048312,17621.93014224629,HIGHLY_VARIABLE
726848.76,27955.721538461537,26727.08,11975.12560447186,9010.13,51531.76,26,1,0,446995.79,3886.919913043478,2817.03,3674.047564046539,124.2,15148.64,115,162,0.2407407407407407,0.1666666666666666,0.4382716049382716,0.1543209876543209,60570.73,37249.64916666666,21109.6275,0.2169858386537027,0.6825570908560353,0.037256335282651,46571.11646191251,16901.518535783303,HIGHLY_VARIABLE
626310.72,24088.873846153845,25848.57,8570.31242805212,5468.05,39531.25,26,3,1,545958.04,4549.650333333334,2987.99,4344.238190992819,108.49,17010.46,120,160,0.15625,0.28125,0.35625,0.20625,52192.56,45496.50333333333,3243.5041666666643,-0.4959372850698942,1.2791372501332454,0.0983839077589077,47702.63634508207,23848.69885225696,MODERATELY_VARIABLE
2452296.59,26655.397717391304,27153.695,12864.515150598923,5879.56,49611.97,92,1,0,558952.38,4299.633692307692,2727.05,4221.492803856914,102.75,17900.11,130,238,0.2647058823529412,0.2521008403361344,0.3235294117647059,0.1596638655462184,204358.04916666663,46579.365,157039.4775,0.7468797976404562,0.2489679948566281,0.0084175084175084,62640.53215043922,21160.598949555668,HIGHLY_VARIABLE
624898.27,34716.570555555554,34335.44500000001,2993.940675335617,30128.78,39451.83,18,1,0,568055.48,4544.44384,3024.8,4446.2193573960685,101.56,17354.19,125,162,0.2098765432098765,0.1234567901234567,0.4382716049382716,0.228395061728395,52074.855833333335,47337.956666666665,2292.7475,-0.0595616691032932,0.9307782266854248,0.1432526351643998,31232.73455167699,20901.710509595898,STABLE
815324.48,33971.85333333333,33995.375,16382.784785766316,8054.72,58923.9,24,1,0,484568.25,3785.689453125,2423.225,3635.9580483987215,127.77,15732.31,128,173,0.1791907514450867,0.1849710982658959,0.4393063583815029,0.1965317919075144,67943.70666666667,40380.6875,24908.41916666667,-0.0736229103207523,0.8619559252665226,0.0305964052287581,62360.00896579988,19700.17959343293,HIGHLY_VARIABLE
393658.74,98414.685,97516.505,24879.56736444386,68888.32,129737.41,4,1,0,551985.44,4119.294328358209,2917.535,3891.4115171456233,139.96,17448.34,134,148,0.25,0.2297297297297297,0.277027027027027,0.2432432432432432,32804.895,45998.78666666666,-13449.6725,0.0850297816943842,0.0816368849722823,0.0052083333333333,94053.89784966454,22233.314713943186,MODERATELY_VARIABLE
209206.61,846.9903238866397,840.14,205.11506748566947,505.39,1184.22,247,1,0,531805.35,3939.298888888889,2594.5,3787.477838036076,114.91,17758.08,135,396,0.6994949494949495,0.0858585858585858,0.1085858585858585,0.106060606060606,17433.884166666667,44317.1125,-29271.121666666662,-1.69765332972628,2.5697502580666245,0.0097464626876391,2059.875536864295,8365.71230235018,MODERATELY_VARIABLE
417126.09,21954.004736842104,23184.74,9104.826890624412,6905.99,37174.11,19,3,1,532999.78,4099.998307692308,3063.2650000000003,3565.041098266022,111.35,16345.91,130,164,0.1036585365853658,0.298780487804878,0.3719512195121951,0.2256097560975609,34760.5075,44416.64833333334,-11488.663333333336,-0.5888135131855223,1.329969061371601,0.0407154528478057,27128.031546660408,12644.288849766295,HIGHLY_VARIABLE
329599.9,109866.63333333336,113064.89,41639.21742551646,66720.51,149814.5,3,1,0,444240.49,3931.331769911504,2486.18,3988.429061630798,105.32,17929.93,113,138,0.181159420289855,0.1739130434782608,0.4130434782608695,0.2318840579710145,27466.658333333336,37020.04083333333,-12048.707500000002,0.146933808175435,0.1030661918245649,0.0341880341880341,52765.92596779011,19129.03256355612,MODERATELY_VARIABLE
162146.24,162146.24,162146.24,0.0,162146.24,162146.24,1,1,0,573023.42,4476.74546875,2938.84,4229.866250188815,127.39,17521.56,128,146,0.2465753424657534,0.2191780821917808,0.3493150684931507,0.184931506849315,13512.186666666666,47751.95166666667,-36378.95416666667,0.0558514955388419,0.0225634844611054,0.0278749028749028,46807.58765604283,16462.682532309707,STABLE
2479100.3,29868.67831325301,31936.71,13287.119896326049,5992.51,49606.04,83,1,0,484522.78,4004.320495867768,2411.93,3808.991676343809,271.05,17672.79,121,224,0.2544642857142857,0.2544642857142857,0.3616071428571428,0.1294642857142857,206591.69166666665,40376.89833333333,163032.90833333333,0.766638271154747,0.2160027393120723,0.0306508220594907,72237.55083108757,14474.492048498052,HIGHLY_VARIABLE
2517088.21,25684.57357142857,23915.57,12711.989498373789,5513.01,49015.54,98,1,0,481974.02,3492.565362318841,2274.735,3258.492375623628,201.14,16411.06,138,250,0.284,0.256,0.348,0.112,209757.35083333333,40164.50166666667,168545.45833333334,0.7468627234725931,0.2479130207480494,0.0069444444444444,70039.63084729914,17212.454328877327,HIGHLY_VARIABLE
2537564.57,26995.36776595745,26691.79,12947.09223790906,5454.48,49142.0,94,1,0,528663.16,4066.6396923076927,2527.2200000000003,4060.6818202129134,165.1,16447.13,130,239,0.2552301255230125,0.2384937238493724,0.3556485355648535,0.1506276150627615,211463.71416666664,44055.263333333336,166513.29083333333,0.7545679457032929,0.2406069017967708,0.0156137470112061,79052.15493626245,13259.452140537562,HIGHLY_VARIABLE
2686346.46,29520.290769230767,30416.38,13405.144678414932,5459.68,49874.7,91,1,0,409368.64,3590.9529824561405,2327.24,3618.148948106346,129.67,17664.0,114,219,0.2602739726027397,0.3105022831050228,0.3013698630136986,0.1278538812785388,223862.205,34114.05333333334,188196.6416666667,0.8284542497536839,0.1646246255193826,0.0084175084175084,53885.59885931954,11843.472812823053,HIGHLY_VARIABLE
511394.32,22234.535652173912,25882.65,11437.755176228193,5010.91,39076.14,23,3,1,625063.92,4252.135510204082,2757.56,4036.161032882165,131.92,14864.65,147,189,0.2486772486772486,0.2433862433862433,0.3174603174603174,0.1904761904761904,42616.193333333336,52088.66,-10946.8,-0.9037008859323944,1.720991769096327,0.0669773391812865,32629.30621458411,17876.707159261234,HIGHLY_VARIABLE
195646.01,865.6903097345133,869.02,194.2105881731743,500.46,1195.38,226,1,0,459648.97,4032.0085087719294,2962.375,3570.0972239747584,136.37,16568.71,114,358,0.7067039106145251,0.0614525139664804,0.1173184357541899,0.1145251396648044,16303.834166666667,38304.08083333333,-25195.696666666667,-1.5807596631573615,2.3633431890308763,0.0198191807855391,1957.4876689427392,14426.081932662772,MODERATELY_VARIABLE
376208.61,75241.722,53438.52,36655.23644412924,41315.32,115405.96,5,1,0,551558.15,4275.644573643411,2648.37,4004.816840966133,113.18,16135.23,129,149,0.2885906040268456,0.2013422818791946,0.3221476510067114,0.1879194630872483,31350.7175,45963.17916666667,-15810.9275,0.0081978046140572,0.1579059439362148,0.0217089197352355,96326.1795343626,16028.630942705708,HIGHLY_VARIABLE
311708.91000000003,155854.45500000002,155854.45500000002,3988.004464146197,153034.51,158674.4,2,1,0,537296.95,4133.053461538461,2677.195,3963.0090812540266,120.9,15952.33,130,157,0.197452229299363,0.1910828025477707,0.3503184713375796,0.2611464968152866,25975.742500000004,44774.74583333333,-22130.755833333333,0.0779067747226519,0.0846742559918174,0.0505095122742181,60678.17945760645,20247.479816663363,STABLE
817872.88,102234.11,100658.23,54963.55834448962,40108.33,162495.43,8,1,0,479428.24,3995.235333333333,2907.455,3861.7022152548334,120.7,17981.24,120,143,0.1888111888111888,0.1888111888111888,0.3286713286713286,0.2937062937062937,68156.07333333333,39952.35333333333,24729.615,0.2549188585809152,0.0761679945374121,0.0378968253968253,111899.4012388852,17460.75541458113,HIGHLY_VARIABLE
514661.22,34310.748,34059.33,3403.5507264204466,29528.28,39723.12,15,1,0,524061.88,4331.089917355372,2714.83,4212.1793258247935,262.83,17995.45,121,146,0.2260273972602739,0.1780821917808219,0.3356164383561644,0.2602739726027397,42888.435,43671.82333333333,-2483.5725,-0.0186328267274408,0.7454431581091131,0.1206333151282841,36652.58089458827,19018.376286641746,STABLE
202561.41,844.0058750000001,841.13,198.2452109982736,502.0,1196.17,240,1,0,507517.87,4375.154051724138,3040.565,3985.460384977413,162.67,17968.2,116,373,0.7345844504021448,0.0723860589812332,0.1260053619302949,0.067024128686327,16880.1175,42293.15583333333,-28277.721666666665,-1.7001321929570845,2.5164565061982835,0.0134060587137104,1610.4890781042832,8455.436190312399,MODERATELY_VARIABLE
791656.89,21990.469166666662,23856.055,10847.634656899798,6194.73,38517.95,36,3,1,641416.61,4517.01838028169,2886.0550000000003,4182.773555136404,147.91,16463.5,142,190,0.1473684210526315,0.2684210526315789,0.3684210526315789,0.2157894736842105,65971.4075,53451.38416666666,10645.1075,-0.1058928111444155,1.0777948240638369,0.083020683020683,28131.940140349736,16918.4383090883,HIGHLY_VARIABLE
194329.4,856.0766519823788,854.09,197.68849899241465,500.53,1194.21,227,1,0,528322.0,4594.104347826087,2899.07,4229.084477293039,105.09,17309.01,115,356,0.7247191011235955,0.0758426966292134,0.1095505617977528,0.0898876404494382,16194.116666666669,44026.833333333336,-29700.7975,-1.8779336059379728,2.7714038634278544,0.0052083333333333,1722.8021082755815,15005.252134433904,MODERATELY_VARIABLE
249054.27,83018.09,85019.12,38837.78623449977,43218.47,120816.68,3,1,0,501040.39,4433.985752212389,3124.08,4021.46655676042,112.0,17476.36,113,133,0.2030075187969924,0.18796992481203,0.3684210526315789,0.2406015037593984,20754.5225,41753.36583333334,-21821.675000000003,0.0819228461376926,0.084743820528974,0.0204725829725829,51316.11367579727,13844.817853890616,HIGHLY_VARIABLE
198769.63,853.0885407725322,837.36,195.47407130843715,503.94,1199.98,233,1,0,542928.63,3744.3353793103447,2530.14,3496.584703942872,114.22,16710.73,145,393,0.6743002544529262,0.094147582697201,0.1348600508905852,0.0966921119592875,16564.135833333334,45244.0525,-30710.85583333333,-1.87494597326686,2.749664470180804,0.010474537037037,2211.4604778391804,12232.405868549717,MODERATELY_VARIABLE
2157597.26,30388.693802816902,32719.71,12475.250475260593,6362.65,49698.75,71,1,0,511344.09,4157.269024390244,2701.67,3935.0752394326287,107.54,17422.17,123,213,0.2394366197183098,0.2629107981220657,0.352112676056338,0.1455399061032863,179799.77166666664,42612.0075,134994.15166666664,0.7162826136982412,0.271610479105129,0.0211187691450849,61319.76754837838,12982.825720254168,HIGHLY_VARIABLE
466662.7,116665.675,107113.45,38212.578072864526,81409.93,171025.87,4,1,0,511589.71,3996.794609375,2638.62,4049.523314146249,104.58,17950.72,128,152,0.2236842105263158,0.1973684210526315,0.3684210526315789,0.2105263157894736,38888.55833333333,42632.47583333333,-5640.749166666666,0.1652670913946911,0.0832783493193379,0.034443171207877,72662.00417718326,17064.96987301363,MODERATELY_VARIABLE
200162.69,855.3961111111112,879.1949999999999,204.1599920028336,504.88,1198.43,234,1,0,549592.38,4361.844285714285,3261.94,3867.860590656789,168.77,16850.83,126,381,0.7007874015748031,0.0892388451443569,0.1364829396325459,0.0734908136482939,16680.224166666667,45799.365,-31279.11916666667,-1.911075410068637,2.781582096553173,0.0154488150933343,2477.200911400748,21905.482381482205,MODERATELY_VARIABLE
2585683.12,27803.04430107527,27629.51,12688.338786533264,5152.07,49772.41,93,1,0,546855.65,4174.470610687024,2541.02,3985.7121952623097,119.51,17705.57,131,236,0.2203389830508474,0.2966101694915254,0.3432203389830508,0.1398305084745762,215473.5933333333,45571.30416666667,168870.6683333333,0.7643294842678273,0.2307675371233578,0.0128565062388591,72829.68200692993,17841.75846538648,HIGHLY_VARIABLE
199639.32,875.611052631579,884.97,204.2191932342078,501.64,1196.65,228,1,0,516539.92,3743.0428985507247,2477.54,3432.448983273954,252.58,16552.34,138,384,0.7083333333333334,0.0807291666666666,0.1302083333333333,0.0807291666666666,16636.61,43044.99333333333,-29620.27083333333,-1.8280716592808288,2.652227724884164,0.0123129431952961,2510.781910292996,9742.305970348028,MODERATELY_VARIABLE
858855.4,33032.9,33137.75,16542.292136486525,8498.1,59192.77,26,1,0,526930.63,4249.440564516129,2521.66,4177.537943559017,142.36,17050.91,124,175,0.1771428571428571,0.1714285714285714,0.4742857142857143,0.1771428571428571,71571.28333333334,43910.88583333333,26521.689166666667,0.1033014430026266,0.7151524777301806,0.022762033288349,57240.53613512755,21694.270346131176,HIGHLY_VARIABLE
896849.92,32030.35428571429,34878.09,15456.300200548792,8711.9,58727.81,28,1,0,558043.92,4359.718125,2772.25,3959.267200265178,107.53,16778.27,128,176,0.1704545454545454,0.1590909090909091,0.4772727272727273,0.1931818181818181,74737.49333333333,46503.66,26534.7025,-0.3405712502267722,1.2908154009048631,0.0254629629629629,43960.635872354826,17443.888000879222,HIGHLY_VARIABLE
445868.44,34297.57230769231,35420.4,3293.1242866290213,28696.72,39559.64,13,1,0,619058.8099999999,4874.478818897637,3260.36,4241.455851163892,185.63,17597.86,127,155,0.2,0.232258064516129,0.3483870967741935,0.2193548387096774,37155.70333333333,51588.23416666667,-15993.95,-0.2418236803648313,1.032051034795076,0.1010371572871572,23189.00424045192,21314.03494459139,STABLE
2678730.81,28197.166421052632,29850.71,13910.39580019577,5029.68,49174.38,95,1,0,531051.05,4500.432627118645,2889.32,4288.897679729262,252.25,16881.92,118,230,0.3,0.2043478260869565,0.3521739130434783,0.1434782608695652,223227.5675,44254.25416666667,176272.58083333334,0.7637419213283797,0.2223957047324173,0.0221978557504873,85312.34432842712,16541.274384539072,HIGHLY_VARIABLE
879721.1,23150.55526315789,24170.59,8223.146517249997,7332.84,39774.88,38,3,1,504935.0,4390.739130434783,3252.94,3857.081007355303,138.02,17569.84,115,169,0.1715976331360946,0.2662721893491124,0.4260355029585799,0.136094674556213,73310.09166666666,42077.91666666666,29284.51166666667,0.2448759260708485,0.558645603586279,0.0760807561891153,55817.61380170467,17826.09744034359,MODERATELY_VARIABLE
464487.3,66355.32857142857,57929.09,19526.10730344157,45925.54,100527.49,7,1,0,590170.74,4371.635111111111,3177.91,3955.83978828276,113.76,17504.93,135,155,0.2451612903225806,0.2193548387096774,0.3354838709677419,0.2,38707.275,49180.895,-11511.324166666667,0.157034771399945,0.0929652286000549,0.0142857142857142,79500.05198751707,18675.71718751701,MODERATELY_VARIABLE
2695903.74,28082.330625,29282.545,13252.08354358512,5481.4,49127.96,96,1,0,531633.8,4357.6540983606565,3310.235,3737.551630840871,113.63,16845.67,122,237,0.2151898734177215,0.2953586497890295,0.3248945147679324,0.1645569620253164,224658.645,44302.81666666667,178173.37,0.7102356253057897,0.2807742696517095,0.0153809481898726,98344.47125182505,18823.233645659744,HIGHLY_VARIABLE
565046.12,113009.224,113320.32,17188.629438106167,95144.53,131442.47,5,1,0,507239.48,3901.842153846154,2251.48,3980.308193537609,106.79,17740.59,130,152,0.2302631578947368,0.1381578947368421,0.3684210526315789,0.2631578947368421,47087.176666666666,42269.956666666665,-1364.181666666671,0.1361488603309587,0.0254715536085715,0.0564247095497095,112779.4507178412,17061.050291579002,STABLE
572465.44,22898.6176,23534.71,10612.231792155486,5180.91,38349.22,25,3,1,650963.12,4649.736571428572,3126.615,4313.087198751684,211.05,17983.85,140,179,0.2011173184357542,0.2458100558659217,0.3184357541899441,0.2346368715083799,47705.45333333333,54246.926666666666,-9185.815000000002,-0.9637438192545158,1.9012274777876057,0.0739676989676989,27150.149553549032,18914.5778223966,HIGHLY_VARIABLE
195679.39,805.2649794238683,795.89,199.7755204735425,500.55,1198.62,243,1,0,533125.36,4334.352520325203,2648.17,4009.2878136110194,157.5,17941.43,123,379,0.712401055408971,0.1029023746701846,0.0897097625329815,0.0949868073878627,16306.615833333335,44427.113333333335,-31534.3025,-2.0224809858986075,2.7988647683701227,0.0152700651410661,2199.850796434152,18683.725272120137,MODERATELY_VARIABLE
199329.49,859.1788362068966,854.02,200.48411186615485,511.35,1199.27,232,1,0,570965.85,4880.05,3618.17,4297.229929260765,132.01,16600.88,117,370,0.7297297297297297,0.0567567567567567,0.1351351351351351,0.0783783783783783,16610.790833333333,47580.4875,-33151.596666666665,-2.0625615610061225,2.9284679580725625,0.0138140500762163,2365.732969406228,16059.767073663035,MODERATELY_VARIABLE
183640.52,91820.26,91820.26,50449.96165945224,56146.75,127493.77,2,1,0,529918.07,4415.983916666666,2959.475,4218.343278311737,139.48,17788.84,120,140,0.2714285714285714,0.2428571428571428,0.3142857142857143,0.1714285714285714,15303.376666666669,44159.839166666665,-30704.6725,0.0747975719084219,0.0085357614249113,0.0284090909090909,53012.45182806144,16360.819594030932,HIGHLY_VARIABLE
424214.5,35351.208333333336,34899.29,3253.167110686371,28384.97,39977.46,12,1,0,463726.38,3680.368095238095,2065.48,3870.5379161324254,134.81,16824.34,126,151,0.1986754966887417,0.23841059602649,0.3576158940397351,0.2052980132450331,35351.208333333336,38643.865,-6433.641666666667,0.0858220729419353,0.4562847484946489,0.1072661815308874,37536.21484827173,11762.11955640456,STABLE
1439261.28,35981.532,35063.72,14101.130524731116,13517.64,59435.43,40,1,0,551502.91,4308.616484375,3212.395,3429.327824062941,150.63,14556.03,128,183,0.1693989071038251,0.180327868852459,0.4699453551912568,0.180327868852459,119938.44,45958.575833333336,73408.93000000001,0.2609591368384396,0.7353064052816767,0.0085978835978835,64392.23436882431,8613.806079780463,MODERATELY_VARIABLE
687249.29,114541.54833333334,103454.375,26557.647628421764,97242.46,166486.33,6,1,0,553949.98,4261.153692307692,2906.36,3746.637920679637,196.89,17528.84,130,151,0.2119205298013245,0.2119205298013245,0.3377483443708609,0.23841059602649,57270.77416666667,46162.49833333333,9203.688333333334,0.2108026639668185,0.0334430404006418,0.0222006003256003,107782.19113125722,24060.99455916485,MODERATELY_VARIABLE
193858.91,846.5454585152838,836.1,200.13651598825248,505.15,1198.19,229,1,0,552911.69,4893.023805309734,3267.42,4200.434724848498,176.34,17626.37,113,355,0.7154929577464789,0.0845070422535211,0.1183098591549295,0.0816901408450704,16154.909166666666,46075.974166666674,-31510.66416666667,-2.053205486764384,2.9505619633087825,0.0106060606060606,1754.1389671882707,18793.34649571465,MODERATELY_VARIABLE
373654.22,93413.555,103113.855,32474.41880493476,46427.94,120998.57,4,1,0,607108.83,4497.102444444444,3349.23,4000.0890889786897,260.71,17070.15,135,152,0.2368421052631578,0.25,0.3289473684210526,0.1842105263157894,31137.851666666666,50592.4025,-21823.146666666664,0.109544040034414,0.0524920152792442,0.0250208855472013,74614.25983107444,20545.38315630552,MODERATELY_VARIABLE
626132.9,23190.10740740741,27722.2,10896.085191134049,6740.8,39649.97,27,3,1,450446.57,3632.6336290322574,2564.565,3411.534022469541,164.2,16698.35,124,167,0.1676646706586826,0.3053892215568862,0.311377245508982,0.2155688622754491,52177.74166666667,37537.214166666665,13276.490833333331,-0.4468361488293296,1.2891578141754616,0.0830816632770967,48746.14330645672,15497.31252824206,HIGHLY_VARIABLE
1515567.21,36084.93357142857,39699.72,15956.453657809388,10226.2,59855.3,42,1,0,557545.59,4724.962627118644,3418.665,4257.769644087565,125.83,17558.05,118,175,0.1314285714285714,0.1542857142857142,0.5085714285714286,0.2057142857142857,126297.2675,46462.1325,76454.61750000001,0.4888741210597981,0.4906676444317495,0.0221840659340659,100650.05079086458,27471.960391889872,HIGHLY_VARIABLE
1070909.75,34545.47580645161,34451.41,15541.769161740194,8481.97,59508.19,31,1,0,527284.07,3820.899057971014,2454.015,3781.7295663401455,123.62,16804.1,138,183,0.1857923497267759,0.1693989071038251,0.4316939890710382,0.2131147540983606,89242.47916666667,43940.339166666665,42003.239166666666,0.3858935049104515,0.4803921799571808,0.0223824786324786,54170.66119286015,16271.100337181457,HIGHLY_VARIABLE
1107020.27,36900.67566666667,36907.33500000001,16196.018230636237,8091.41,59638.19,30,1,0,642460.5,4758.966666666666,2969.38,4378.236109712908,128.9,16995.52,135,185,0.1945945945945946,0.2054054054054054,0.4378378378378378,0.1621621621621621,92251.68916666666,53538.375,35620.9925,0.0566414653856944,0.8926370651613174,0.0394833906347064,56304.333806955416,24019.93795917713,HIGHLY_VARIABLE
748799.3,31199.970833333336,30967.515,13537.90953690957,10048.6,58083.14,24,1,0,564593.86,4516.75088,2513.21,4359.944275123142,125.35,17577.61,125,170,0.2,0.1823529411764705,0.4470588235294118,0.1705882352941176,62399.94166666667,47049.488333333335,11263.605,-0.1720329417156044,1.0517127084418163,0.0405982905982906,39277.95636607935,14670.80749753793,HIGHLY_VARIABLE
793666.76,22676.193142857144,25824.46,11182.683448032438,5565.14,39789.55,35,3,1,548589.62,4285.85640625,2828.19,3868.537028260173,100.52,16799.57,128,185,0.1621621621621621,0.2648648648648649,0.3945945945945946,0.1783783783783784,66138.89666666667,45715.801666666666,17720.265,0.0579142745624722,0.8781317045548086,0.1174431351385685,34621.16454356321,14593.701703478946,HIGHLY_VARIABLE
498135.16,33209.01066666667,32414.28,2885.131080880696,29164.09,38064.81,15,1,0,561407.03,4221.105488721805,2676.42,4246.869103716195,178.25,17992.03,133,165,0.2363636363636363,0.2484848484848484,0.3696969696969697,0.1454545454545454,41511.263333333336,46783.91916666667,-6399.395833333333,-0.1507714864002196,0.9688325125093412,0.1104061447811447,28334.62421836973,20643.87709508757,STABLE
858845.82,34353.8328,34901.03,15161.187189932423,11179.45,59990.93,25,1,0,505408.65,4211.73875,2743.945,3939.5451065052143,146.51,17250.92,120,159,0.2264150943396226,0.1886792452830188,0.4276729559748428,0.1572327044025157,71570.485,42117.3875,29453.0975,-0.0025305707242928,1.0025305707242929,0.0,44802.726160082246,17627.093466835817,HIGHLY_VARIABLE
2332229.67,27118.94965116279,26402.27,14073.793612461795,5176.99,49988.27,86,1,0,534090.0,3956.222222222222,2798.39,3715.909133484421,109.55,16732.44,135,238,0.2941176470588235,0.2226890756302521,0.3445378151260504,0.1386554621848739,194352.4725,44507.5,148176.69833333333,0.7330837811729071,0.258885354128509,0.0095315904139433,67735.56946794914,19433.76678336493,HIGHLY_VARIABLE
714914.35,119152.39166666666,123115.18,59601.63929882479,45877.43,179380.41,6,1,0,453951.33,3847.0451694915255,2548.37,3812.989888388334,142.28,15729.48,118,142,0.2323943661971831,0.1690140845070422,0.4366197183098591,0.1619718309859155,59576.19583333333,37829.2775,20695.706666666665,0.1375878278088914,0.0290788388577752,0.01875,169917.09677266024,13587.28791880727,HIGHLY_VARIABLE
203042.18,886.6470742358078,928.64,196.20242611367885,504.37,1192.59,229,1,0,572836.31,4181.2869343065695,2670.53,3914.090138705245,183.4,17730.64,137,386,0.689119170984456,0.1010362694300518,0.1269430051813471,0.082901554404145,16920.181666666667,47736.35916666667,-31606.904166666664,-1.8911807086425447,2.8371802177668712,0.0078765500762163,2048.5476339052475,14934.79453932476,MODERATELY_VARIABLE
194943.64,874.186726457399,890.27,196.71999982952764,501.18,1199.85,223,1,0,628277.47,4986.329126984127,3759.945,4344.842796369419,203.27,17842.74,126,364,0.728021978021978,0.0604395604395604,0.1181318681318681,0.0934065934065934,16245.303333333335,52356.45583333333,-37476.48583333333,-2.334083458313505,3.2505332146295203,0.0052284427284427,2215.224080446011,20805.19130986279,MODERATELY_VARIABLE
197150.58,868.5047577092511,895.96,198.67503648074887,507.91,1199.11,227,1,0,533118.4,4100.91076923077,2770.55,3578.460774247835,104.5,16900.19,130,375,0.6933333333333334,0.0853333333333333,0.12,0.1013333333333333,16429.215,44426.53333333333,-30756.580833333337,-1.89842954809398,2.7340607659566127,0.012596386241897,2262.622765386544,7913.633938375344,MODERATELY_VARIABLE
514995.69,34333.046,35538.63,4160.734607826913,28379.19,39901.65,15,1,0,533598.92,4012.021954887218,2440.24,3936.009523524036,110.83,17793.33,133,160,0.2375,0.24375,0.3375,0.18125,42916.3075,44466.57666666667,-3294.043333333335,0.0021022827299465,0.7968030380383754,0.1174500608324137,29707.121691256005,17738.268361284634,STABLE
548323.75,109664.75,98959.24,53695.64511945172,51884.68,166035.87,5,1,0,677024.66,4605.609931972789,3266.33,3917.637726346733,122.86,17409.82,147,169,0.1775147928994082,0.2485207100591716,0.3550295857988165,0.2189349112426035,45693.645833333336,56418.72166666667,-13291.738333333333,-0.0186782798958581,0.2513958043936991,0.0255033891547049,123157.09268095608,19441.05155396452,HIGHLY_VARIABLE
436288.63,109072.1575,90574.555,46059.03395414582,77620.41,177519.11,4,1,0,629190.35,4802.979770992366,3457.73,4263.689827733263,120.46,17232.81,131,152,0.1973684210526315,0.2039473684210526,0.3355263157894737,0.2631578947368421,36357.38583333333,52432.52916666667,-20419.742500000004,0.1464763643105986,0.0965297338906727,0.0342406436156436,68679.6322751136,18419.7932719904,HIGHLY_VARIABLE
614504.97,102417.495,99595.115,42374.99097651857,54301.9,175018.51,6,1,0,522265.01,3897.5000746268656,2673.67,3798.412152069825,258.44,17014.71,134,154,0.2272727272727272,0.2337662337662337,0.3181818181818182,0.2207792207792207,51208.7475,43522.08416666667,6955.5941666666695,0.156058126956146,0.093941873043854,0.0083333333333333,106043.27987007322,15422.140612512829,HIGHLY_VARIABLE
201345.9,832.0078512396694,831.78,207.6285337613263,500.08,1194.22,242,1,0,583076.46,4256.032554744525,2955.94,3595.874551210617,147.4,17862.19,137,397,0.7052896725440806,0.0931989924433249,0.1360201511335012,0.0654911838790932,16778.825,48589.705,-35271.948333333334,-2.132440484326096,2.916561489908912,0.0154100529100529,1708.8787687811296,13905.808274150311,MODERATELY_VARIABLE
2211008.14,27637.60175,26443.115,12987.09262978417,5050.45,49349.39,80,1,0,527705.8,4122.7015625,2822.52,3558.9020633316823,214.95,17624.94,128,226,0.2212389380530973,0.2610619469026549,0.3584070796460177,0.1592920353982301,184250.6783333333,43975.48333333334,137247.31083333332,0.7116817329031292,0.2742914746981698,0.0252638139151297,58027.5638722774,6089.826843166519,HIGHLY_VARIABLE
196164.7,834.7434042553192,811.51,211.9709035999444,503.07,1193.61,235,1,0,488126.51,4001.0369672131146,2868.29,3736.721614239604,134.61,17909.38,122,375,0.688,0.096,0.1546666666666666,0.0613333333333333,16347.058333333334,40677.20916666667,-26446.33666666667,-1.647694427184632,2.513688951176708,0.0108797837246113,2043.359307841483,14175.309986802253,MODERATELY_VARIABLE
200701.32,846.8410126582279,856.27,187.5031431234516,506.94,1193.26,237,1,0,524553.56,4445.369152542374,3188.335,3930.908379832004,143.12,17762.49,118,374,0.7245989304812834,0.0668449197860962,0.1336898395721925,0.0748663101604278,16725.11,43712.79666666667,-27535.435833333333,-1.677585125802409,2.645991686982273,0.0046332046332046,1539.4323303029007,14552.21393934041,MODERATELY_VARIABLE
742300.61,23196.8940625,23192.645,8708.010339919647,5005.16,39327.97,32,3,1,543612.29,4383.970080645162,2760.42,4218.690363661019,127.71,16932.7,124,173,0.1618497109826589,0.2485549132947976,0.3815028901734104,0.2080924855491329,61858.38416666666,45301.02416666667,14144.289166666667,0.029287195867668,0.7331948118750414,0.0966575091575091,49202.85025691267,21003.689380862445,MODERATELY_VARIABLE
624692.71,20823.090333333334,19521.665,11693.187628474405,5001.43,39730.16,30,3,1,532135.46,4361.76606557377,2986.71,3902.102567143349,252.49,17206.39,122,167,0.2095808383233532,0.2574850299401197,0.3892215568862275,0.1437125748502994,52057.72583333333,44344.621666666666,6519.665833333335,-0.5004496395346837,1.397908127547091,0.0722056878306878,36270.30005002501,20979.285621916693,HIGHLY_VARIABLE
196245.31,838.6551709401709,841.95,202.9851519997807,500.46,1194.06,234,1,0,629298.09,4593.416715328467,2939.12,4149.006806496357,158.81,17176.36,137,389,0.7017994858611826,0.0951156812339331,0.1336760925449871,0.0694087403598971,16353.775833333331,52441.5075,-39740.38416666666,-2.474411475017396,3.2468755016606274,0.0169155296527213,1883.731301561096,15005.958287690635,MODERATELY_VARIABLE
2661628.27,27725.294479166667,29130.42,12867.499684708544,5092.6,49916.49,96,1,0,493046.52,4108.7210000000005,2734.44,3940.447669991978,144.55,15407.95,120,241,0.2489626556016597,0.2116182572614107,0.3734439834024896,0.1659751037344398,221802.3558333333,41087.21,176891.97583333333,0.7600583371714272,0.2125540721716009,0.0313210192370409,79540.46170352412,14969.719812601095,HIGHLY_VARIABLE
195978.96,813.1907053941908,817.81,195.9708404859008,503.37,1197.51,241,1,0,530951.38,4115.902170542636,2713.44,3933.117824138727,179.77,17760.49,129,382,0.7094240837696335,0.0680628272251308,0.1256544502617801,0.0968586387434555,16331.58,44245.94833333333,-29771.769166666665,-1.846710760834044,2.715500418992004,0.0081415668119099,1716.3258990381428,19319.74385362988,MODERATELY_VARIABLE
907524.23,31293.93896551724,34184.03,15983.926717686323,8193.02,59341.62,29,1,0,645886.18,4893.077121212122,3381.34,4165.57553201529,195.58,17330.77,132,175,0.2114285714285714,0.1828571428571428,0.4571428571428571,0.1485714285714285,75627.01916666667,53823.848333333335,21147.12833333333,-0.0027449617989976,0.9950383919908998,0.0098379629629629,37450.05319112631,13440.484990518104,HIGHLY_VARIABLE
184534.08,838.7912727272727,834.635,203.6883011711504,500.88,1197.41,220,1,0,686493.25,4638.467905405405,3150.565,4321.726858900642,112.52,17749.72,148,383,0.6631853785900783,0.0966057441253263,0.1436031331592689,0.0966057441253263,15377.839999999998,57207.770833333336,-46210.7775,-3.0913813432903603,3.7884985071679007,0.0211928672913713,2609.620663548283,25282.542035587063,MODERATELY_VARIABLE
388530.37,129510.12333333334,116593.06,27066.53779653085,111321.96,160615.35,3,1,0,585270.45,4645.003571428571,3041.1800000000003,4498.269745176332,214.88,17754.16,126,146,0.2191780821917808,0.1986301369863013,0.3561643835616438,0.2260273972602739,32377.53083333333,48772.537500000006,-18558.6125,0.1124348602778587,0.0525852327580808,0.0243824802648332,76966.8718362656,20819.224349627235,MODERATELY_VARIABLE
208468.13,865.0129875518672,883.57,191.20422474029525,505.49,1197.65,241,1,0,552012.32,4416.098559999999,3374.81,3923.687487615918,120.77,17640.08,125,386,0.7020725388601037,0.0854922279792746,0.1373056994818652,0.0751295336787564,17372.344166666666,46001.02666666667,-32803.763333333336,-1.8871819692032896,2.646436572501168,0.0183773259889879,1953.71856513516,11602.821311106216,MODERATELY_VARIABLE
208929.92,863.3467768595042,866.69,201.23187278672563,502.45,1188.14,242,1,0,593801.24,4241.437428571428,2689.715,3933.713714985533,157.5,17997.1,140,398,0.6984924623115578,0.0753768844221105,0.1407035175879397,0.0854271356783919,17410.826666666664,49483.43666666667,-32971.53333333333,-1.9028036508104107,2.8513036813319466,0.0052287581699346,2256.8397290069665,28695.89263656175,MODERATELY_VARIABLE
485394.4,34671.02857142857,36415.105,3418.2590452627906,29070.23,38133.04,14,1,0,645510.7,4514.060839160838,3056.45,3995.167743551197,101.29,17837.25,143,174,0.1666666666666666,0.2413793103448276,0.3275862068965517,0.264367816091954,40449.53333333333,53792.55833333333,-16330.661666666669,-0.2223521673528142,0.9856702513606976,0.1205334322110637,25171.883011839847,14884.289258876486,STABLE
201663.49,843.7802928870293,824.97,203.66838446088155,502.2,1199.64,239,1,0,538210.87,4411.564508196721,2874.035,4230.912685419051,123.83,15755.3,122,379,0.6939313984168866,0.079155672823219,0.1372031662269129,0.0897097625329815,16805.290833333333,44850.90583333333,-32526.11833333333,-1.9139646354412985,2.6572222231688207,0.0154344780026706,1475.0001556699965,19431.20772682835,MODERATELY_VARIABLE
1240237.74,33519.93891891892,36174.6,15030.572934698945,8125.13,58928.54,37,1,0,531809.61,3998.568496240601,2867.06,3576.1339478553905,138.55,16949.92,133,186,0.2150537634408602,0.1612903225806451,0.4462365591397849,0.1774193548387097,103353.145,44317.4675,56720.9375,0.2631392184576271,0.6894838297322722,0.0312125288711976,64726.05959747863,13357.774541884604,HIGHLY_VARIABLE
782052.18,130342.03,168135.425,61654.19146311011,47159.48,172422.94,6,1,0,551000.63,4142.861879699248,2515.9,3851.84475789556,168.61,16968.68,133,155,0.2516129032258064,0.2,0.3354838709677419,0.2129032258064516,65171.01500000001,45916.71916666667,16616.487500000003,0.197035016976253,0.0529649830237469,0.0268963675213675,127527.13970581332,15637.282790516132,HIGHLY_VARIABLE
2331896.75,27115.07848837209,26147.305,12632.846002135258,6128.49,47288.09,86,1,0,502207.71,4017.66168,2362.36,3727.890309224407,110.36,17135.89,125,227,0.2511013215859031,0.2731277533039647,0.3303964757709251,0.145374449339207,194324.72916666663,41850.6425,151600.25833333333,0.7250125264383783,0.2679132221057062,0.0092879256965944,77218.70657407421,12081.899493872586,HIGHLY_VARIABLE
201442.43,842.8553556485356,834.12,199.6966574745072,500.72,1197.95,239,1,0,533987.45,4341.361382113821,3216.92,3709.7208301041646,354.88,15398.48,123,370,0.7081081081081081,0.1054054054054054,0.1027027027027027,0.0837837837837837,16786.869166666667,44498.95416666666,-27950.944166666668,-1.744927174063518,2.7313797408198632,0.0052083333333333,2309.5914447343607,10404.74848755864,MODERATELY_VARIABLE
1261603.25,140178.13888888888,151496.65,37070.9502190696,71221.43,179370.85,9,1,0,593202.7,4460.170676691729,2937.26,4130.427277014431,198.4,17767.67,133,157,0.2611464968152866,0.2229299363057325,0.3439490445859872,0.1719745222929936,105133.60416666669,49433.55833333334,53591.605833333335,0.2830614287167391,0.0481174879713204,0.0246527777777777,167457.9323558784,20056.87478564116,MODERATELY_VARIABLE
189106.48,848.0111210762333,831.74,202.457398043666,500.93,1195.3,223,1,0,535202.56,4316.149677419356,2946.555,3869.003527480953,107.44,16533.32,124,363,0.7052341597796143,0.0853994490358126,0.1515151515151515,0.0578512396694214,15758.873333333331,44600.21333333334,-29514.295833333334,-2.006056443313127,2.968386678980792,0.0053245436105476,2383.7277431838224,20540.07940592084,MODERATELY_VARIABLE
401457.68,133819.22666666663,151678.4,36247.581407390935,92107.41,157671.87,3,1,0,533158.98,4982.794205607476,3773.02,3967.13545582386,323.32,16355.09,107,132,0.2424242424242424,0.1515151515151515,0.4015151515151515,0.2045454545454545,33454.806666666664,44429.915,-12645.10166666667,0.1173158462614481,0.04765613531861,0.0419952732452732,80261.64638084646,14052.397708123755,MODERATELY_VARIABLE
525856.0599999999,32866.00375,32402.105,3448.2864056704543,28115.43,39484.02,16,1,0,514663.84,3989.642170542636,2672.23,3416.479056931036,118.66,15874.82,129,157,0.2038216560509554,0.1273885350318471,0.4203821656050955,0.2484076433121019,43821.338333333326,42888.653333333335,416.4149999999973,0.0334359369593232,0.7918621374513574,0.1184134371247374,27457.858464061494,14553.589464173958,STABLE
471488.09,117872.0225,125797.705,36692.70634610498,66721.64,153171.04,4,1,0,518164.97,4391.228559322034,3195.7250000000004,4156.913199316296,144.48,17635.61,118,134,0.2014925373134328,0.2611940298507462,0.3283582089552239,0.208955223880597,39290.67416666667,43180.41416666666,-5160.9725,0.1350989466068842,0.0277350646469174,0.025036075036075,94043.86689576948,21664.738534479755,MODERATELY_VARIABLE
468439.53,20366.936086956524,18266.49,9913.478165894212,5165.28,39738.67,23,3,1,618173.04,4447.2880575539575,2598.2,4300.6757827201045,119.77,17937.19,139,171,0.1520467836257309,0.2631578947368421,0.3508771929824561,0.2339181286549707,39036.6275,51514.420000000006,-13354.21,-0.6873080580670025,1.5886232962416098,0.0530558085705144,25259.35882195138,21011.218391529885,HIGHLY_VARIABLE
2568294.85,28857.24550561798,29674.98,13169.569563454628,5028.32,49346.69,89,1,0,559997.03,4274.786488549618,2436.06,4225.758141501479,201.74,17403.55,131,240,0.2791666666666667,0.2875,0.3208333333333333,0.1125,214024.57083333333,46666.41916666667,163111.235,0.7570648265983859,0.2235254787838318,0.0337819185645272,28450.26399046252,15544.715720724964,HIGHLY_VARIABLE
3063977.26,30949.26525252525,31568.41,11975.07874043392,5660.27,49837.8,99,1,0,662584.6,4446.8765100671135,3232.17,4210.637579115789,183.39,17397.58,149,263,0.2547528517110266,0.2585551330798479,0.3079847908745247,0.1787072243346007,255331.43833333327,55215.38333333333,199520.7575,0.7631909809021454,0.2344089956337269,0.0033333333333333,73973.46662877375,15706.228972790228,MODERATELY_VARIABLE
409668.09,34139.0075,34414.515,3837.506056926519,28336.45,38813.13,12,1,0,464744.62,4076.707192982456,2765.045,3867.586157216761,262.54,16822.07,114,137,0.1386861313868613,0.218978102189781,0.437956204379562,0.2043795620437956,34139.0075,38728.71833333333,-5622.516666666666,-0.197495794028518,0.9978032012206174,0.1009879009879009,20364.31390297348,19946.85705302141,STABLE
476214.72,22676.891428571427,20835.73,9735.866573167115,8041.24,39983.07,21,3,1,583122.87,4520.332325581396,3174.7,3995.925218961051,130.32,16813.53,129,169,0.1775147928994082,0.2781065088757396,0.3431952662721893,0.2011834319526627,39684.56,48593.5725,-11231.451666666666,-0.3442844877386175,1.0587542027756227,0.0683190820187724,33138.97431767671,15413.468320630336,HIGHLY_VARIABLE
783099.52,29003.685925925925,27864.42,13317.757706922814,8168.64,58434.51,27,1,0,512772.62,4168.883089430894,2497.65,3922.461639679761,154.16,17811.84,123,167,0.1736526946107784,0.1736526946107784,0.4610778443113772,0.1916167664670658,65258.293333333335,42731.051666666666,18647.646666666667,-0.0761415767705966,0.8164785321127646,0.0313858899385215,47599.0228588457,9920.13618611324,HIGHLY_VARIABLE
1281651.22,40051.600625,39723.66,13142.408718623634,15103.48,59415.16,32,1,0,598220.64,4566.569770992366,3123.76,4019.462034504019,167.97,16639.81,131,183,0.2076502732240437,0.1693989071038251,0.4590163934426229,0.1639344262295081,106804.26833333333,49851.72,53633.85666666667,0.3627582747053958,0.3698491409658502,0.038482848673066,95202.505039116,12329.818952823274,MODERATELY_VARIABLE
408246.35,102061.5875,95389.72,35814.261575771154,69335.55,148131.36,4,1,0,499302.74,4126.468925619834,2885.3,3774.7994708593023,221.92,16411.36,121,144,0.2291666666666666,0.1944444444444444,0.3402777777777778,0.2361111111111111,34020.52916666667,41608.56166666667,-9622.94916666667,0.148599187776379,0.0981556733523108,0.022610294117647,76792.39750039896,8811.585159490918,MODERATELY_VARIABLE
191517.52,829.0801731601731,824.24,200.1397055797153,500.58,1198.68,231,1,0,561028.46,4282.66,2984.4,3948.9000823522406,100.42,17710.16,131,374,0.7192513368983957,0.088235294117647,0.1229946524064171,0.0695187165775401,15959.793333333337,46752.371666666666,-33179.405,-2.129444367043285,2.977015760506491,0.0108297388549207,2203.5798711408147,12813.41500226713,MODERATELY_VARIABLE
501421.52,33428.10133333333,33127.99,3190.8322724192803,28655.92,39168.78,15,1,0,612351.85,4821.66811023622,3441.49,4298.380599261297,125.66,17772.01,127,164,0.2195121951219512,0.1585365853658536,0.4390243902439024,0.1829268292682926,41785.12666666667,51029.32083333333,-12077.43,-0.3576358520798937,1.211701545027862,0.119647584169643,22528.61324485671,13493.87495337958,STABLE
325454.0,32545.4,32380.09,3595.2675617261093,28770.78,38474.09,10,1,0,601700.87,4813.60696,3159.91,4242.330117196175,198.39,17305.67,125,155,0.1419354838709677,0.2064516129032258,0.4645161290322581,0.1870967741935484,27121.166666666668,50141.739166666666,-25652.6825,-0.0382438977796079,0.5179533136578415,0.0997458764002881,30763.07185588808,20672.55406666154,STABLE
1173430.04,34512.64823529412,36159.665,16649.931851575242,9712.71,59743.78,34,1,0,591571.78,4165.998450704225,2421.79,4320.388985851843,112.55,17024.16,142,193,0.1658031088082901,0.2020725388601036,0.4818652849740932,0.1502590673575129,97785.83666666668,49297.64833333334,47524.78166666667,0.0065986393831552,0.9636533551321854,0.0124777183600713,71153.14429463641,15944.917934382634,HIGHLY_VARIABLE
603297.72,120659.544,114901.6,40058.8432729295,63534.76,168689.99,5,1,0,557311.92,4644.2660000000005,3500.92,4127.749514341956,149.35,16918.86,120,143,0.2027972027972027,0.2377622377622377,0.3426573426573426,0.2167832167832167,50274.81,46442.66,2216.792500000004,0.2291380390821011,0.1004027555233178,0.0279876373626373,75541.35687856373,13057.837952192129,MODERATELY_VARIABLE
2603626.73,28929.18588888889,30224.285,13220.146637695629,5723.13,49242.93,90,1,0,608144.07,4642.321145038168,3449.38,4365.829209136413,109.54,17187.86,131,239,0.2677824267782426,0.2217573221757322,0.309623430962343,0.200836820083682,216968.8941666667,50678.67249999999,163075.05166666667,0.6842945391491967,0.3024643117160678,0.0234299764562922,74261.83809876663,22171.334242399626,HIGHLY_VARIABLE
769217.42,23309.61878787879,24699.59,9684.14290253523,5140.81,39902.72,33,3,1,559582.77,4476.66216,3009.33,4032.043358173528,141.53,17892.52,125,174,0.160919540229885,0.3160919540229885,0.3275862068965517,0.1954022988505747,64101.45166666667,46631.8975,13687.260833333334,0.2110131459513767,0.5803917930341771,0.0946584189231248,36778.16265107346,13134.174953971398,HIGHLY_VARIABLE
2849083.31,29677.951145833333,29020.36,12253.756289117646,5821.37,49555.75,96,1,0,578680.14,5076.1415789473685,3641.135,3951.748883449167,344.71,17252.68,114,226,0.2654867256637168,0.2787610619469026,0.331858407079646,0.1238938053097345,237423.60916666663,48223.345,187242.19666666663,0.7729860610808763,0.2168824772149602,0.0185924369747899,69603.16859508108,13886.956927025576,HIGHLY_VARIABLE
816330.85,25510.3390625,26748.115,8897.044777320945,5270.15,38733.46,32,3,1,528931.96,4371.338512396694,2470.0,4190.486185335711,192.63,17589.79,121,163,0.1779141104294478,0.2453987730061349,0.3680981595092024,0.2085889570552147,68027.57083333333,44077.66333333333,23319.135,0.2254965131191222,0.7660491741452673,0.1054544784420945,28262.247149075178,21514.92258418089,MODERATELY_VARIABLE
437980.55,33690.81153846154,33250.18,3698.349313042344,28002.31,39952.78,13,1,0,528447.05,4194.024206349207,2967.625,4083.180179802865,419.3,17425.7,126,157,0.197452229299363,0.1719745222929936,0.4076433121019108,0.2229299363057325,36498.379166666666,44037.25416666667,-9721.679166666669,-0.0467934141683765,0.7547691819571122,0.1067059302353419,27376.59828683431,12996.927370774609,STABLE
1314296.55,34586.75131578947,30764.155,13981.52407071893,9696.67,57108.75,38,1,0,480161.28,3780.797480314961,1878.97,3756.940929917219,215.63,16486.78,127,188,0.1382978723404255,0.2234042553191489,0.4734042553191489,0.1648936170212765,109524.7125,40013.44,64977.40666666667,0.5053769427260534,0.3768303180832537,0.0398737020060549,57791.54527003081,16331.430002748466,HIGHLY_VARIABLE
547120.98,21884.8392,22636.84,8546.67487761367,5828.26,35638.41,25,3,1,498391.44,3691.788444444445,2565.6,3689.189995762097,255.97,17758.76,135,176,0.1704545454545454,0.2840909090909091,0.3238636363636363,0.2215909090909091,45593.415,41532.62,1541.2758333333325,-0.1971259818525836,1.137255198696897,0.0637944840247471,26393.72149676768,20198.32067716072,MODERATELY_VARIABLE
312802.9,34755.87777777778,36072.93,3363.4557877307434,30281.4,39120.66,9,1,0,484429.07,4364.225855855856,2566.74,3928.0430350552815,145.91,15624.83,111,132,0.1590909090909091,0.2272727272727272,0.3712121212121212,0.2424242424242424,26066.90833333333,40369.089166666665,-15127.294166666668,-0.1918303088932961,0.8414291403684229,0.1027375402375402,21318.13203861438,19434.757724358627,STABLE
838052.73,119721.81857142856,129221.93,36593.62928810489,55149.44,154653.59,7,1,0,604910.27,4415.403430656935,2828.4,4150.685033920065,115.71,16384.47,137,163,0.1840490797546012,0.2208588957055214,0.3435582822085889,0.2515337423312883,69837.7275,50409.18916666667,17154.475000000006,0.2090369833358143,0.1218779529549029,0.0333619997706685,128795.87834805572,16657.56374877325,MODERATELY_VARIABLE
460327.16,35409.78153846154,37093.02,3661.157422919347,28958.29,39738.05,13,1,0,522214.3,3811.783211678832,2650.11,3262.7181629,111.8,14233.8,137,162,0.2037037037037037,0.2345679012345679,0.3703703703703703,0.191358024691358,38360.59666666667,43517.85833333333,-7489.536666666667,-0.0214605650084801,0.8238360461896109,0.1114902798726328,23787.80670592598,12533.771710682542,STABLE
461062.27,35466.32846153846,35249.24,2830.8596888897123,29909.03,39059.11,13,1,0,553372.89,4224.220534351145,2136.74,4208.43706655156,115.75,16637.76,131,161,0.2236024844720497,0.2484472049689441,0.3354037267080745,0.1925465838509316,38421.855833333335,46114.4075,-8985.737499999997,-0.1847501537423659,0.986129485453056,0.1020063610137139,26157.09136137811,17663.532034947093,STABLE
799010.35,34739.580434782605,32801.73,15479.538449445708,8614.75,56444.2,23,1,0,550613.42,4335.538740157481,2797.38,4255.135380311018,116.92,17622.77,127,165,0.1878787878787878,0.1818181818181818,0.406060606060606,0.2242424242424242,66584.19583333333,45884.45166666667,17811.899166666666,0.0774450769885973,0.810066507684876,0.0338371459694989,39337.99985846428,17817.503186511356,HIGHLY_VARIABLE
524543.04,32783.94,32332.645,3614.25926692409,28735.84,39793.33,16,1,0,489531.75,4012.5553278688526,2959.835,3480.513319785404,212.66,17552.08,122,152,0.2171052631578947,0.1973684210526315,0.3684210526315789,0.2171052631578947,43711.920000000006,40794.3125,755.5941666666662,-0.0423921642619396,0.8186734455552797,0.1173018974489562,30493.027218506857,16852.43914147694,STABLE
497949.59,124487.3975,121164.23,26494.287078594098,96573.1,159048.03,4,1,0,510856.58,3899.668549618321,2436.55,3897.430628234871,125.0,17208.47,131,149,0.2214765100671141,0.2147651006711409,0.3221476510067114,0.2416107382550335,41495.79916666666,42571.38166666667,-3248.7383333333346,0.1920021697029263,0.1277391972883837,0.0282407407407407,62835.625467590864,13862.041617727711,MODERATELY_VARIABLE
797125.53,99640.69125,105428.64,33963.41885083439,43141.98,138611.29,8,1,0,522259.68,4178.07744,2903.68,3977.480140755132,118.45,17290.29,125,151,0.152317880794702,0.2980132450331126,0.3311258278145695,0.2185430463576159,66427.1275,43521.64,20742.300000000007,0.2178441725253909,0.108276496142823,0.0333066239316239,151331.49187617237,16127.769673806277,MODERATELY_VARIABLE
201778.51,854.9936864406781,865.095,195.3430399360538,501.51,1195.12,236,1,0,577500.29,4695.12430894309,3113.95,4029.916992682148,100.24,16065.63,123,375,0.7093333333333334,0.1013333333333333,0.1386666666666666,0.0506666666666666,16814.875833333335,48125.02416666667,-34731.18916666667,-2.080401094213241,2.869734151614972,0.0184615435297361,1450.0318292334648,22151.219401437625,MODERATELY_VARIABLE
199728.6,828.749377593361,825.55,200.3387167046376,500.68,1194.69,241,1,0,619368.8,5118.750413223141,2858.16,4922.500895988473,344.95,17812.62,121,379,0.712401055408971,0.0949868073878627,0.1266490765171504,0.0659630606860158,16644.05,51614.06666666667,-38531.020833333336,-2.436527276833545,3.2108310016167434,0.0147232567269331,2089.737537830572,23114.74682274277,MODERATELY_VARIABLE
322676.57,35852.95222222222,36737.81,3478.145596358704,28528.51,39904.5,9,1,0,520437.8,4646.766071428571,3607.155,3951.40779556764,203.86,17717.3,112,141,0.1560283687943262,0.2056737588652482,0.4468085106382978,0.1914893617021276,26889.71416666667,43369.816666666666,-21698.84,-0.1550669810762273,0.6708107694270975,0.1227167508417508,28222.81628450559,15919.755676471086,STABLE
2603455.83,28927.287,31668.025,13331.74721592275,5626.65,49787.33,90,1,0,503789.05,4198.2420833333335,2800.4750000000004,4100.147660904626,101.87,17228.96,120,226,0.2787610619469026,0.243362831858407,0.3495575221238938,0.1283185840707964,216954.6525,41982.42083333333,171027.59583333333,0.7737830199326092,0.2072861179818859,0.0225781467557783,49357.17230691275,16657.957730123762,HIGHLY_VARIABLE
506242.37,36160.16928571429,38010.18,4075.0401395181457,28295.15,39808.11,14,1,0,440586.92,3671.5576666666666,2196.85,3646.297032993845,141.2,17417.61,120,148,0.1689189189189189,0.1891891891891892,0.3851351351351351,0.2567567567567567,42186.864166666666,36715.57666666667,3126.8566666666634,0.1433106455575704,0.5771820774605706,0.1268383237133237,31671.42981723016,17198.857767420242,STABLE
301386.39,33487.37666666667,33510.85,2281.531866794764,29522.55,36905.26,9,1,0,556915.12,4317.171472868217,2615.29,4003.071065102332,104.17,17542.72,129,153,0.1699346405228758,0.1830065359477124,0.3660130718954248,0.2810457516339869,25115.5325,46409.59333333333,-24383.10666666667,0.0269074112672004,0.384060924467086,0.0893849206349206,35136.58157435822,17768.181966114873,STABLE
340999.61,34099.961,35509.14,3760.443311072217,28646.14,37871.09,10,1,0,496527.38,4103.532066115703,2815.3,3781.667689134411,257.01,14672.67,121,148,0.2094594594594594,0.2162162162162162,0.3918918918918919,0.1824324324324324,28416.634166666667,41377.28166666667,-15430.500833333334,-0.0814736078046334,0.7990844053314285,0.0910943223443223,20422.68436879418,12462.125183563072,STABLE
484808.91,22036.76863636364,24162.11,9912.20067728093,5250.79,38047.58,22,3,1,563474.53,4053.7735971223024,2563.14,3738.28992954463,116.05,14807.46,139,182,0.2087912087912088,0.2307692307692307,0.3626373626373626,0.1978021978021978,40400.7425,46956.21083333334,-8080.709166666668,-0.2886195494980612,1.1045852894620791,0.0587200091360308,36418.47045608166,21493.45385918126,HIGHLY_VARIABLE
706746.89,33654.61380952381,34704.77,3156.9496199567016,28640.35,38605.39,21,1,0,507332.65,4336.176495726496,3221.76,3925.4370374116697,200.91,17748.67,117,157,0.1847133757961783,0.2038216560509554,0.4140127388535032,0.197452229299363,58895.574166666665,42277.72083333333,13621.177500000003,0.1889507211579726,0.6795115112814382,0.1811813186813186,27581.310559667843,17834.223570701186,STABLE
697336.78,25827.28814814815,27925.88,10308.167708212311,6227.25,39520.99,27,3,1,456533.43,3836.415378151261,2835.68,3348.956646668592,221.81,16175.02,119,164,0.2134146341463414,0.25,0.3475609756097561,0.1890243902439024,58111.39833333334,38044.4525,19944.25083333333,0.0034819008159676,0.911141098886381,0.0827991452991453,44778.76294458138,14943.04850057111,MODERATELY_VARIABLE
1057182.6,34102.66451612904,31960.67,14488.952803479586,9252.0,59189.89,31,1,0,578029.72,4346.088120300752,3128.29,3975.086002316282,127.89,17489.97,133,179,0.2290502793296089,0.1564245810055866,0.4301675977653631,0.1843575418994413,88098.55,48169.14333333333,38733.456666666665,0.1326488058888838,0.7639659621991317,0.0132174866514111,72974.3573772287,20205.95694930327,HIGHLY_VARIABLE
995055.17,99505.517,74481.945,48826.92232048196,47396.64,174935.48,10,1,0,417270.92,3793.372,2850.0550000000003,3434.4256287728967,102.25,15619.57,110,143,0.1958041958041958,0.1608391608391608,0.4125874125874126,0.2307692307692307,82921.26416666668,34772.57666666667,46160.54666666666,0.2667304596433635,0.0661263728421672,0.0401764901764901,139576.86155499826,7862.27781971072,HIGHLY_VARIABLE
2430124.11,27932.46103448276,28758.48,12993.178955404454,7237.28,49380.61,87,1,0,578511.54,4132.225285714286,2742.135,3971.861162239756,111.55,17166.42,140,244,0.2745901639344262,0.2868852459016393,0.3319672131147541,0.1065573770491803,202510.3425,48209.295000000006,151918.12833333333,0.5603070326370173,0.4246051235470169,0.0113424866514111,109549.3513827264,20246.221869538345,HIGHLY_VARIABLE
503141.41,20125.6564,22430.01,10742.661402432625,5886.56,39715.49,25,3,1,558479.59,4329.299147286822,2627.79,4066.849063182437,105.84,17158.38,129,175,0.12,0.2971428571428571,0.4171428571428571,0.1657142857142857,41928.45083333333,46539.96583333333,-9703.514166666668,-0.4832850815289062,1.2249181222818897,0.0939577783327783,32101.6176500552,16987.939928860476,HIGHLY_VARIABLE
1286880.58,32996.937948717954,30022.46,17170.27721531113,8089.71,59029.84,39,1,0,564263.83,3918.498819444444,2817.295,3686.99156671212,125.57,17807.6,144,201,0.1940298507462686,0.1890547263681592,0.4378109452736318,0.1791044776119403,107240.04833333334,47021.98583333333,58001.25916666666,0.3701163364025246,0.5234371961704646,0.0195601851851851,65043.46412371805,14730.166347371183,HIGHLY_VARIABLE
2709878.24,27098.782400000004,27321.47,13712.725893978191,5226.48,49990.29,100,1,0,501537.82,4044.659838709677,2752.54,3942.685258334448,267.96,17834.67,124,235,0.2595744680851063,0.3021276595744681,0.2978723404255319,0.1404255319148936,225823.18666666668,41794.818333333336,182399.0483333333,0.8032335415246458,0.1890564838801613,0.0077561327561327,55086.91250975387,15332.658894296565,HIGHLY_VARIABLE
530895.29,19662.78851851852,18105.89,8898.916624262452,5837.76,38373.01,27,3,1,584972.0599999999,4570.09421875,3315.545,3913.721633043028,155.44,17368.21,128,177,0.2090395480225988,0.2711864406779661,0.384180790960452,0.135593220338983,44241.27416666667,48747.67166666666,-7549.945833333334,-0.0718656257977602,0.8444584435610266,0.0677369997706685,24436.30638744194,26536.364794514386,HIGHLY_VARIABLE
197215.73,853.7477489177489,854.61,201.3789724702445,500.95,1197.03,231,1,0,498441.78,3692.1613333333335,2359.52,3476.5077058598167,102.26,14473.65,135,383,0.6814621409921671,0.0887728459530026,0.1383812010443864,0.0913838120104438,16434.64416666667,41536.815,-26933.595833333336,-1.7166316978169658,2.605725521499101,0.0080322933771209,2274.551919727401,14743.192351247466,MODERATELY_VARIABLE
950484.83,33945.88678571428,30576.925000000003,16947.44854931792,8683.58,59258.35,28,1,0,460842.35,3746.685772357723,2414.12,3587.4100868081414,113.26,16155.93,123,170,0.1823529411764705,0.1411764705882353,0.4705882352941176,0.2058823529411764,79207.06916666667,38403.52916666667,39832.225,0.3116527378739367,0.5939424298764959,0.0049019607843137,51476.561139511294,17920.66811944925,HIGHLY_VARIABLE
530669.02,27929.94842105263,28864.83,8281.285843293004,14235.3,39805.62,19,3,1,637068.06,5265.025289256198,3689.39,4517.726274094834,103.13,17675.0,121,152,0.1513157894736842,0.2236842105263158,0.3092105263157895,0.3157894736842105,44222.418333333335,53089.005000000005,-9670.220833333336,-0.3017948439652915,1.129558898699411,0.081368746993747,44468.25029582769,20537.964259030377,MODERATELY_VARIABLE
535770.3,33485.64375,34774.39,3991.049493183257,28133.38,38918.65,16,1,0,448054.16,3797.0691525423726,2530.91,3432.125442730831,150.27,15286.07,118,149,0.2147651006711409,0.2416107382550335,0.3422818791946309,0.2013422818791946,44647.525,37337.846666666665,4851.659166666668,0.1051340731398735,0.6543353298545346,0.1462022454669513,29671.800184848453,10048.956596374785,STABLE
203206.28,853.8078991596639,847.925,206.86083893122824,503.54,1199.66,238,1,0,511922.9,4230.767768595041,2738.77,4058.8769004100727,118.78,16375.63,121,380,0.6973684210526315,0.0763157894736842,0.15,0.0763157894736842,16933.856666666667,42660.24166666667,-28064.691666666666,-1.6782284856746117,2.545244865127537,0.0106456043956043,1728.617826564088,22481.77616178444,MODERATELY_VARIABLE
449347.43,112336.8575,114453.685,20102.284118539657,85823.09,134616.97,4,1,0,555341.55,4514.971951219512,3148.2,3989.7210621232994,303.84,15446.29,123,149,0.2214765100671141,0.2281879194630872,0.3154362416107382,0.2348993288590604,37445.61916666666,46278.4625,-10820.806666666673,0.1602458297666025,0.0789644239170278,0.0271774521774521,77048.06542642284,16639.246666719853,STABLE
885701.37,126528.76714285716,129137.65,25080.44991276254,90308.96,163052.89,7,1,0,448465.12,3646.0578861788617,2609.91,3484.192178264909,217.6,17585.59,123,146,0.2671232876712329,0.184931506849315,0.3561643835616438,0.1917808219178082,73808.4475,37372.09333333333,33778.17666666667,0.1483390056268332,0.0183276610398334,0.0294871794871794,194322.0862596372,13789.3752245411,STABLE
2417324.73,28108.427093023256,28285.665,13122.4194745664,5682.9,49758.71,86,1,0,527150.08,4706.697142857142,3181.34,4174.816561918743,128.85,17807.92,112,216,0.3009259259259259,0.2037037037037037,0.3425925925925926,0.1527777777777778,201443.7275,43929.17333333333,156997.07666666666,0.7578889638437283,0.2390419699086823,0.0087962962962962,55532.84424809457,20446.640593292108,HIGHLY_VARIABLE
623583.14,103930.52333333332,101108.76,51010.73263128679,41179.99,166690.78,6,1,0,562433.57,4046.284676258993,2727.63,3775.4698136274415,105.08,17119.13,139,165,0.2303030303030303,0.2303030303030303,0.3393939393939394,0.2,51965.261666666665,46869.46416666667,2709.1866666666647,0.1561402474634773,0.091541300314362,0.044224675107028,109516.59489597006,14229.963344253216,HIGHLY_VARIABLE
1009008.03,33633.601,32917.185,15600.168729307969,9683.37,57037.14,30,1,0,510462.85,4184.121721311475,2717.69,3831.692106581955,390.68,17086.06,122,174,0.1551724137931034,0.1781609195402299,0.4827586206896552,0.1839080459770115,84084.0025,42538.57083333333,40979.6125,-0.1804724396790651,1.138302327522391,0.0055555555555555,56316.78016819807,16434.042258121874,HIGHLY_VARIABLE
206418.35,882.1297008547009,899.05,195.44242433832167,502.18,1194.48,234,1,0,586599.54,4345.181777777778,2736.97,4133.838845295909,175.41,17031.45,135,389,0.6863753213367609,0.0796915167095115,0.1311053984575835,0.1028277634961439,17201.529166666667,48883.295000000006,-34561.03,-2.0326267692227167,2.8619870844031348,0.010680796702302,1389.2500434109857,14246.34246778673,MODERATELY_VARIABLE
200678.38,846.7442194092827,864.23,200.0055285865168,502.14,1199.56,237,1,0,523318.44,4324.945785123967,2784.55,4274.603422912421,109.51,17879.72,121,383,0.6736292428198434,0.0861618798955613,0.1488250652741514,0.0913838120104438,16723.198333333334,43609.87,-28572.7,-1.690859280843221,2.5864486963648705,0.0129088504088504,1799.4976885576282,16931.741481697518,MODERATELY_VARIABLE
389727.03,129909.01,140160.44,28352.137250741787,97857.01,151709.58,3,1,0,619546.17,4840.204453125,2442.37,4836.488616467873,131.27,17472.3,128,150,0.18,0.2,0.3666666666666666,0.2533333333333333,32477.2525,51628.8475,-20582.95583333333,0.1131163170812203,0.0535503495854463,0.0201797385620915,78050.58965993195,18784.00696354657,MODERATELY_VARIABLE
838975.08,23304.86333333333,24219.01,10397.344582353708,7172.93,39501.25,36,3,1,550638.6,4078.804444444445,2372.99,3943.144450018468,216.04,17536.98,135,194,0.1597938144329896,0.3144329896907216,0.3865979381443299,0.1391752577319587,69914.59,45886.55,21291.6575,0.2661832294415243,0.6181019244218815,0.092124023406834,37240.84894823181,15359.469293493305,HIGHLY_VARIABLE
208456.92,843.955141700405,841.24,196.79081081860107,501.6,1198.96,247,1,0,533857.2,4236.961904761904,2393.075,4192.242457367697,189.42,17695.93,126,402,0.6915422885572139,0.0547263681592039,0.1741293532338308,0.0796019900497512,17371.41,44488.1,-30982.022500000003,-1.8070592439900028,2.584332061035787,0.0193774084083832,2762.101812562968,17666.248496838667,MODERATELY_VARIABLE
202619.09,854.9328691983122,860.73,198.2681984235989,500.61,1197.8,237,1,0,600337.04,4382.022189781023,2703.8,4352.316912986034,113.91,17989.38,137,386,0.7176165803108808,0.0854922279792746,0.1269430051813471,0.0699481865284974,16884.924166666668,50028.08666666667,-34507.765,-2.056031780042429,2.9707667386386927,0.0082081150629537,2020.2137017852988,16801.41206871631,MODERATELY_VARIABLE
1050611.81,38911.54851851852,40293.23,14131.194895407194,8736.09,55088.29,27,1,0,514184.74,4249.460661157024,3157.88,3504.5282604367103,259.03,14214.07,121,167,0.1676646706586826,0.1796407185628742,0.5029940119760479,0.1497005988023952,87550.98416666668,42848.72833333333,43401.989166666666,0.4625973828679363,0.3598272544914729,0.0111607142857142,48752.71805655287,13751.878346591477,MODERATELY_VARIABLE
203721.86,863.228220338983,891.67,202.79558953251563,500.8,1199.36,236,1,0,598952.05,4950.016942148761,3323.24,4373.300157417898,126.08,17997.62,121,370,0.7189189189189189,0.0891891891891892,0.0945945945945946,0.0972972972972973,16976.821666666667,49912.67083333334,-34987.715000000004,-2.1512469051544447,3.034500015428423,0.0107689801238188,2050.304305630724,23013.48495752849,MODERATELY_VARIABLE
204835.91,846.4293801652892,842.13,198.1189889542684,504.45,1195.47,242,1,0,510575.13,4363.89,2602.1,4002.1276124753854,112.51,16431.09,117,378,0.716931216931217,0.0661375661375661,0.1428571428571428,0.074074074074074,17069.659166666668,42547.9275,-29348.6425,-1.7413561060667782,2.498793028038317,0.0187194786993174,1552.4605892491984,12341.165292559495,MODERATELY_VARIABLE
459380.08,35336.92923076923,36393.11,3375.4100402876024,28919.68,39955.31,13,1,0,561314.28,4385.2678125,2753.215,4056.3038413657614,150.86,16977.08,128,156,0.2115384615384615,0.1794871794871795,0.4102564102564102,0.1987179487179487,38281.67333333333,46776.19,-9369.856666666668,-0.0247605233455432,0.7545847721296308,0.0960164835164835,28134.724549452258,13434.712224659605,STABLE
471418.49,33672.749285714286,32516.51,4090.518389099477,28603.75,39847.57,14,1,0,550978.62,4516.218196721312,2947.93,4115.600302117756,284.37,16301.08,122,145,0.2482758620689655,0.1724137931034483,0.3655172413793103,0.2137931034482758,39284.87416666667,45914.885,-8353.975833333336,0.0403062961205948,0.6832337880559126,0.1176282051282051,27512.78468320681,13517.91961671584,STABLE
197461.44,854.8114285714286,857.15,202.14244260173024,504.79,1197.3,231,1,0,526207.24,4047.748,2673.665,3392.699935596879,153.78,14324.89,130,375,0.712,0.08,0.1173333333333333,0.0906666666666666,16455.12,43850.60333333333,-29639.59833333333,-1.7641650813132912,2.6209077087845976,0.011628086419753,1962.4112047126653,14820.348385875865,MODERATELY_VARIABLE
318694.84,106231.61333333331,111621.91,50218.09409012884,53535.81,153537.12,3,1,0,601943.91,5016.199250000001,3172.87,4485.561451312545,152.99,17354.86,120,139,0.1798561151079136,0.2877697841726618,0.3381294964028777,0.1942446043165467,26557.90333333333,50161.9925,-27237.470833333336,0.0765014794161108,0.0808134717041455,0.0451749639249639,76699.84436949062,18511.01186005539,HIGHLY_VARIABLE
270706.79,33838.34875,33701.399999999994,2361.685411906611,30409.46,37772.34,8,1,0,593525.15,4150.525524475524,2612.47,3834.54225542195,128.66,17453.44,143,173,0.1791907514450867,0.2312138728323699,0.3410404624277456,0.2485549132947976,22558.899166666662,49460.42916666667,-30454.431666666667,-0.0728403915656924,0.5255114523098924,0.0851870351870351,26349.68978157961,18318.11386520232,STABLE
2313739.37,25708.215222222225,25980.59,13109.680969351712,5140.58,49882.43,90,1,0,622898.07,4417.716808510638,3130.68,3843.269763111002,192.02,17140.24,141,256,0.23828125,0.23828125,0.38671875,0.13671875,192811.61416666667,51908.17249999999,138086.05500000002,0.6852499234247237,0.2957896558571858,0.0167015050167224,66761.82554781281,15527.705959521709,HIGHLY_VARIABLE
310014.69,34446.07666666667,35427.17,3646.292862987696,28638.56,38412.8,9,1,0,632637.65,4651.747426470589,3143.115,4298.469154393524,113.01,17549.9,136,165,0.2363636363636363,0.2303030303030303,0.3636363636363636,0.1696969696969697,25834.5575,52719.80416666667,-30354.521666666667,-0.1522511203439696,0.634874386424392,0.0893528362762108,34280.221054349095,21215.680165317888,STABLE
198570.53,844.9809787234043,843.49,209.86004241609248,503.08,1199.42,235,1,0,523585.79,3878.413259259259,2463.96,3687.4972726558735,102.36,17778.02,135,386,0.6917098445595855,0.1062176165803108,0.1062176165803108,0.0958549222797927,16547.544166666667,43632.14916666666,-28714.364166666663,-1.7247211642547466,2.6299916750303214,0.0099245253657018,1618.0543655798367,15523.52498199102,MODERATELY_VARIABLE
513486.42,128371.605,143354.435,56573.72733892208,54185.26,172592.29,4,1,0,481992.15,4084.679237288136,2849.45,3611.365134041824,201.9,16263.73,118,138,0.2536231884057971,0.1956521739130435,0.391304347826087,0.1594202898550724,42790.535,40166.0125,1120.278333333329,0.122211643377629,0.1277883566223709,0.0128968253968253,101388.24838046607,11711.521910880694,HIGHLY_VARIABLE
557123.35,22284.934,23168.12,10952.06805860656,7084.54,39434.68,25,3,1,466234.58,3853.178347107438,2136.42,3931.058916075147,104.21,17394.66,121,164,0.1707317073170731,0.2195121951219512,0.4329268292682927,0.1768292682926829,46426.94583333333,38852.88166666666,6438.049166666668,-0.5692495879242151,1.4189118048783618,0.0620273109243697,32358.923077343952,18364.342293202502,HIGHLY_VARIABLE
391436.41,35585.12818181818,37007.7,3360.5082943591083,29100.87,38766.17,11,1,0,603578.76,4642.913538461538,3084.035,4029.707164324609,233.7,17508.11,130,163,0.1717791411042944,0.1595092024539877,0.4539877300613497,0.2147239263803681,32619.70083333333,50298.23,-20525.5525,-0.4979063298014165,1.255386413743218,0.1043974407944996,18378.01147006264,26546.455210684053,STABLE
186151.25,838.5191441441441,809.38,197.0037818266829,500.57,1198.58,222,1,0,443536.47,3727.197226890756,2714.83,3420.046026747952,101.1,16046.47,119,359,0.6880222841225627,0.1002785515320334,0.1337047353760445,0.0779944289693593,15512.604166666666,36961.372500000005,-23122.46083333333,-1.652996055920738,2.5310724828757034,0.0056513409961685,2497.3975990781,14784.94883499194,MODERATELY_VARIABLE
729037.69,22092.05121212121,25063.81,8199.563626367471,6294.49,36396.41,33,3,1,597955.89,4152.471458333333,2780.23,4042.403991693568,136.1,17988.52,144,189,0.1904761904761904,0.2751322751322751,0.3703703703703703,0.164021164021164,60753.14083333333,49829.6575,9678.38083333333,0.1841552068077386,0.6340739667156731,0.0557583194096351,35540.117991552346,12702.32535316351,MODERATELY_VARIABLE
2252546.92,26816.03476190476,25963.895,12388.935534572724,5008.54,49560.68,84,1,0,541697.12,4265.331653543307,2900.93,4043.5813517456686,204.81,17536.52,127,239,0.2384937238493724,0.209205020920502,0.3765690376569037,0.1757322175732217,187712.2433333333,45141.426666666666,138534.50999999998,0.6877926780454723,0.2782567222255105,0.0303449596212754,65299.0783570774,16710.811147003733,HIGHLY_VARIABLE
631692.25,21056.408333333333,21646.77,9747.82151457516,5214.18,39032.63,30,3,1,640607.58,4890.134198473282,3210.93,4311.25573443229,228.34,17469.31,131,176,0.1875,0.25,0.3693181818181818,0.1931818181818181,52641.020833333336,53383.965,-2895.186666666666,-0.5575586761051742,1.4449443968758604,0.0489008980785296,30309.44429862189,23180.16938850005,HIGHLY_VARIABLE
368404.76,33491.34181818182,32963.11,3527.3188940463488,28899.38,39757.64,11,1,0,466347.67,3587.2897692307693,2467.03,3223.389588654176,139.23,16641.27,130,159,0.2389937106918239,0.1320754716981132,0.3647798742138364,0.2641509433962264,30700.396666666667,38862.30583333333,-10568.671666666669,-0.095455049959486,0.7177258331281356,0.0968442301162889,26402.200148842738,16507.245312938667,STABLE
1069541.29,38197.90321428572,40474.7,15730.475332225767,8715.17,58527.3,28,1,0,642684.85,4868.824621212121,3403.905,4339.655864366306,208.86,17258.04,132,175,0.1828571428571428,0.1942857142857142,0.48,0.1428571428571428,89128.44083333334,53557.07083333333,33689.925,0.1424762596670798,0.5803793546156074,0.018969298245614,83319.28209946412,22695.39477841964,HIGHLY_VARIABLE
293514.18,146757.09,146757.09,16524.477364497805,135072.52,158441.66,2,1,0,500547.21,3972.596904761905,2972.0200000000004,3671.274905603331,114.0,17935.96,126,144,0.2222222222222222,0.25,0.3611111111111111,0.1666666666666666,24459.515,41712.2675,-19956.40333333333,0.1206001552945434,0.0452648493176694,0.0401764901764901,57341.98112622462,18535.3833371538,STABLE
721633.51,31375.37,26157.45,14949.703025645387,10412.82,54698.37,23,1,0,606361.72,4525.087462686567,3169.83,3907.840711563088,126.78,14776.36,134,175,0.2171428571428571,0.2228571428571428,0.4571428571428571,0.1028571428571428,60136.12583333333,50530.14333333333,6057.945833333335,-0.2382752463709279,1.103808065139624,0.0407463637726795,43111.06822915359,13543.965474887083,HIGHLY_VARIABLE
205606.62,853.1395020746887,845.93,200.031330276662,511.28,1197.27,241,1,0,462251.66,3852.097166666667,2425.79,3689.975181259065,127.34,15920.54,120,384,0.7005208333333334,0.0703125,0.1276041666666666,0.1015625,17133.885,38520.97166666667,-24643.454166666663,-1.4694719214291772,2.2769346525823355,0.0133106547216587,1917.8880255659064,17425.36778821551,MODERATELY_VARIABLE
372415.12,33855.92,34649.69,2997.779923286564,28093.55,37533.52,11,1,0,505699.57,4475.217433628319,2788.86,4217.797586361779,240.91,16494.6,113,139,0.1726618705035971,0.2517985611510791,0.39568345323741,0.1798561151079136,31034.59333333333,42141.630833333336,-12355.564166666663,-0.2067553285757706,0.8589132561786395,0.0982503607503607,30925.885319250054,19662.04722702757,STABLE
778483.48,111211.92571428572,100212.43,45178.35369339017,45876.29,167767.21,7,1,0,539777.13,4613.479743589744,3595.61,3864.842803929456,121.3,17853.66,117,142,0.2323943661971831,0.1338028169014084,0.3873239436619718,0.2464788732394366,64873.62333333333,44981.4275,17478.388333333325,0.2049404355257309,0.1209844612772806,0.0404761904761904,119665.62000808756,19521.77068614848,HIGHLY_VARIABLE
2397805.14,26941.630786516856,24938.18,12218.300251097198,5098.38,49872.78,89,1,0,515267.41,3963.5954615384617,2349.88,4146.517557224274,267.84,17266.3,130,243,0.3127572016460905,0.2016460905349794,0.3251028806584362,0.1604938271604938,199817.095,42938.950833333336,154329.37999999998,0.6832743541402905,0.2995104574122705,0.0189538931514634,90989.75985158065,19241.920979684608,HIGHLY_VARIABLE
207177.22,866.8502928870292,872.38,199.9570350245177,500.82,1199.8,239,1,0,552121.87,3943.727642857143,2654.32,3525.5258672350315,123.14,16742.39,140,390,0.6923076923076923,0.0974358974358974,0.1128205128205128,0.0974358974358974,17264.768333333333,46010.15583333333,-31491.7875,-1.8886748014982773,2.7230165223734217,0.0075396825396825,1829.656978501377,19155.23435630654,MODERATELY_VARIABLE
590014.04,18437.93875,19018.31,9884.711452099293,5395.54,38683.32,32,3,1,601229.28,4771.660952380953,3147.94,4238.966576401078,306.87,17379.45,126,177,0.2146892655367231,0.2598870056497175,0.3559322033898305,0.1694915254237288,49167.83666666667,50102.44,-5005.76583333333,-1.1429300586030031,1.7461557898826292,0.0654496915623076,35489.93483457255,16915.12249749587,HIGHLY_VARIABLE
391450.06,97862.515,100677.795,16074.668445892336,76899.67,113194.8,4,1,0,478062.23,3794.1446825396815,2468.1800000000003,3857.774260231552,123.2,17520.48,126,141,0.2695035460992908,0.1914893617021276,0.3191489361702128,0.2198581560283688,32620.838333333333,39838.519166666665,-8015.632500000001,0.1291828373419181,0.0374838293247485,0.0083333333333333,76908.05510766049,20848.714150357944,STABLE
2716334.01,26630.72558823529,26477.445,12909.260341138845,5783.71,49866.07,102,1,0,568729.16,4151.307737226278,3138.02,3639.0336893925305,181.48,15066.77,137,258,0.3023255813953488,0.2364341085271318,0.3217054263565891,0.1395348837209302,226361.1675,47394.09666666667,176404.18000000002,0.751508964772481,0.2378148707256232,0.0210404483430799,72736.06924511377,14488.863224789606,HIGHLY_VARIABLE
685711.66,114285.27666666669,132908.79,46774.84956177911,50093.25,164812.73,6,1,0,689846.88,4858.07661971831,3189.31,4094.4709703545855,209.93,17077.81,142,163,0.2269938650306748,0.1963190184049079,0.3374233128834356,0.2392638036809816,57142.638333333336,57487.24,-2149.030000000001,0.2258678462676267,0.0971432092867367,0.0221590909090909,87845.36153958591,25552.79597554408,HIGHLY_VARIABLE
326034.39,108678.13,116021.56,53458.50207767985,51927.54,158085.29,3,1,0,542780.43,4485.788677685951,3013.75,4052.4151103062286,147.84,17404.83,121,134,0.2313432835820895,0.2238805970149253,0.3432835820895522,0.2014925373134328,27169.5325,45231.70250000001,-18885.57416666667,0.1384789127484436,0.1115210872515564,0.0139860139860139,54180.02714389621,13544.261163240202,HIGHLY_VARIABLE
442815.17,34062.70538461539,34307.45,3223.969802310538,29700.24,38775.35,13,1,0,625189.99,4465.642785714285,3064.105,4020.6720348148942,114.63,17697.69,140,172,0.1976744186046511,0.2267441860465116,0.4011627906976744,0.1744186046511628,36901.26416666667,52099.16583333333,-17031.968333333334,-0.3249675746696241,1.0225936630773853,0.0975916308636896,32136.95362856243,16859.342608768187,STABLE
2831565.34,28035.3003960396,27314.52,13120.465673374092,5663.5,49019.63,101,1,0,632621.76,4866.321230769231,3605.25,4094.230204860527,139.79,17602.48,130,244,0.2622950819672131,0.290983606557377,0.290983606557377,0.1557377049180328,235963.7783333333,52718.48,180721.7383333333,0.7433734652346957,0.2392906526802408,0.0209554334554334,70383.21575270445,15064.231040287576,HIGHLY_VARIABLE
448535.3,34502.71538461538,35373.18,3506.356480495136,29082.65,39067.31,13,1,0,567441.6,4398.772093023255,2906.73,4195.554684212408,143.51,17958.84,129,166,0.1867469879518072,0.1927710843373494,0.4698795180722891,0.1506024096385542,37377.941666666666,47286.8,-13925.376666666669,-0.1343250253823894,0.829374762997355,0.118308958198664,30684.294127992,15408.585354757146,STABLE
2328322.97,24769.393297872342,23203.52,12558.52282562272,5607.9,49996.91,94,1,0,556353.59,4597.963553719008,3086.13,3908.5687219159618,104.92,16654.89,121,227,0.3436123348017621,0.1674008810572687,0.3480176211453744,0.1409691629955947,194026.91416666668,46362.79916666666,146392.17750000002,0.7258575890180613,0.2666729173083892,0.0166666666666666,59394.018210817325,13600.819336212771,HIGHLY_VARIABLE
744676.1,106382.3,116504.56,43946.406417754646,51557.63,167892.18,7,1,0,613702.15,4757.381007751938,3557.42,3553.460691331816,114.45,16603.06,129,149,0.2013422818791946,0.2080536912751678,0.3892617449664429,0.2013422818791946,62056.34166666667,51141.84583333333,10385.285833333332,0.2444332754142819,0.0889000579190513,0.0124777183600713,101303.08958584064,20857.590527331013,HIGHLY_VARIABLE
977059.12,34894.96857142857,37289.275,16143.925597689176,9174.61,58871.81,28,1,0,634166.23,4595.407463768116,3139.9,4451.336600423863,154.12,17824.06,138,181,0.1657458563535911,0.2209944751381215,0.430939226519337,0.1823204419889502,81421.59333333334,52847.18583333333,28574.4075,-0.1403294401631446,1.0569961068298113,0.0,70591.46519249649,19852.865360089578,HIGHLY_VARIABLE
597978.85,21356.3875,21631.07,9844.638966825443,7758.83,37431.53,28,3,1,583821.41,4230.589927536232,2876.7,3815.379309255392,188.59,16803.36,138,178,0.1797752808988764,0.2022471910112359,0.4044943820224719,0.2134831460674157,49831.57083333333,48651.78416666667,570.3241666666639,-0.5881763428153536,1.5710021359983382,0.0596509971509971,42379.084197944,13722.61562163812,HIGHLY_VARIABLE
994465.07,34291.89896551724,31978.38,16468.704495163664,9821.63,58832.05,29,1,0,510323.84,4182.982295081967,2931.195,3740.33958435424,163.2,17847.55,122,169,0.1775147928994082,0.1952662721893491,0.4556213017751479,0.1715976331360946,82872.08916666667,42526.98666666666,36219.45166666667,0.3875393927309523,0.4821682864977474,0.0311916433239962,52525.95074316858,23162.772130196463,HIGHLY_VARIABLE
339644.16,33964.416,34517.065,4320.733550138604,28314.71,39207.89,10,1,0,516889.89,4168.46685483871,2264.03,4143.0194586622765,110.1,16623.16,124,154,0.2337662337662337,0.1363636363636363,0.448051948051948,0.1818181818181818,28303.680000000004,43074.1575,-15481.8075,-0.0309040809719174,0.6857723128183836,0.0839646464646464,24241.34743924145,15210.883236433128,STABLE
638485.72,24557.14307692308,27088.935,8354.936832247515,6453.23,36056.3,26,3,1,534274.09,4343.691788617886,3279.85,3724.937031735808,195.79,16991.07,123,170,0.2176470588235294,0.2176470588235294,0.3941176470588235,0.1705882352941176,53207.14333333333,44522.84083333333,4469.529166666668,-0.2325614239456355,1.0155255092279252,0.0971158471158471,35196.66226285161,22240.676512080885,MODERATELY_VARIABLE
514370.72,102874.144,100181.83,47136.53924103286,54845.79,174041.82,5,1,0,551219.35,4340.309842519685,2973.16,3919.898034653165,157.06,16342.49,127,147,0.1904761904761904,0.2448979591836734,0.3197278911564626,0.2448979591836734,42864.22666666667,45934.94583333333,-4303.33833333333,0.1144290740480228,0.0512042953972431,0.010110294117647,132158.00420827285,20736.1082567265,HIGHLY_VARIABLE
324846.19,36094.02111111111,37533.68,3332.1459142324657,31402.21,39788.2,9,1,0,494790.8,3559.646043165468,2327.27,3258.1562604495653,166.37,15591.94,139,159,0.2138364779874214,0.2327044025157232,0.3081761006289308,0.2452830188679245,27070.51583333333,41232.56666666667,-17339.165,-0.1394542833755095,0.8083931485512298,0.0861751674251674,16569.624127741296,14468.517875078942,STABLE
604312.38,20143.746,20800.02,10947.380033647982,5725.14,38801.34,30,3,1,552708.44,4284.561550387596,2942.3,3663.002628898578,113.03,17085.26,129,181,0.1767955801104972,0.2762430939226519,0.3867403314917127,0.1602209944751381,50359.365,46059.03666666666,1347.564166666667,-0.2151822506292295,1.13839260876161,0.0804806644880174,26898.889607986188,12586.449587250085,HIGHLY_VARIABLE
891672.75,30747.33620689655,31144.69,14286.483665458913,8484.07,58365.38,29,1,0,635397.85,4964.045703125,3498.725,4283.556880103427,138.12,17634.47,128,179,0.1899441340782122,0.1396648044692737,0.4636871508379888,0.2067039106145251,74306.0625,52949.82083333333,17421.054166666665,-0.1434658018048861,1.0535918888899818,0.0459558823529411,44637.62005780552,18594.758203013927,HIGHLY_VARIABLE
264830.71,33103.83875,32870.795,3184.093056915615,28564.81,38408.33,8,1,0,466506.52,3673.27968503937,2735.38,3241.556638312157,160.77,16727.87,127,151,0.271523178807947,0.1854304635761589,0.3774834437086092,0.1655629139072847,22069.22583333333,38875.543333333335,-17819.22,0.0358334406281865,0.4548268955887844,0.0666098947348947,26064.46735612104,13718.48698320517,STABLE
2562979.27,26422.466701030928,27178.77,13130.272101328064,5277.74,47969.08,97,1,0,535186.99,4386.778606557377,2884.66,4249.86236212233,216.9,17277.1,122,228,0.2149122807017544,0.3157894736842105,0.3464912280701754,0.1228070175438596,213581.6058333333,44598.91583333333,167871.53166666665,0.7759875052824782,0.2174993825714471,0.0072463768115942,51413.10569025841,19823.78690359339,HIGHLY_VARIABLE
1209804.96,40326.832,41860.745,13359.160996089173,8898.93,59988.37,30,1,0,468862.64,3973.412203389831,2812.46,3702.9663760828607,196.03,15406.59,118,165,0.2181818181818181,0.1939393939393939,0.4,0.1878787878787878,100817.08,39071.886666666665,61745.19333333333,0.5165836734046084,0.4000829932620582,0.0,65171.97496518395,9773.10900926557,MODERATELY_VARIABLE
2883296.82,27724.007884615385,28057.14,13337.118097469116,5834.77,48800.37,104,1,0,511317.41,4333.198389830508,2516.83,4411.673954669127,105.22,17285.52,118,240,0.2375,0.3291666666666666,0.3041666666666666,0.1291666666666666,240274.735,42609.784166666665,194335.8883333333,0.7958949275609078,0.1901530520048962,0.0267868814192343,68995.45768652488,18929.2586107517,HIGHLY_VARIABLE
206730.05,847.2543032786884,847.05,200.3266379664384,503.32,1195.0,244,1,0,432317.83,3825.821504424779,2707.79,3276.453784711784,128.44,16192.04,113,377,0.753315649867374,0.0557029177718832,0.1114058355437665,0.0795755968169761,17227.504166666666,36026.48583333333,-21037.676666666663,-1.213460833406065,2.079885076024479,0.0158367050523913,1604.081835899552,17754.508903620386,MODERATELY_VARIABLE
781465.02,24420.781875,26396.265,8125.546026118925,6501.18,36224.72,32,3,1,488521.16,3939.686774193548,2431.925,3686.9935285476304,105.52,15756.06,124,171,0.1637426900584795,0.327485380116959,0.3333333333333333,0.175438596491228,65122.085,40710.09666666667,23322.046666666665,0.1857710972320493,0.645308236685583,0.1092074248420997,50342.85350552215,13700.63724151434,MODERATELY_VARIABLE
771393.9,154278.78,154052.76,13741.15560982591,140657.19,172413.82,5,1,0,687373.97,4840.66176056338,3180.375,4266.912438618173,300.66,17709.44,142,164,0.1890243902439024,0.2134146341463414,0.3902439024390244,0.2073170731707317,64282.825,57281.16416666666,5675.073333333338,0.1970389778815736,0.0523623434661381,0.0170547385620915,141638.5627669263,19715.07358683496,STABLE
550812.64,91802.10666666667,79008.105,36643.61219999451,64655.16,163260.57,6,1,0,497315.84,3825.5064615384617,2030.205,4075.696369274913,160.15,17446.82,130,151,0.271523178807947,0.1854304635761589,0.3576158940397351,0.1854304635761589,45901.05333333334,41442.98666666666,1108.7341666666682,0.1385617723253885,0.1001494721677498,0.0324383949383949,97717.71084134148,17049.976029531714,MODERATELY_VARIABLE
716437.58,32565.344545454544,31154.915,15265.79526349636,8831.11,58952.73,22,1,0,621250.99,4169.469731543624,2637.52,3898.858043368311,137.18,16356.98,149,185,0.2216216216216216,0.1837837837837838,0.3459459459459459,0.2486486486486486,59703.13166666666,51770.91583333333,4401.133333333333,-0.2560551333395077,1.043855252432408,0.0277221144868203,45903.07415067611,20790.2660646434,HIGHLY_VARIABLE
109822.26,109822.26,109822.26,0.0,109822.26,109822.26,1,1,0,485798.43,4152.123333333333,3353.75,3806.067687641714,135.27,17596.95,117,141,0.2482269503546099,0.226950354609929,0.3829787234042553,0.1418439716312056,9151.855,40483.2025,-34096.168333333335,0.0371849856911218,0.0461483476422114,0.0419871794871794,31702.95568700653,12092.28860301558,STABLE
2375846.41,26108.20230769231,25958.29,13126.499876243568,5191.31,49974.86,91,1,0,557636.86,4192.758345864661,2989.07,3794.43828971314,103.14,17695.37,133,242,0.2768595041322314,0.2520661157024793,0.3347107438016529,0.1363636363636363,197987.2008333333,46469.738333333335,150839.16583333333,0.7145487475938413,0.279526455059757,0.0081349206349206,93127.6713960162,18843.216259502,HIGHLY_VARIABLE
194161.81,833.3124892703862,824.99,204.9853277209025,500.14,1195.24,233,1,0,470246.36,3823.141138211382,2398.66,3460.8148663408124,250.44,16183.07,123,372,0.7258064516129032,0.0725806451612903,0.1370967741935483,0.064516129032258,16180.150833333331,39187.19666666666,-27916.0425,-1.7608727212498956,2.4456075980019407,0.0222936491808154,1932.7698712020829,12005.434449593182,MODERATELY_VARIABLE
1180824.84,33737.85257142857,36914.27,13961.503907697164,9927.72,57048.33,35,1,0,536062.21,3970.831185185185,2504.15,4132.216146095859,125.95,17179.59,135,188,0.1542553191489361,0.1595744680851064,0.5053191489361702,0.1808510638297872,98402.07,44671.85083333333,52224.6675,0.1121222516954643,0.7759454884627256,0.0222718253968253,71063.66998610765,23826.41990452709,HIGHLY_VARIABLE
2834249.61,28342.4961,28592.95,12604.265928023862,5083.74,49951.97,100,1,0,481619.09,4300.170446428571,3087.04,3948.915619186912,155.72,15828.79,112,221,0.2714932126696832,0.2443438914027149,0.3076923076923077,0.1764705882352941,236187.4675,40134.92416666667,193762.2375,0.7967120605953383,0.1922293677489769,0.0141262246525404,78451.80898353334,17355.979963342717,HIGHLY_VARIABLE
2496556.01,29371.247176470584,30552.11,12780.20827162887,7102.64,49961.85,85,1,0,629732.45,4699.495895522387,3499.445,4008.311519405499,222.0,16290.39,134,241,0.2572614107883817,0.2655601659751037,0.3360995850622407,0.1410788381742738,208046.3341666667,52477.70416666666,153460.41583333333,0.7022427678804161,0.2849159380281189,0.019400352733686,77384.95034582916,24176.53691017744,HIGHLY_VARIABLE
281807.39,35225.92375,34990.235,3376.080374123381,29674.61,39777.62,8,1,0,505865.55,4437.417105263158,2374.84,4459.295486674505,143.31,17665.29,114,140,0.1928571428571428,0.2428571428571428,0.3714285714285714,0.1928571428571428,23483.94916666667,42155.4625,-19771.5125,-0.0031931510422649,0.4945648723594118,0.0736471861471861,27455.26824296517,20999.29719099065,STABLE
346688.04,34668.804,35156.475,3431.493491528789,30128.91,39792.86,10,1,0,533057.99,4264.46392,2453.73,4273.770060384643,162.4,17720.88,125,153,0.2026143790849673,0.2287581699346405,0.392156862745098,0.1764705882352941,28890.67,44421.49916666667,-17776.755,-0.0114400317882466,0.5004467810107901,0.0891072775263951,35720.56556694985,12647.530391657468,STABLE
189149.62,840.6649777777777,831.86,207.8407587921332,502.09,1199.07,225,1,0,511897.03,4128.20185483871,2528.505,4021.078061653917,133.05,17056.14,124,362,0.7016574585635359,0.080110497237569,0.1077348066298342,0.1104972375690607,15762.468333333332,42658.08583333334,-29984.360833333336,-1.918214430034719,2.7172179988963534,0.0166990702730645,2286.427698723028,16923.633682987638,MODERATELY_VARIABLE
201729.95,877.0867391304348,888.225,201.36443745787489,502.59,1199.2,230,1,0,633528.61,4557.759784172662,2893.27,4019.606236455252,265.61,16225.86,139,382,0.6884816753926701,0.0890052356020942,0.1518324607329843,0.0706806282722513,16810.829166666666,52794.050833333335,-38150.68583333333,-2.335818850392582,3.198070216992234,0.0131897522522522,2613.7822782406147,12902.791993959683,MODERATELY_VARIABLE
735961.51,22998.7971875,24270.105,9633.777790085773,5065.19,39302.21,32,3,1,651831.84,4689.437697841727,3150.01,4300.333412758698,194.97,16725.03,139,183,0.1912568306010929,0.2568306010928962,0.366120218579235,0.1857923497267759,61330.12583333333,54319.32,3935.260833333334,-0.1255524830140309,0.9469815782387868,0.0888809325922329,36307.45590765406,11814.78804365952,HIGHLY_VARIABLE
849884.22,30353.007857142857,27361.27,14023.970638372308,10378.96,54654.29,28,1,0,501624.47,3981.146587301588,2793.55,3536.814836375388,100.17,16233.67,126,174,0.2241379310344827,0.1379310344827586,0.4425287356321839,0.1954022988505747,70823.685,41802.03916666667,27086.1025,0.3085903067221956,0.5107650940504711,0.0341269841269841,53890.46782820189,17324.178849819567,HIGHLY_VARIABLE
511418.05,20456.722,23988.93,7927.384981862977,5353.46,32117.71,25,3,1,562800.48,4296.186870229008,2611.45,4000.916916496495,118.79,16371.55,131,176,0.1818181818181818,0.2556818181818182,0.3693181818181818,0.1931818181818181,42618.17083333333,46900.04,-7198.625000000001,-0.3437969568971078,1.2077382640791283,0.0422862200435729,26098.10865980016,15667.678258461096,MODERATELY_VARIABLE
228072.79,114036.395,114036.395,3051.0879790740164,111878.95,116193.84,2,1,0,547673.91,4149.044772727273,2651.51,3858.947834785754,153.14,15658.97,132,150,0.24,0.2533333333333333,0.3666666666666666,0.14,19006.06583333333,45639.4925,-27811.15333333333,0.0653532036855426,0.0141807322419595,0.0124777183600713,65838.94335066449,18962.79133357368,STABLE
525727.16,35048.477333333336,35369.04,3165.541923030527,29036.14,39149.91,15,1,0,695628.35,4576.5023026315785,3150.1400000000003,4065.627440838943,123.54,16163.7,152,181,0.1712707182320442,0.2154696132596685,0.4475138121546961,0.1657458563535911,43810.59666666667,57969.02916666667,-16111.796666666669,-0.1273958204281005,0.8514576808195091,0.1113835238835238,33436.810853769945,22651.516854732414,STABLE
2436858.21,26487.58923913044,26564.945,12682.601584293398,5293.35,49561.17,92,1,0,546835.85,4339.967063492063,2792.42,4253.59054286744,187.09,17668.79,126,236,0.2627118644067797,0.2923728813559322,0.326271186440678,0.1186440677966101,203071.5175,45569.65416666667,156257.255,0.7664152571937475,0.227573306012483,0.0173941798941798,62055.419803718425,23259.9450605579,HIGHLY_VARIABLE
705668.72,22052.1475,22771.92,10042.77121888498,5801.5,39302.74,32,3,1,583438.97,4821.809669421487,3654.43,4496.808195704655,104.99,16659.61,121,166,0.1867469879518072,0.3614457831325301,0.2891566265060241,0.1626506024096385,58805.72666666666,48619.91416666666,8135.797500000001,0.0226598471567954,0.9461424236118502,0.0786931818181818,23133.691969153148,17234.239280805075,HIGHLY_VARIABLE
261490.85,32686.35625,32254.98,3226.770265924637,29106.96,38294.88,8,1,0,542913.52,4144.378015267176,3060.16,3660.030494063471,101.48,17368.87,131,161,0.1987577639751552,0.186335403726708,0.3664596273291925,0.2484472049689441,21790.904166666664,45242.793333333335,-25249.60083333333,-0.0544992705025129,0.5265892219551324,0.0687121429768488,24868.03816487686,17695.787052576994,STABLE
1037479.03,34582.634333333335,33445.055,16109.176522782816,8351.91,58919.99,30,1,0,589732.02,4400.985223880597,3285.215,3636.076652460864,115.74,17702.88,134,179,0.217877094972067,0.1675977653631284,0.4189944134078212,0.1955307262569832,86456.58583333333,49144.335,35904.964166666665,0.2613289767943994,0.6460793228696647,0.0087962962962962,60095.808349331564,16567.991108013888,HIGHLY_VARIABLE
948720.93,30603.90096774193,29946.71,16467.288198964307,8636.56,58708.91,31,1,0,632542.69,4303.01149659864,2669.76,4190.457986948273,187.66,17365.82,147,196,0.1938775510204081,0.2295918367346938,0.4387755102040816,0.1377551020408163,79060.0775,52711.89083333334,23466.30416666667,0.1108848028804689,0.7785154920337387,0.0279839713663243,52819.59495428707,19319.12725287109,HIGHLY_VARIABLE
832954.29,118993.47,137399.42,50406.373160224495,42073.64,171046.6,7,1,0,487277.84,3961.608455284553,2111.34,4156.007271698192,103.22,17618.72,123,139,0.1654676258992805,0.2517985611510791,0.3597122302158273,0.2230215827338129,69412.8575,40606.48666666666,27977.573333333337,0.1931830675280235,0.0485416996500322,0.0187908496732026,166600.20730353723,19182.02319501367,HIGHLY_VARIABLE
1815399.85,26310.14275362319,25661.11,13949.348269751856,5225.88,49045.47,69,1,0,547210.36,4677.011623931624,2900.21,4616.632609620006,110.09,17729.4,117,206,0.2766990291262136,0.2621359223300971,0.3203883495145631,0.1407766990291262,151283.32083333333,45600.863333333335,103804.49583333332,0.5417454356239945,0.4426011035457415,0.0142001114827201,73336.67628353453,20038.013716245943,HIGHLY_VARIABLE
2261302.24,27576.85658536585,26531.355,12598.044489402748,5469.33,49839.61,82,1,0,603448.78,4105.093741496599,2285.12,4111.023617982827,129.38,17913.05,147,251,0.3227091633466135,0.2709163346613545,0.2868525896414343,0.1195219123505976,188441.8533333333,50287.39833333334,135298.7358333333,0.7050911558245018,0.2816234478717172,0.0227337477337477,56858.59319869559,14487.07109869087,HIGHLY_VARIABLE
321439.29000000004,107146.43,136891.01,52266.97100293741,46795.78,137752.5,3,1,0,643471.38,5066.703779527559,3174.63,4501.911405412245,261.57,17473.78,127,150,0.16,0.2266666666666666,0.3666666666666666,0.2466666666666666,26786.6075,53622.615,-29047.5,0.0908396371151161,0.0758270295515505,0.0296272355095884,63379.77034115268,16943.962199088393,HIGHLY_VARIABLE
2429514.54,29628.22609756097,30977.445,11753.602462726763,5042.62,49258.44,82,1,0,694575.39,4661.579798657718,3154.15,4496.399403415708,113.97,17470.48,149,246,0.2520325203252032,0.2642276422764227,0.3577235772357723,0.1260162601626016,202459.545,57881.2825,144157.715,0.6481077593724357,0.3477779214633272,0.0084175084175084,64841.08889980117,23458.630234747347,MODERATELY_VARIABLE
501348.15,125337.0375,129763.3,56598.90779990628,67185.42,174636.13,4,1,0,592988.48,4596.80992248062,3419.37,4004.715489183208,114.99,17152.34,129,146,0.1917808219178082,0.2602739726027397,0.3082191780821918,0.2397260273972602,41779.0125,49415.706666666665,-8515.612500000001,0.1289124702563578,0.0366721017468393,0.0163690476190476,102820.53707493348,12734.880882921756,HIGHLY_VARIABLE
573450.84,22055.801538461536,23816.775,8953.472721334305,7504.46,39566.88,26,3,1,543204.05,4210.884108527132,2417.78,4137.712851435224,115.36,17201.29,129,170,0.188235294117647,0.2823529411764706,0.3058823529411765,0.2235294117647059,47787.57,45267.00416666667,572.4166666666642,-0.1281766768914588,0.9101405682490972,0.057888091440723,34873.78115396358,17596.17069460928,HIGHLY_VARIABLE
902618.75,36104.75,35107.53,15500.625489174892,8499.39,56876.97,25,1,0,527523.6900000001,3878.850661764706,2398.125,3698.9032813683207,128.52,15820.39,136,180,0.15,0.2,0.4333333333333333,0.2166666666666666,75218.22916666667,43960.3075,28235.528333333325,-0.5757127425245393,1.4543469990679585,0.0212710084033613,69036.10929924827,22252.272677235025,HIGHLY_VARIABLE
600244.83,20008.161,23395.48,9673.137153110065,5296.14,37717.29,30,3,1,664293.73,4488.4711486486485,3042.8050000000003,4315.341667428304,138.34,17274.31,148,199,0.2110552763819095,0.271356783919598,0.3115577889447236,0.2060301507537688,50020.4025,55357.81083333333,-7237.968333333333,-1.7807884307751936,2.699474483812271,0.0631321225071225,38056.92889577454,14910.124494122936,HIGHLY_VARIABLE
1069698.52,32415.106666666667,27649.48,16465.33349021526,8001.84,59078.29,33,1,0,583609.2,4139.072340425531,2749.22,3987.378332950226,151.1,17781.75,141,193,0.1709844559585492,0.2124352331606217,0.4766839378238341,0.1398963730569948,89141.54333333333,48634.1,37864.87416666666,0.076113142035856,0.7051100134681706,0.0249999999999999,72524.62561093694,22500.83226341558,HIGHLY_VARIABLE
460245.98,153415.32666666666,151316.87,14815.873556642997,139760.56,169168.55,3,1,0,557933.41,4499.462983870968,2650.375,4233.763356751571,165.47,17752.16,124,146,0.184931506849315,0.2328767123287671,0.3424657534246575,0.2397260273972602,38353.831666666665,46494.450833333336,-11430.595833333336,0.1870307794459557,0.0629692205540442,0.0391462703962703,69671.70466815516,22254.13894442946,STABLE
771062.21,22030.348857142857,23390.94,8855.704810554997,5441.54,38799.63,35,3,1,518334.56,3926.77696969697,2360.865,3849.1132515375193,116.03,17415.27,132,192,0.1614583333333333,0.28125,0.4010416666666667,0.15625,64255.184166666666,43194.54666666667,18682.125000000004,0.0382402711710593,0.9137903380354048,0.1029602546146663,27874.13195728335,14137.5607040673,HIGHLY_VARIABLE
385068.48,128356.16,125059.43,34322.198211211646,95801.28,164207.77,3,1,0,541117.91,4130.6710687022905,2421.29,3981.5184056681487,155.19,17997.24,131,152,0.1842105263157894,0.2565789473684211,0.3421052631578947,0.2171052631578947,32089.04,45093.15916666667,-14888.89166666667,0.0754476904991029,0.0078856428342304,0.0362268518518518,111159.69529222,16370.49598660149,MODERATELY_VARIABLE
520235.82,20809.4328,19032.43,10093.638304872828,5408.56,39348.91,25,3,1,646136.26,4336.484966442953,2974.68,4172.306608651153,100.51,17193.17,149,195,0.1846153846153846,0.2717948717948718,0.358974358974359,0.1846153846153846,43352.985,53844.68833333333,-14290.320833333331,-0.9301708568570628,1.7894417693105584,0.0624060150375939,29901.2675761965,16848.1440093797,HIGHLY_VARIABLE
739504.13,18961.64435897436,20530.65,9501.21237080405,5746.48,37547.65,39,3,1,511328.79,4123.619274193548,2586.1400000000003,4087.488316147727,125.67,17968.75,124,181,0.1712707182320442,0.281767955801105,0.3867403314917127,0.1602209944751381,61625.34416666667,42610.732500000006,15427.810833333337,0.1813635156567237,0.6165392222442794,0.0772249229099074,37870.45500094127,15149.016771033586,HIGHLY_VARIABLE
1184079.42,32891.095,33335.47,13751.467996822012,8362.22,59590.67,36,1,0,353524.22,3432.273980582524,2146.04,3436.2714641335183,128.35,16075.93,103,151,0.1788079470198675,0.1721854304635761,0.4701986754966887,0.1788079470198675,98673.285,29460.351666666666,67709.85083333333,0.583039716108293,0.3971380793445315,0.0260416666666666,65020.86959846864,12167.84744936188,HIGHLY_VARIABLE
259213.15,129606.575,129606.575,46930.38715357088,96421.78,162791.37,2,1,0,503765.01,4062.621048387097,2568.77,3852.0014739008952,111.49,17898.46,124,146,0.1986301369863013,0.2123287671232876,0.4041095890410959,0.184931506849315,21601.095833333333,41980.4175,-23322.729166666668,0.1143689428809795,0.047244951820527,0.0512269235179451,52396.13249991496,19096.22271382872,MODERATELY_VARIABLE
981798.5,33855.120689655174,34270.65,13948.801095214223,12050.97,58566.72,29,1,0,556171.05,4030.225,2454.575,3913.080328230473,106.97,17793.1,138,185,0.1621621621621621,0.1945945945945946,0.4324324324324324,0.2108108108108108,81816.54166666667,46347.5875,31636.501666666667,0.0822195287353439,0.7754282762359731,0.0320263800526958,51752.06212933036,19147.141583894743,HIGHLY_VARIABLE
936340.05,36013.07884615385,39399.405,13784.217907153186,10126.1,54342.98,26,1,0,661100.09,5418.853196721311,4114.735000000001,4337.535619718801,126.96,17713.24,122,158,0.2088607594936709,0.1835443037974683,0.4177215189873418,0.189873417721519,78028.33750000001,55091.67416666666,22512.759166666667,0.2544348284404163,0.575678916713874,0.0128968253968253,49856.12144685073,23238.84462346121,MODERATELY_VARIABLE
2646969.26,28462.03505376344,28831.67,12728.022422658309,5149.32,49420.65,93,1,0,514585.12,4149.88,2987.37,3810.56030927617,120.93,17539.02,124,225,0.2844444444444444,0.2755555555555555,0.3022222222222222,0.1377777777777777,220580.77166666664,42882.09333333333,176073.60333333336,0.7769071099723375,0.2092743825493628,0.0146422205245734,71992.96766759727,19293.60463998243,HIGHLY_VARIABLE
197702.75,844.883547008547,845.3050000000001,205.0302532199417,517.98,1199.9,234,1,0,566112.48,4256.484812030075,2964.53,3659.008722673728,140.75,17178.81,133,384,0.7005208333333334,0.078125,0.1276041666666666,0.09375,16475.229166666668,47176.04,-33230.61833333333,-2.030718613941617,2.8759569264546605,0.0137428178802652,2061.229146197871,22919.18665252444,MODERATELY_VARIABLE
730436.27,22826.1334375,23756.46,10453.385172211769,5668.25,38194.9,32,3,1,498943.04,3897.9925,2345.865,3765.6129040552473,100.59,17649.64,128,176,0.1818181818181818,0.2613636363636363,0.3522727272727273,0.2045454545454545,60869.68916666667,41578.58666666666,17469.650833333333,-0.1460774679064749,1.1040567616282595,0.0698089492207139,37092.46029988218,18512.160011333257,HIGHLY_VARIABLE
715529.7,22360.303125,22515.915,10841.596121853849,6148.68,39855.72,32,3,1,517926.45,3808.2827205882354,2499.445,3461.003095976969,115.29,15913.94,136,188,0.1808510638297872,0.2765957446808511,0.3670212765957447,0.175531914893617,59627.475,43160.5375,15112.152500000002,0.1350185182949194,0.8457574964025062,0.08770952094288,27007.882405357985,13222.777540417364,HIGHLY_VARIABLE
539640.1,134910.025,135649.615,29814.32420164117,102690.01,165650.86,4,1,0,562390.43,4196.943507462687,2840.73,4016.308777587724,105.14,16027.31,134,157,0.286624203821656,0.2420382165605095,0.286624203821656,0.1847133757961783,44970.00833333333,46865.86916666666,-4055.893333333332,0.1383327947666278,0.0254429468861438,0.0241185897435897,105029.20585893714,11571.35492845898,MODERATELY_VARIABLE
803125.13,25097.6603125,27232.695,9943.19393152356,6072.12,39442.31,32,3,1,551045.07,3993.080217391304,2786.475,3663.517937294034,133.28,17120.67,138,190,0.1842105263157894,0.2894736842105263,0.3210526315789473,0.2052631578947368,66927.09416666666,45920.42249999999,17976.493333333336,0.2231584870829214,0.5821568134088413,0.1037090292604998,52134.22115641187,14080.028261222362,MODERATELY_VARIABLE
716074.21,24692.214137931034,23617.07,8643.885528030169,7869.61,38391.78,29,3,1,499027.93,4090.392868852459,2534.88,3917.066062657392,143.49,16257.93,122,163,0.2085889570552147,0.263803680981595,0.3558282208588957,0.1717791411042944,59672.85083333333,41585.660833333335,15717.095,-0.2511155299748401,1.1067312265944256,0.091623688131041,33781.342741551736,20744.79119369025,MODERATELY_VARIABLE
562541.13,23439.21375,25123.21,7959.623782680126,7712.84,39269.25,24,3,1,602309.63,4742.595511811023,3215.13,4169.924230570948,350.02,17270.68,127,169,0.1715976331360946,0.2071005917159763,0.4201183431952662,0.2011834319526627,46878.4275,50192.46916666667,-5236.3925,-0.461408904377599,1.302186210652741,0.060767643304408,35480.21773901342,14801.24806484081,MODERATELY_VARIABLE
2674360.19,29715.113222222222,31961.06,12229.701056621354,7571.2,49638.54,90,1,0,574771.64,4321.5912781954885,2700.34,4265.548271563695,162.35,17871.65,133,239,0.2928870292887029,0.2635983263598326,0.3263598326359833,0.1171548117154811,222863.34916666665,47897.636666666665,172948.37416666668,0.6926453833484086,0.2857170154478652,0.0126180101670297,84962.38353062182,18759.181478010043,HIGHLY_VARIABLE
592419.2,21157.82857142857,18589.13,10533.90573273002,5298.86,38767.46,28,3,1,490195.69,4189.706752136753,3222.83,3466.589174171168,262.5,16366.34,117,156,0.2179487179487179,0.3333333333333333,0.2243589743589743,0.2243589743589743,49368.26666666666,40849.64083333333,7242.622500000001,0.0648237741700726,0.6829235187064627,0.0806173537791184,43011.567525579005,20128.96166652078,HIGHLY_VARIABLE
953548.01,36674.92346153846,37493.165,14621.790962648029,10274.93,59095.05,26,1,0,602826.47,4400.193211678832,2943.25,3925.86284682611,124.38,16284.77,137,179,0.1899441340782122,0.1284916201117318,0.4636871508379888,0.217877094972067,79462.33416666667,50235.53916666666,25822.575833333336,0.2846704955395489,0.5788638660599424,0.0345063025210084,43264.72674171304,16027.782233998032,MODERATELY_VARIABLE
191251.43,865.3910859728506,871.25,205.9447261716265,511.13,1196.65,221,1,0,585090.38,4366.346119402985,2852.3,4130.051235173818,353.73,15703.89,134,374,0.6951871657754011,0.0935828877005347,0.1203208556149732,0.0909090909090909,15937.619166666664,48757.53166666667,-35707.41333333333,-2.2775136740400126,3.098218358682068,0.0100688255100019,1829.813580273627,19329.36815839652,MODERATELY_VARIABLE
728023.4,23484.62580645161,25924.79,9976.601216684228,6603.12,39898.45,31,3,1,640639.62,4927.997076923077,3481.26,4367.668482103866,226.37,17999.04,130,179,0.2011173184357542,0.2905027932960894,0.3631284916201117,0.1452513966480447,60668.61666666667,53386.635,5685.430833333332,-0.2537665637352793,1.2325548327878586,0.0752971443760917,40333.56048561575,22345.801321593244,HIGHLY_VARIABLE
448933.4,34533.338461538464,33980.97,3923.10159631986,28115.44,39490.83,13,1,0,503750.3,3650.364492753623,2609.995,3439.291223338883,107.95,17569.2,138,179,0.1620111731843575,0.1787709497206704,0.4525139664804469,0.2067039106145251,37411.11666666667,41979.191666666666,-8552.930833333332,0.0048780910610872,0.7056410229297355,0.1077396287922603,26104.413101255617,13542.263976288748,STABLE
620196.86,22149.887857142858,23465.825,10691.16007322469,5984.86,38167.49,28,3,1,575041.77,4228.248308823529,2993.5150000000003,3840.75749113183,152.81,16970.45,136,182,0.1923076923076923,0.3241758241758242,0.3131868131868132,0.1703296703296703,51683.07166666666,47920.1475,-36.10000000000037,-0.3659657575768698,1.2139374912606573,0.0853663901458019,32675.89316061191,18278.802515783696,HIGHLY_VARIABLE
335663.01,33566.301,32500.58,3920.574330518568,28067.3,38573.08,10,1,0,479616.15,3717.954651162791,2353.24,3691.647474883133,103.27,17745.25,129,160,0.19375,0.21875,0.3875,0.2,27971.9175,39968.0125,-14008.919166666668,-0.1577242925426114,0.8840853374015634,0.0888290630937689,20029.180932303443,16410.581133361444,STABLE
487695.69,97539.138,81897.82,53718.39157272973,47307.75,165733.34,5,1,0,650799.56,4785.2908823529415,2773.57,4616.763861891505,150.22,17925.38,136,153,0.2222222222222222,0.2287581699346405,0.2745098039215686,0.2745098039215686,40641.3075,54233.29666666667,-15614.026666666668,0.1455141902604835,0.1016743645151522,0.0300486890560419,75872.53150057106,23705.03320825168,HIGHLY_VARIABLE
492675.12,32845.008,31964.1,3095.7396843662414,29560.94,38662.7,15,1,0,449360.8,3538.274015748032,2161.99,3402.6922333313405,138.54,14872.58,127,161,0.1925465838509316,0.2484472049689441,0.3602484472049689,0.1987577639751552,41056.26,37446.73333333333,1935.4725,0.0474187824920087,0.7666925922279941,0.110588023088023,25200.18637798177,13619.401092708842,STABLE
1283373.81,37746.288529411766,37668.945,15653.19474090622,12044.23,59888.35,34,1,0,667876.61,4336.861103896104,2950.525,3916.338777950211,123.94,16985.1,154,206,0.174757281553398,0.1650485436893204,0.4757281553398058,0.1844660194174757,106947.8175,55656.38416666666,50441.955,-0.1513462656075392,1.0637290630849434,0.015530303030303,82917.81239517468,20841.124406306284,HIGHLY_VARIABLE
1059743.05,33116.9703125,30218.115,16943.06366835579,8029.35,58699.63,32,1,0,548441.3,4186.574809160305,2857.05,4089.947541413505,105.72,17859.44,131,183,0.180327868852459,0.2076502732240437,0.4371584699453552,0.174863387978142,88311.92083333334,45703.44166666667,42144.625,0.1782367413465074,0.8196968342681011,0.0046296296296296,56411.95812931099,22579.40586788639,HIGHLY_VARIABLE
548155.34,137038.835,138288.29,33675.06531314576,98641.15,172937.61,4,1,0,636453.48,4329.615510204081,2607.48,4081.412550952533,128.21,17610.38,147,173,0.2023121387283237,0.2080924855491329,0.3294797687861271,0.2601156069364161,45679.61166666666,53037.79,-10766.745833333332,0.1611367068810124,0.0774300119182868,0.0434898008911166,83799.22117325227,16541.618935639006,MODERATELY_VARIABLE
699988.99,24137.551379310346,26214.43,10263.355315157738,5087.11,39867.68,29,3,1,480804.09,4006.70075,2555.535,3788.345235235924,207.67,15974.22,120,163,0.1411042944785276,0.1963190184049079,0.4171779141104294,0.2453987730061349,58332.41583333333,40067.0075,16128.410833333332,-0.239468714026866,1.1986273644208532,0.1034869370395686,37116.39788428717,18489.39847748833,HIGHLY_VARIABLE
464807.48,33200.53428571428,32922.270000000004,3692.156207512424,28904.15,38323.25,14,1,0,433851.08,3740.09551724138,2233.59,3740.30194275469,273.48,15240.16,116,144,0.2083333333333333,0.1944444444444444,0.3541666666666667,0.2430555555555555,38733.956666666665,36154.25666666667,-824.1808333333314,0.1945331120103073,0.5157131998162368,0.1381419506419506,27801.372768303216,14409.181694640103,STABLE
722868.43,24926.497586206897,25742.85,8747.869612218105,6001.72,39716.11,29,3,1,465637.42,3785.670081300813,2407.35,3677.5194143559256,136.2,16080.74,123,168,0.1666666666666666,0.3214285714285714,0.2976190476190476,0.2142857142857142,60239.035833333335,38803.11833333333,19356.82083333333,-0.0303657407742458,0.8938051014863144,0.0876676138189296,52305.15318482239,11096.375191288063,MODERATELY_VARIABLE
433511.31,18848.31782608696,17743.31,9006.942174952888,6734.6,35635.8,23,3,1,479951.92,3720.557519379845,2278.27,3640.161756665155,140.53,17058.43,129,166,0.1686746987951807,0.2108433734939759,0.3975903614457831,0.2228915662650602,36125.9425,39995.99333333333,-6203.844166666667,-0.1395208019862045,0.9179369570886724,0.0613061280824438,24760.74673711824,18132.169994710475,HIGHLY_VARIABLE
777719.61,33813.89608695652,36192.47,16073.199650513596,8631.37,57673.21,23,1,0,548440.82,4532.568760330578,3033.67,4304.518644091456,194.7,17928.49,121,158,0.1329113924050632,0.189873417721519,0.4620253164556962,0.2151898734177215,64809.9675,45703.40166666667,17884.774999999998,0.1142429551920256,0.7873844361068957,0.0173229548229548,36135.98102574147,17887.782990530835,HIGHLY_VARIABLE
875002.63,109375.32875,111529.77,41040.24737384699,61347.29,170517.78,8,1,0,601023.3200000001,4518.972330827068,3439.23,3657.692016393357,291.14,14649.89,133,154,0.2142857142857142,0.2077922077922078,0.3701298701298701,0.2077922077922078,72916.88583333333,50085.27666666667,22264.645,0.2084203332203076,0.120070022309474,0.0138888888888888,151483.8190202921,17376.497347342127,MODERATELY_VARIABLE
853653.4,32832.82307692308,36059.065,13578.082180266189,10710.67,56379.21,26,1,0,531553.7,4252.4296,2652.42,4109.165586854703,106.15,17235.96,125,159,0.1949685534591195,0.1823899371069182,0.4276729559748428,0.1949685534591195,71137.78333333334,44296.14166666666,26614.33916666666,0.295269154395848,0.5364374839424481,0.0069444444444444,45575.48016400113,17345.400102190484,HIGHLY_VARIABLE
2502317.15,26340.180526315788,24499.76,13167.676800155608,5474.67,49523.51,95,1,0,582469.7,4346.788805970149,3411.905,3697.8879285557,168.51,17988.9,134,251,0.2589641434262948,0.2071713147410358,0.3864541832669322,0.147410358565737,208526.42916666667,48539.14166666666,156039.92666666667,0.5633699199839811,0.4099084135450435,0.0210756019579549,108564.6053256433,13106.958401510406,HIGHLY_VARIABLE
627628.54,21642.363448275864,22533.19,10128.251028455814,5253.56,39351.49,29,3,1,605153.7,4261.645774647887,2995.975,4067.767129502554,116.35,17946.17,142,192,0.203125,0.2447916666666666,0.3802083333333333,0.171875,52302.37833333333,50429.475,-2519.794166666668,-1.4027506417712878,2.0536703858637133,0.0736753034547152,53619.89422510164,21264.79537825477,HIGHLY_VARIABLE
592082.0,25742.695652173912,26554.39,8644.018362314237,6446.47,38800.65,23,3,1,634049.66,4226.997733333334,2785.995,3972.3813374385054,160.3,17337.57,150,188,0.2127659574468085,0.2287234042553191,0.351063829787234,0.2074468085106383,49340.16666666666,52837.47166666667,-4746.947499999999,-0.2373685203625547,1.1270788773744485,0.0617680844267531,24581.480706723218,26155.08956973969,MODERATELY_VARIABLE
2450108.86,27529.313033707866,28787.5,13391.999094792433,5470.72,49978.78,89,1,0,528372.89,4594.546869565217,2860.55,4313.247507414591,199.05,17690.87,115,227,0.2819383259911894,0.2863436123348017,0.3215859030837004,0.1101321585903083,204175.7383333333,44031.074166666665,154863.06333333332,0.7287132186999506,0.2417953239556098,0.0370191783807344,69573.76031974854,20169.32756652737,HIGHLY_VARIABLE
189288.78,837.5609734513274,827.725,199.3120655163192,502.51,1196.94,226,1,0,631747.72,4611.297226277372,3173.82,3902.29727508394,122.16,17474.19,137,382,0.7094240837696335,0.0863874345549738,0.1178010471204188,0.0863874345549738,15774.065,52645.64333333333,-38781.6975,-2.4912730815052067,3.3763150362084366,0.0121968121968121,2065.0770516441444,18048.372744339704,MODERATELY_VARIABLE
194116.32,843.984,838.5150000000001,205.8235982723172,501.64,1199.42,230,1,0,439594.57,3789.6083620689656,2386.415,3645.3505416094176,115.16,15882.96,116,369,0.7018970189701897,0.078590785907859,0.1517615176151761,0.067750677506775,16176.36,36632.880833333336,-23689.069166666664,-1.583121903854522,2.3795628453569484,0.0134703545443487,2838.2365088234246,15988.681297605764,MODERATELY_VARIABLE
859915.35,107489.41875,102897.795,53809.76910532231,41971.28,176731.42,8,1,0,533592.1,4201.512598425196,3259.7,3362.028578878233,108.73,16040.16,127,153,0.2091503267973856,0.2549019607843137,0.3725490196078431,0.1633986928104575,71659.6125,44466.00833333333,25292.06416666666,0.1703042319749985,0.076180174015876,0.0352161727161727,179916.66323565817,18453.09819890211,HIGHLY_VARIABLE
627811.34,21648.666896551724,23708.72,8779.969088712307,5215.1,38418.53,29,3,1,521734.27,4044.451705426357,2541.54,3986.207249524431,212.97,17267.79,129,176,0.1534090909090909,0.2443181818181818,0.4318181818181818,0.1704545454545454,52317.61166666666,43477.855833333335,6295.604166666667,-0.7229419074238054,1.5755142981709662,0.0681747016886335,37530.13318283199,18307.3980614348,HIGHLY_VARIABLE
700574.89,30459.77782608696,26825.57,18178.344226580542,8051.27,58913.58,23,1,0,563562.15,4402.829296875,2932.2,4131.4139720312205,126.79,17897.5,128,164,0.2134146341463414,0.2621951219512195,0.3414634146341463,0.1829268292682926,58381.24083333334,46963.5125,9217.7975,-0.8546819954391914,1.677207398893087,0.0152116402116402,47234.87816665109,14289.456723290856,HIGHLY_VARIABLE
2519831.8,26524.54526315789,25383.8,12218.982338560823,5537.26,49819.05,95,1,0,637372.35,4552.659642857143,2793.43,4053.430839638207,116.24,15884.08,140,254,0.2677165354330709,0.2322834645669291,0.3385826771653543,0.1614173228346456,209985.9833333333,53114.3625,153742.01499999998,0.6958262532342792,0.2856620093306437,0.0195163303515706,61804.52753962085,20323.536792200102,HIGHLY_VARIABLE
193004.91,835.5190909090909,836.64,201.5455015785797,504.26,1199.58,231,1,0,640210.71,4355.174897959183,2925.7,4183.95907183539,144.85,17714.16,147,395,0.6962025316455697,0.0835443037974683,0.1367088607594936,0.0835443037974683,16083.7425,53350.8925,-40925.786666666674,-2.5852282997146183,3.37196664205821,0.0142554187590952,1550.2049048556898,20355.40766663208,MODERATELY_VARIABLE
219221.68,73073.89333333333,56297.56,35352.35831151627,49233.11,113691.01,3,1,0,539716.87,4573.871779661017,2924.235,3974.9179421309545,158.23,15740.5,118,136,0.213235294117647,0.2352941176470588,0.3455882352941176,0.2058823529411764,18268.47333333333,44976.40583333333,-29877.23833333334,0.0760021996520481,0.0869072417454148,0.0476500351500351,42701.41859502228,14737.56011383558,HIGHLY_VARIABLE
1039038.89,37108.53178571429,41865.215,13949.909951889387,9451.15,55611.31,28,1,0,466707.97,4058.330173913044,3137.88,3541.736911951136,339.79,17231.97,115,161,0.1366459627329192,0.2049689440993788,0.4347826086956521,0.2236024844720497,86586.57416666667,38892.33083333333,43348.95666666667,0.3979946111526075,0.4654478741352357,0.0443732193732193,47645.97230634476,18773.3090024469,MODERATELY_VARIABLE
692504.96,23083.498666666663,23800.56,10168.753363885668,6712.16,39486.79,30,3,1,413543.47,3596.030173913043,2586.9,3436.7994251585505,108.25,14629.33,115,162,0.1604938271604938,0.3148148148148148,0.3580246913580246,0.1666666666666666,57708.746666666666,34461.95583333333,21385.638333333336,0.0198918024011736,0.9201673692122784,0.1072916666666666,27950.39137442536,17293.93297946866,HIGHLY_VARIABLE
196903.51,859.8406550218341,871.62,204.43973112671983,503.68,1196.68,229,1,0,545661.78,4262.98265625,2816.63,4153.101813745125,145.83,17311.94,128,375,0.6693333333333333,0.0613333333333333,0.1626666666666666,0.1066666666666666,16408.625833333335,45471.815,-31390.1425,-1.9738286703005163,2.821422048457038,0.0077433191018342,1550.435869621292,17960.252438588584,MODERATELY_VARIABLE
541084.38,135271.095,130654.62,29868.23955095501,110193.38,169581.76,4,1,0,521575.98,3863.5257777777774,2719.63,3647.565619848285,144.3,17716.99,135,156,0.1794871794871795,0.2628205128205128,0.3205128205128205,0.2371794871794871,45090.36500000001,43464.665,34.91250000000764,0.1700086934068874,0.0746278384520122,0.0346955128205128,96617.46580627577,8297.748302771935,MODERATELY_VARIABLE
1209834.79,36661.6603030303,36081.34,15516.3469467757,9067.83,59464.7,33,1,0,608900.76,4950.412682926829,3447.01,4281.956230791393,123.02,17618.88,123,177,0.192090395480226,0.1468926553672316,0.4745762711864407,0.1864406779661017,100819.56583333334,50741.73,46526.41416666666,0.3808954488835742,0.502417670223898,0.0319356909430438,58915.23810765235,18018.53746760617,HIGHLY_VARIABLE
692292.23,20978.552424242425,21587.58,9963.660686032405,5952.77,39235.27,33,3,1,504178.89,4201.49075,2653.725,4131.282806382646,299.09,17530.67,120,171,0.2339181286549707,0.239766081871345,0.391812865497076,0.1345029239766081,57691.019166666665,42014.9075,13183.671666666669,0.0428551450024218,0.7841419723972801,0.078710063085063,38665.13332111679,14072.839211288678,HIGHLY_VARIABLE
204681.58,842.3110288065843,825.96,199.6141979502393,505.56,1199.78,243,1,0,475179.65,4026.946186440678,2283.235,3806.314185640989,158.95,17637.91,118,380,0.7105263157894737,0.0894736842105263,0.1131578947368421,0.0868421052631579,17056.798333333336,39598.30416666667,-25043.693333333333,-1.52272982888893,2.377992310723363,0.0157072517287571,1831.383744151517,17304.724569520135,MODERATELY_VARIABLE
353913.67,35391.367,37186.135,3758.4598096503128,30230.54,39087.08,10,1,0,566116.62,4224.750895522388,2477.26,4353.622455198972,103.27,17924.18,134,157,0.1719745222929936,0.2356687898089172,0.4012738853503185,0.1910828025477707,29492.80583333333,47176.385,-19605.935,-0.3027573060540434,0.9174631760077628,0.0925780918427977,28285.46398874757,17614.558889792635,STABLE
576557.74,26207.17,28352.865,10344.187945729762,5749.65,39864.07,22,3,1,518416.14,4050.12609375,2401.465,3874.06251443738,235.33,17221.72,128,165,0.2,0.2909090909090909,0.3272727272727272,0.1818181818181818,48046.47833333333,43201.345,1886.7199999999964,-0.1090168163742858,0.8168476378439227,0.0671576109076109,62404.9637809078,17565.3380456038,MODERATELY_VARIABLE
362499.88,32954.534545454546,32567.7,3161.7396339210595,28180.78,37246.68,11,1,0,587017.16,4932.91731092437,2988.07,4577.754757754085,135.59,17271.0,119,146,0.1986301369863013,0.1575342465753424,0.3835616438356164,0.2602739726027397,30208.323333333334,48918.09666666667,-19307.909166666668,-0.0257898031504653,0.5914801382211915,0.0872408365055423,30121.552680824992,14633.372984414977,STABLE
200426.07,845.6796202531646,840.18,199.70899676594925,500.62,1194.82,237,1,0,629365.37,4593.907810218978,2762.52,4342.483912294984,161.35,17647.48,137,385,0.6987012987012987,0.0805194805194805,0.148051948051948,0.0727272727272727,16702.1725,52447.114166666666,-38197.095,-2.2785801196262856,3.114634993273556,0.010610702614379,1512.9024001214293,25460.68275819529,MODERATELY_VARIABLE
199845.08,857.7042060085836,849.13,198.0540161089606,501.72,1198.52,233,1,0,506246.6,3986.193700787401,2560.05,3888.952386634173,176.95,17906.93,127,379,0.6781002638522428,0.0765171503957783,0.1556728232189973,0.0897097625329815,16653.756666666668,42187.21666666667,-28042.7525,-1.6974667057684851,2.538404081130153,0.0108713624338624,1910.131258842193,21985.016592399446,MODERATELY_VARIABLE
358109.88,32555.44363636364,32530.17,2694.7021390731584,28796.41,35796.17,11,1,0,539526.72,4118.524580152672,2769.08,3789.2808455990007,248.07,16945.77,131,164,0.1402439024390244,0.2621951219512195,0.4268292682926829,0.1707317073170731,29842.49,44960.56,-15987.459166666667,-0.0242320730716624,0.6693419727663351,0.0751350805627121,25170.17742408193,16716.79777336013,STABLE
1093767.92,32169.64470588235,30838.39,15991.72625205642,8676.63,59014.87,34,1,0,545313.7,4227.237984496123,2763.09,4048.306882920968,101.92,17890.43,129,181,0.154696132596685,0.2099447513812154,0.4806629834254143,0.154696132596685,91147.32666666666,45442.80833333333,41847.75333333333,0.2072976914183084,0.7229427612238307,0.0282242063492063,52877.38605409953,15148.446643971503,HIGHLY_VARIABLE
560269.99,112053.998,143497.12,57536.61581577744,47364.37,168906.5,5,1,0,542877.91,4208.355891472868,2351.3,4100.859010527477,136.5,17258.2,129,148,0.1959459459459459,0.2364864864864864,0.3648648648648648,0.2027027027027027,46689.16583333333,45239.825833333336,-1507.4683333333317,0.1225600141980379,0.1096665025355326,0.0240896358543417,105722.46917539736,13531.12343284478,HIGHLY_VARIABLE
513211.71,32075.731875,32071.145,2929.456886867641,28077.91,36508.33,16,1,0,695751.9,4607.628476821193,3152.06,3972.7833745050416,196.96,17882.83,151,185,0.2216216216216216,0.1621621621621621,0.3891891891891892,0.227027027027027,42767.6425,57979.325,-19835.46,-0.3624389789731557,1.1093718996659911,0.1315777188068209,29182.905932628106,24818.378201294698,STABLE
575817.93,20564.926071428574,20897.13,9032.549636719144,5733.84,36935.84,28,3,1,493045.94,3976.176935483871,2444.76,3913.7989599381954,118.13,16231.2,124,167,0.2215568862275449,0.3053892215568862,0.3293413173652694,0.1437125748502994,47984.82750000001,41087.16166666667,5083.054166666668,-0.3799254637978917,1.3130853672039589,0.0694636246106834,34155.00373403585,12820.049873932085,HIGHLY_VARIABLE
883416.46,29447.215333333334,25884.605000000003,13982.145245104248,8185.25,55985.46,30,1,0,642717.01,4982.302403100775,3590.72,4198.039115430817,124.51,16900.62,129,173,0.1734104046242774,0.2369942196531791,0.4277456647398844,0.1618497109826589,73618.03833333333,53559.75083333333,18847.549166666664,0.2097039976919504,0.6908937117404798,0.0220238095238095,39602.97928145393,25920.52400604953,HIGHLY_VARIABLE
296060.79000000004,32895.64333333334,32397.27,3459.822653858143,28308.38,37587.16,9,1,0,567319.92,4848.888205128205,3924.17,3714.440652240001,348.17,17670.76,117,142,0.2464788732394366,0.1549295774647887,0.3591549295774648,0.2394366197183098,24671.7325,47276.66,-24419.75083333333,-0.135350217422837,0.693763957246341,0.1041892135642135,25243.08504174528,19992.82283854429,STABLE
230736.49,32962.35571428571,30923.06,3878.156684473768,29123.81,37852.35,7,1,0,479956.35,3555.232222222222,2451.38,3152.6556094241937,171.78,14371.07,135,159,0.2327044025157232,0.220125786163522,0.320754716981132,0.2264150943396226,19228.040833333333,39996.3625,-23804.165,-0.0609179660973078,0.5316406327980676,0.0790623728123728,21448.5491179556,14311.251015659687,STABLE
1055354.38,34043.68967741935,35302.84,13568.067455523767,8160.81,58511.84,31,1,0,494392.45,3987.0358870967743,2821.875,3541.993216234848,181.0,15799.99,124,172,0.1744186046511628,0.191860465116279,0.4883720930232558,0.1453488372093023,87946.19833333332,41199.37083333333,44742.13583333333,0.2967420582537499,0.5539681026830489,0.0290178571428571,69747.7244848793,19381.430094362564,MODERATELY_VARIABLE
2200093.36,26507.14891566265,26941.73,13683.509692742502,5620.97,49873.13,83,1,0,446236.42,3569.89136,2761.19,3279.511574647316,117.91,15823.11,125,228,0.2850877192982456,0.2675438596491228,0.3333333333333333,0.1140350877192982,183341.1133333333,37186.36833333333,142037.19583333333,0.7574270495604004,0.219943743512826,0.0384027777777777,47498.8055246176,16382.58777340183,HIGHLY_VARIABLE
70712.09,70712.09,70712.09,0.0,70712.09,70712.09,1,1,0,587471.77,4589.623203125,3294.28,3925.3661377440862,157.48,17741.85,128,146,0.2397260273972602,0.2191780821917808,0.3219178082191781,0.2191780821917808,5892.674166666667,48955.980833333335,-46107.32833333333,-0.0288989360470984,0.1008507644638043,0.036014911014911,20412.82209823052,22753.83464290818,STABLE
289299.63,32144.40333333333,32362.94,2986.2261653088167,28618.59,36365.65,9,1,0,496171.02,3758.871363636364,2485.675,3607.558788277191,148.85,17778.51,132,150,0.2333333333333333,0.2066666666666666,0.3,0.26,24108.3025,41347.585,-18764.185,-0.2475339350134073,0.8700232080817449,0.0848995911495911,20125.735145378203,14560.815089049163,STABLE
716941.72,22404.42875,25604.59,10535.016869648833,5486.9,39526.9,32,3,1,462464.77,3919.192966101695,2495.76,3869.109770489584,102.49,17184.09,118,170,0.1294117647058823,0.3235294117647059,0.3941176470588235,0.1529411764705882,59745.14333333333,38538.730833333335,17191.01,-0.0938395371666331,1.0125465554319697,0.1115343634693479,30321.860879644493,17574.722179179782,HIGHLY_VARIABLE
487591.62,34827.97285714286,35058.91,3473.694915150875,29550.16,39869.98,14,1,0,503362.98,3728.6146666666655,2354.62,3667.9856097468746,126.11,16894.94,135,164,0.1890243902439024,0.2195121951219512,0.3841463414634146,0.2073170731707317,40632.635,41946.915,-6932.486666666665,0.0490159229935083,0.6342063351378493,0.1372035504485194,33219.08439336628,17198.619152652132,STABLE
2371320.71,28570.12903614458,28510.44,13106.62744240156,5457.38,48895.27,83,1,0,550870.39,4237.464538461539,2577.44,4200.375243419564,117.87,17751.26,130,232,0.271551724137931,0.25,0.3146551724137931,0.1637931034482758,197610.05916666667,45905.86583333334,150917.29166666666,0.6611054464012499,0.3333084764842688,0.0136633428300094,93715.6388070183,10865.329647729355,HIGHLY_VARIABLE
2067831.46,25847.89325,24343.32,12498.812686324944,5687.88,49825.41,80,1,0,626467.29,4380.89013986014,2591.31,4302.782532254358,117.0,17921.01,143,239,0.2426778242677824,0.2259414225941422,0.3723849372384937,0.1589958158995816,172319.28833333333,52205.607500000006,118507.14333333333,0.6050330756943684,0.3751490176943667,0.0125110229276895,84993.6580548183,18680.43112768309,HIGHLY_VARIABLE
2439869.04,25956.05361702128,23861.1,13477.088248684018,5693.09,49885.38,94,1,0,496801.53,3974.41224,2465.38,3889.961053210965,146.61,17196.4,125,233,0.3175965665236051,0.2188841201716738,0.3261802575107296,0.1373390557939914,203322.42,41400.1275,160372.21333333335,0.7667410637088291,0.2247986162770915,0.011687552213868,57610.11576991918,13202.040349094204,HIGHLY_VARIABLE
792902.13,24027.33727272728,25602.51,10125.565330338126,5956.86,39747.99,33,3,1,576250.46,4501.95671875,2966.815,4004.602884751792,234.78,17810.11,128,177,0.1525423728813559,0.288135593220339,0.3728813559322034,0.1864406779661017,66075.1775,48020.871666666666,15783.263333333336,0.0108619879173586,0.9397281742468092,0.1063117194696142,33160.24708318466,15643.626436555172,HIGHLY_VARIABLE
1035889.81,35720.338275862065,35265.99,14687.13744659496,10857.64,59469.6,29,1,0,591162.46,4411.660149253731,3302.2250000000004,4150.15874826566,190.27,17446.08,134,180,0.1722222222222222,0.1833333333333333,0.4055555555555555,0.2388888888888889,86324.15083333333,49263.53833333333,35048.416666666664,0.2214421482621946,0.5730559530657792,0.0329290263113792,59038.47782009819,15416.30076154566,HIGHLY_VARIABLE
670886.52,23134.017931034483,23278.87,8425.972597114482,6921.42,39625.66,29,3,1,543305.51,3965.7336496350367,2625.27,3865.7195102844616,128.55,16956.24,137,182,0.2032967032967033,0.2087912087912088,0.3241758241758242,0.2637362637362637,55907.21,45275.45916666667,7059.866666666666,0.0196237665348023,0.7264256701291726,0.0617286462235311,45340.72778865176,15435.475938206562,MODERATELY_VARIABLE
1167099.58,129677.73111111112,134488.21,32915.85727799803,83334.01,172955.68,9,1,0,599932.06,4650.636124031008,3484.75,3927.3171494500593,102.15,17871.33,129,152,0.2368421052631578,0.2039473684210526,0.3684210526315789,0.1907894736842105,97258.29833333334,49994.33833333334,43109.857500000006,0.2546163351443058,0.0716501388700673,0.0463050021873551,154167.01968968534,18533.94819093225,MODERATELY_VARIABLE
199777.89,861.1115948275863,860.8399999999999,213.0235805628112,500.17,1199.72,232,1,0,524761.11,4950.576509433962,3793.57,4406.511043713564,141.34,17770.94,106,358,0.7067039106145251,0.0698324022346368,0.1564245810055866,0.0670391061452514,16648.1575,43730.0925,-28675.5775,-1.7481065822437518,2.647268356182128,0.0155148515363569,1610.4286241084155,17178.60434327016,MODERATELY_VARIABLE
737949.55,23804.82419354839,27832.38,12585.991458645272,5072.34,39978.25,31,3,1,566508.37,3802.069597315436,2731.74,3472.181739295112,149.8,16723.95,149,193,0.2279792746113989,0.2746113989637305,0.2797927461139896,0.2176165803108808,61495.79583333333,47209.03083333333,12950.344166666662,-0.562984018966373,1.436735280148728,0.0936876168493815,45375.66681660226,16880.41951182518,HIGHLY_VARIABLE
469757.97,117439.4925,122033.49,54179.032926571854,49342.31,176348.68,4,1,0,559773.01,4478.18408,3058.92,3976.330497530415,117.87,16592.03,125,142,0.1690140845070422,0.2746478873239437,0.3028169014084507,0.2535211267605634,39146.4975,46647.75083333333,-8251.095000000003,0.1563087206949464,0.0918751424712914,0.0209304584304584,82414.05000582497,11019.616800626269,HIGHLY_VARIABLE
548994.25,137248.5625,133109.91,20099.688383893543,118347.02,164427.41,4,1,0,534084.78,3898.429051094891,2536.24,3711.558198751428,131.12,16072.44,137,158,0.1835443037974683,0.2151898734177215,0.360759493670886,0.240506329113924,45749.520833333336,44507.065,-2001.5425,0.1987229110397297,0.0488555024264071,0.0455221861471861,87627.45834032165,14875.56705227401,STABLE
642926.27,21430.875666666667,22115.21,9974.324096297309,5145.11,39219.68,30,3,1,515466.09,3875.684887218045,2333.26,3851.7849752602137,111.94,17468.64,133,173,0.2023121387283237,0.3063583815028902,0.3410404624277456,0.1502890173410404,53577.18916666667,42955.5075,7794.330833333334,0.0019557581306671,0.7820872646089768,0.0860823934837092,47080.078485065205,6549.107019441138,HIGHLY_VARIABLE
3034829.18,29181.04980769231,30983.365,12890.733807379262,5046.76,49630.28,104,1,0,584058.73,4391.419022556391,2739.9,4311.297239984361,102.58,17943.15,133,255,0.2784313725490196,0.2823529411764706,0.3058823529411765,0.1333333333333333,252902.43166666667,48671.56083333333,202231.19583333333,0.7748283391114507,0.2155391665922663,0.0195476148565393,107632.48515368608,19899.953820204737,HIGHLY_VARIABLE
436188.62,33552.97076923077,32721.12,3775.1910941753695,28224.19,39597.78,13,1,0,624044.03,4522.058188405797,2498.075,4322.829882671435,123.42,16845.08,138,165,0.2181818181818181,0.1757575757575757,0.3757575757575757,0.2303030303030303,36349.051666666666,52003.66916666667,-16832.956666666665,-0.3431945240146474,1.1606802461388597,0.1006437190260719,22753.044967768736,12316.586821596213,STABLE
483389.33,34527.809285714284,34889.71000000001,3191.24228749067,28902.62,39697.53,14,1,0,571983.99,4575.87192,2834.63,4181.071054547159,106.94,17674.66,125,162,0.2469135802469135,0.1790123456790123,0.4012345679012346,0.1728395061728395,40282.44416666667,47665.3325,-9451.560833333337,-0.1085160702893427,0.90971560936456,0.1129096547574808,27490.676519371056,18979.326523277003,STABLE
2702232.01,29694.85725274725,32494.78,13400.33567134247,5935.7,49971.94,91,1,0,564643.26,4666.473223140496,3024.18,4306.322047802358,146.52,17925.8,121,229,0.2838427947598253,0.2532751091703056,0.3362445414847161,0.1266375545851528,225186.00083333327,47053.605,175805.6025,0.7283374925747864,0.2592093120769062,0.0165056360708534,90878.63566812454,12688.418725866444,HIGHLY_VARIABLE
563857.03,93976.17166666668,86300.975,31143.26350621425,69843.53,152633.06,6,1,0,549428.38,4395.4270400000005,2830.34,4126.723885886967,125.32,16863.75,125,152,0.2105263157894736,0.2236842105263158,0.4210526315789473,0.1447368421052631,46988.08583333334,45785.69833333333,-858.3125000000018,0.1736634772043072,0.0748735854539803,0.0358974358974359,113456.04838172728,14851.18410015654,MODERATELY_VARIABLE
509222.93,33948.19533333333,33707.98,3607.6762774808494,28977.55,39527.04,15,1,0,453719.1,3544.68046875,2448.7200000000003,3245.2190142175536,187.45,15415.79,128,155,0.2064516129032258,0.2064516129032258,0.4516129032258064,0.1354838709677419,42435.24416666666,37809.925,2110.8425,0.1364015955732759,0.5670010381904925,0.1125627232244879,29950.085365370363,11341.744198229106,STABLE
471494.25,117873.5625,123636.145,57391.17263252099,53830.77,170391.19,4,1,0,477989.07,3917.9431967213113,2319.4300000000003,3832.5130483563817,107.73,17684.92,122,149,0.1879194630872483,0.2013422818791946,0.3624161073825503,0.2483221476510067,39291.1875,39832.4225,-5655.50833333334,0.1016205964979766,0.0641789426429604,0.0790350036673566,120157.08103167644,18623.856548406904,HIGHLY_VARIABLE
202014.94,848.8022689075631,843.4,202.2213756827304,508.61,1198.52,238,1,0,482191.15,4052.026470588235,2645.62,3604.011768054065,218.54,16223.13,119,370,0.7216216216216216,0.081081081081081,0.1162162162162162,0.081081081081081,16834.578333333335,40182.59583333333,-26642.2825,-1.6504031232830287,2.441046847076464,0.0167021001194388,2222.6243385398484,13846.77886618168,MODERATELY_VARIABLE
2187957.87,27011.825555555555,28221.16,12047.310869623876,5098.51,49928.61,81,1,0,499857.61,4063.883008130081,2811.72,3910.527742107622,152.71,17932.99,123,223,0.2556053811659193,0.2556053811659193,0.3228699551569506,0.1659192825112107,182329.8225,41654.800833333335,136849.67250000002,0.7400451424017217,0.2402324863873167,0.0309754231593476,47966.13305001354,18850.93983747493,HIGHLY_VARIABLE
200895.98,862.2145064377683,882.02,202.3922956610912,500.45,1192.75,233,1,0,592707.12,4939.226,3110.4,4572.000621354162,109.0,17702.78,120,366,0.6939890710382514,0.1010928961748633,0.1229508196721311,0.081967213114754,16741.331666666665,49392.26,-34120.72416666667,-2.05758887650719,2.9651457793841645,0.0081981068289384,1993.9937939077,16956.08167434971,MODERATELY_VARIABLE
3042563.59,28171.88509259259,31324.685,13646.792820156046,5441.0,49617.42,108,1,0,505101.73,3946.107265625,2784.465,3315.495033213372,118.0,16055.28,128,258,0.251937984496124,0.2906976744186046,0.3178294573643411,0.1395348837209302,253546.9658333333,42091.81083333333,208434.18,0.8074631304099643,0.181413585634364,0.0176981351981351,91395.26986130443,11689.212796286278,HIGHLY_VARIABLE
2463930.02,28321.03471264368,30758.98,12666.664986123633,5834.5,49632.26,87,1,0,566581.55,4228.22052238806,2815.225,3830.6191917568776,243.32,17081.37,134,238,0.2436974789915966,0.2731092436974789,0.3361344537815126,0.1470588235294117,205327.50166666668,47215.12916666666,155063.57166666666,0.6136554191799669,0.3701427021253294,0.0193283166109253,76679.61048380448,15231.077141740923,HIGHLY_VARIABLE
680637.47,21269.9209375,21692.525,10226.08017691809,5278.33,39144.27,32,3,1,551891.25,4058.023897058824,2821.835,3622.638540943077,102.54,16245.91,136,182,0.1813186813186813,0.3241758241758242,0.3186813186813186,0.1758241758241758,56719.78916666666,45990.9375,10728.851666666667,-0.1177982101185526,1.1177982101185526,0.0474439775910364,33700.269889603514,22672.003003830763,HIGHLY_VARIABLE
515330.9,20613.236,23349.17,10121.25240441452,5139.96,36681.8,25,3,1,579013.3,4353.483458646617,3014.33,3993.22517712188,102.02,17757.59,133,170,0.2176470588235294,0.2411764705882353,0.3411764705882353,0.2,42944.24166666667,48251.10833333334,-8064.93333333333,-0.3255437704607294,1.0671238865384496,0.0567514185161244,30924.22741184471,12800.687183769636,HIGHLY_VARIABLE
749523.04,29980.9216,26405.04,12802.309708844105,13480.46,59674.52,25,1,0,559293.07,4237.068712121211,2545.74,4350.930729371934,208.14,17949.03,132,183,0.174863387978142,0.1420765027322404,0.4863387978142076,0.1967213114754098,62460.25333333333,46607.75583333333,12222.385,0.1224156904938914,0.6561495620432345,0.0242573726912971,42532.55935807176,16362.598437315652,HIGHLY_VARIABLE
376593.87,94148.4675,89775.10500000001,35852.27848379455,59137.36,137906.3,4,1,0,570805.2,4530.2,2951.865,4291.0632508883855,161.75,17878.12,126,152,0.1842105263157894,0.2105263157894736,0.4144736842105263,0.1907894736842105,31382.8225,47567.1,-19558.4675,0.1232482699729956,0.122128404699257,0.0392857142857142,57155.90195524425,20511.54191404661,MODERATELY_VARIABLE
769448.96,21984.256,22532.3,9133.633159367057,7276.11,38367.49,35,3,1,519784.71,4404.955169491525,3180.53,3892.753269173075,106.03,17833.89,118,167,0.1736526946107784,0.2095808383233532,0.4191616766467065,0.1976047904191616,64120.74666666667,43315.3925,17636.750833333335,-0.2132906614900067,1.0174440504228752,0.1155747234791352,38149.54739917877,13835.013728016402,HIGHLY_VARIABLE
959818.34,34279.22642857143,36216.015,14939.081777854231,8110.31,59447.41,28,1,0,570362.49,4288.43977443609,2416.64,4375.982135169767,108.63,17932.62,133,172,0.1569767441860465,0.2151162790697674,0.3953488372093023,0.2325581395348837,79984.86166666666,47530.2075,32454.654166666664,0.3364562224904963,0.496877110842837,0.0,55366.464790333936,22310.27113323169,HIGHLY_VARIABLE
439323.85,33794.14230769231,34142.1,2622.3782599075766,29631.4,38085.09,13,1,0,558773.3,4331.575968992249,3291.56,3647.184046840221,169.35,16166.73,129,154,0.1753246753246753,0.1558441558441558,0.4545454545454545,0.2142857142857142,36610.32083333333,46564.44166666667,-11657.3975,0.0311657858258779,0.5425176690763014,0.0942423181393769,36835.59389661888,16898.316719962393,STABLE
2859193.13,27230.41076190476,29335.44,13355.750398459795,5493.67,48763.98,105,1,0,503345.55,4125.783196721312,2793.39,3932.322326428668,101.55,17829.93,122,241,0.2282157676348547,0.2655601659751037,0.3609958506224066,0.1452282157676348,238266.09416666665,41945.4625,193410.21666666667,0.7821846128558448,0.2066441336676332,0.0276412925154343,64617.33216698167,24018.586997130948,HIGHLY_VARIABLE
709959.97,29581.665416666667,27208.4,15347.193172206917,8700.99,56364.89,24,1,0,523636.97,4363.641416666667,2562.0600000000004,4228.386450582866,117.51,17971.76,120,162,0.2037037037037037,0.1975308641975308,0.4012345679012346,0.1975308641975308,59163.33083333333,43636.41416666666,13368.954166666668,-0.1916836384291252,1.0631879943910836,0.0282524493050808,44868.155477292574,19132.68188428968,HIGHLY_VARIABLE
937353.1,117169.1375,119184.695,29430.947507839795,63984.83,149847.17,8,1,0,593747.74,4271.566474820143,3258.88,3431.047176225337,105.22,17370.25,139,163,0.2392638036809816,0.2024539877300613,0.3374233128834356,0.2208588957055214,78112.75833333333,49478.97833333333,26391.315833333327,0.2077418718848008,0.0382756371300603,0.022089947089947,160891.88462017247,18048.81621369659,MODERATELY_VARIABLE
734882.37,20996.639142857144,20322.13,8763.202598646218,5139.13,39217.33,35,3,1,663630.79,4576.764068965517,3052.66,4382.572476017067,197.31,17959.6,145,205,0.1707317073170731,0.248780487804878,0.4097560975609756,0.1707317073170731,61240.1975,55302.56583333333,4054.2150000000006,-0.1520637744857256,1.1044323586627998,0.0650003079279395,30105.730254169564,20780.374445675887,HIGHLY_VARIABLE
2116270.31,26453.378875,25738.555,12660.981586022368,5132.41,49956.97,80,1,0,538599.43,4019.398731343284,2592.395,4271.845103574799,110.54,17972.47,134,230,0.2956521739130435,0.2478260869565217,0.3391304347826087,0.117391304347826,176355.85916666666,44883.285833333335,129462.3025,0.7097130372954711,0.2785469445044819,0.0209842995169082,58369.27871062412,14889.914215620438,HIGHLY_VARIABLE
395150.81,131716.93666666668,150806.73,47973.8731239842,77136.75,167207.33,3,1,0,517557.69,4075.257401574803,3059.75,3640.872795775676,156.02,16380.71,127,150,0.2066666666666666,0.1933333333333333,0.3533333333333333,0.2466666666666666,32929.23416666667,43129.8075,-14000.194999999998,0.1403219758733833,0.1053657829507463,0.0308537867361396,62985.58685484849,12664.570072450955,MODERATELY_VARIABLE
473815.99,118453.9975,117028.69,40134.17578191299,71991.61,167767.0,4,1,0,480309.67,4105.210854700855,3478.52,3235.767686163509,301.23,14925.22,117,136,0.2720588235294117,0.1911764705882352,0.3676470588235294,0.1691176470588235,39484.66583333333,40025.80583333333,-2899.8133333333303,0.1962804245382183,0.1370529087951149,0.0288008288008288,61974.47294165888,17856.56885227112,MODERATELY_VARIABLE
2573397.41,28593.30455555556,27754.605000000003,12188.081272546842,6675.14,49894.45,90,1,0,549402.73,4226.174846153846,2564.45,4051.5162927496513,164.01,17577.25,130,241,0.2157676348547718,0.2780082987551867,0.3526970954356846,0.1535269709543568,214449.78416666668,45783.56083333333,167400.45083333334,0.773905068644473,0.2196858896424998,0.0092592592592592,42327.03146739628,18694.23557711864,HIGHLY_VARIABLE
1287660.43,34801.63324324324,36812.41,13892.678037831269,8640.39,59262.22,37,1,0,526030.96,4534.749655172413,3382.53,3704.436502458835,101.96,14745.25,116,172,0.2209302325581395,0.1511627906976744,0.5,0.127906976744186,107305.03583333331,43835.91333333333,60599.95416666666,0.5213999292523428,0.3727643752866331,0.0360075024161711,55741.97026749127,15865.902481376006,MODERATELY_VARIABLE
573312.05,20475.430357142857,20881.215,10570.219916186785,5305.34,39992.29,28,3,1,524623.27,4335.729504132231,3110.25,4045.580780924384,219.22,15876.16,121,168,0.2142857142857142,0.2976190476190476,0.3214285714285714,0.1666666666666666,47776.00416666667,43718.605833333335,2123.25,-0.3035832591345167,1.1993645466689808,0.0878817941317941,26531.973571632898,18899.50346826097,HIGHLY_VARIABLE
565768.6,33280.50588235294,33142.1,3421.379584973835,28311.56,39798.45,17,1,0,584437.87,4115.759647887324,2473.63,4087.017519805232,110.63,17988.22,142,182,0.1758241758241758,0.1758241758241758,0.456043956043956,0.1923076923076923,47147.38333333333,48703.15583333333,-7819.721666666665,-0.0149076408997844,0.6688197870143445,0.1426037419883327,39762.45750863823,21548.027006679527,STABLE
169568.15,823.1463592233009,798.22,200.23406806656288,500.42,1194.22,206,1,0,552398.02,4419.18416,2597.28,4269.082390767173,108.19,17395.93,125,348,0.6580459770114943,0.1178160919540229,0.1350574712643678,0.0890804597701149,14130.679166666669,46033.168333333335,-33766.1475,-2.629409936043833,3.4592072872413,0.0086309523809523,2674.867541809597,25320.79750124385,MODERATELY_VARIABLE
545533.66,21821.3464,17424.12,10471.94224099565,6599.04,38703.72,25,3,1,574263.94,4285.551791044776,2844.695,3934.291996433192,131.01,17671.52,134,179,0.1675977653631284,0.2793296089385474,0.3631284916201117,0.1899441340782122,45461.138333333336,47855.32833333333,-3840.4816666666666,-0.6852629193461025,1.599527174876551,0.0668053011803011,27525.322803951025,22196.127461064763,HIGHLY_VARIABLE
493634.52,98726.904,98902.85,18729.58950498596,73767.37,118038.73,5,1,0,525231.77,4413.7123529411765,3583.84,3898.8792307028793,108.87,17357.76,119,138,0.2463768115942029,0.1956521739130435,0.3623188405797101,0.1956521739130435,41136.21,43769.31416666667,-4178.750833333331,0.2176463950708716,0.1144283759288264,0.0234126984126984,69198.05196023683,16793.333504974507,STABLE
1043501.05,37267.89464285714,38842.98,15214.01872328658,10256.12,59002.38,28,1,0,542564.8,4306.069841269842,3329.455,3721.0680366355,152.46,16469.04,126,167,0.1976047904191616,0.1796407185628742,0.4431137724550898,0.1796407185628742,86958.42083333334,45213.73333333334,41177.270833333336,0.2699081354518186,0.5453082725384665,0.0059523809523809,60962.595365883535,17735.614139158904,HIGHLY_VARIABLE
188960.63,855.0254751131222,860.5,205.23445872592453,500.84,1197.33,221,1,0,421247.02,3829.518363636364,2911.625,3318.427962439728,100.48,15161.68,110,343,0.7317784256559767,0.075801749271137,0.1166180758017492,0.075801749271137,15746.719166666668,35103.918333333335,-20271.9925,-1.387815040553897,2.3334466343919567,0.0084683641975308,2695.7689739544826,12277.5640885581,MODERATELY_VARIABLE
200855.37,862.0402145922747,880.63,202.86848388083573,508.34,1198.58,233,1,0,556043.13,4378.292362204725,2969.11,3805.0449634185975,109.52,16155.4,127,374,0.6978609625668449,0.088235294117647,0.1203208556149732,0.0935828877005347,16737.9475,46336.9275,-30327.655,-1.804998248743972,2.767309345188877,0.0023809523809523,2070.0036047448853,16449.515554443944,MODERATELY_VARIABLE
972366.99,38894.6796,40305.43,13856.482976717516,9059.02,59659.01,25,1,0,574352.63,4161.975579710145,2989.315,3873.9885107304526,108.32,17523.56,138,180,0.1888888888888888,0.2222222222222222,0.3777777777777777,0.2111111111111111,81030.5825,47862.71916666667,31947.979166666668,0.2840953025694219,0.625734558445518,0.0180332739156268,49939.51129519539,16165.800319306783,MODERATELY_VARIABLE
514578.4,25728.92,26840.15,9153.144729558942,5489.61,39890.14,20,3,1,516393.1,4413.616239316239,3379.79,3447.7877374498967,255.33,14901.96,117,155,0.1806451612903225,0.2967741935483871,0.3354838709677419,0.1870967741935484,42881.53333333333,43032.75833333334,-3355.5041666666675,-0.9169906573399366,1.5891850733954096,0.1123842592592592,41944.40606646555,21023.967264617448,MODERATELY_VARIABLE
275330.08,91776.69333333334,67203.83,51236.4285517661,57455.16,150671.09,3,1,0,637224.44,4425.169722222222,3340.56,3970.360994426259,161.67,17544.16,144,170,0.2058823529411764,0.1823529411764705,0.4,0.2117647058823529,22944.17333333333,53102.036666666674,-31601.864166666663,0.0754746158721649,0.0911920507945017,0.0157563025210084,63570.54427686934,15438.529126574753,HIGHLY_VARIABLE
645328.61,23901.059629629628,25478.51,8717.239662228336,7755.47,38700.09,27,3,1,433340.17,3703.762136752137,2390.41,3779.411369371224,107.22,17770.06,117,165,0.1878787878787878,0.2787878787878788,0.3696969696969697,0.1636363636363636,53777.38416666666,36111.68083333333,16300.28,-0.3915538461685309,1.3373452074803502,0.0788862195595941,36983.41592829818,9913.481040371658,MODERATELY_VARIABLE
560149.31,112029.862,131307.64,47082.7536096294,42170.41,155366.13,5,1,0,604712.16,4956.657049180328,2978.955,4516.008403208237,202.68,17896.43,122,143,0.2377622377622377,0.2097902097902098,0.3006993006993007,0.2517482517482518,46679.10916666667,50392.68,-5220.167499999994,0.1706949259827764,0.0779842049122607,0.0320911727161727,98544.88532644784,14739.739122965262,HIGHLY_VARIABLE
643774.44,20766.917419354835,22393.42,9330.137785845029,5169.63,36314.58,31,3,1,491844.63,4240.039913793104,2707.945,3810.64739191912,157.77,17378.58,116,167,0.2035928143712574,0.2754491017964072,0.3532934131736527,0.1676646706586826,53647.87,40987.0525,10696.064166666663,0.1883266820195238,0.6144423533343456,0.0873430491077549,34360.82693372789,8741.526081951519,HIGHLY_VARIABLE
195189.67,827.074872881356,820.315,200.90146428298536,501.75,1199.18,236,1,0,521087.74,3748.832661870504,2508.12,3302.715053972136,159.57,14350.49,139,391,0.690537084398977,0.0741687979539642,0.1406649616368286,0.0946291560102301,16265.805833333334,43423.97833333333,-30532.09083333333,-1.8930456866892265,2.6943508822100384,0.0143922278597201,1976.426014471845,16025.09004860295,MODERATELY_VARIABLE
889923.11,26967.36696969697,24070.11,11847.8371061648,8795.45,52327.63,33,1,0,594824.73,4506.247954545454,2891.465,4394.800288652668,202.46,17860.9,132,175,0.1885714285714285,0.1828571428571428,0.4685714285714286,0.16,74160.25916666667,49568.7275,24175.2025,-0.3516436073799429,1.3177578547858528,0.0083333333333333,57956.26336863224,18782.9271526517,HIGHLY_VARIABLE
2790035.19,29062.8665625,31276.025,13191.943137478696,5178.91,49586.33,96,1,0,532245.54,4158.16828125,2589.865,3714.410557078208,102.45,14397.12,128,245,0.3428571428571428,0.2081632653061224,0.3306122448979592,0.1183673469387755,232502.9325,44353.795000000006,185587.9025,0.7662713714374711,0.2198091084002244,0.0166301169590643,92966.93470402964,23295.018485509845,HIGHLY_VARIABLE
1153188.48,34945.10545454545,36123.23,16999.700164142985,9212.97,59793.87,33,1,0,636164.47,5257.557603305785,3508.94,4375.336948521418,178.57,17625.7,121,168,0.1607142857142857,0.1666666666666666,0.4285714285714285,0.244047619047619,96099.04,53013.70583333333,39391.230833333335,0.369978995703041,0.4993978973136778,0.0300709706959706,50431.27261549793,24177.52045611432,HIGHLY_VARIABLE
681109.03,18919.695277777777,16589.795000000002,9773.086897485791,5224.87,38979.02,36,3,1,573617.36,4217.7747058823525,2541.525,4356.2965799995145,106.54,17971.75,136,182,0.2472527472527472,0.2417582417582417,0.3131868131868132,0.1978021978021978,56759.08583333334,47801.44666666666,8793.551666666666,0.1037319816181437,0.810202292877581,0.0576590380866696,31378.810814100325,15808.612430402574,HIGHLY_VARIABLE
2136135.64,26372.044938271607,26399.31,12944.93527188308,5040.74,49901.79,81,1,0,480232.22,4326.4163963963965,2780.69,3914.223686544613,184.23,16000.47,111,218,0.2981651376146789,0.2614678899082568,0.3165137614678899,0.1238532110091743,178011.30333333334,40019.35166666667,136546.95583333334,0.7424807977250171,0.2486584215382842,0.0130758044844732,56151.95678220053,13121.495988514996,HIGHLY_VARIABLE
193740.28,846.027423580786,840.03,200.0476946264328,502.99,1197.55,229,1,0,485896.73,3918.522016129032,2818.71,3654.521389076975,113.69,17623.41,124,367,0.7138964577656676,0.103542234332425,0.103542234332425,0.0790190735694822,16145.023333333333,40491.394166666665,-25477.281666666662,-1.6614343200875563,2.599878655549253,0.0099850766517433,2828.285011883071,14252.917590590778,MODERATELY_VARIABLE
1060669.87,36574.82310344828,40316.22,15991.088872324464,11780.46,58803.05,29,1,0,504301.3,3939.85390625,2744.245,3706.731788422617,117.86,17748.12,128,182,0.2197802197802197,0.1813186813186813,0.489010989010989,0.1098901098901098,88389.15583333334,42025.10833333333,44431.475,0.3996607252655907,0.5767755242982471,0.0130368814192343,47748.21718409094,19688.5372694907,HIGHLY_VARIABLE
438035.53,19045.02304347826,15664.48,10066.454268536228,6122.89,36374.13,23,3,1,538383.22,4109.795572519084,3116.1,3634.8877917437753,120.52,17308.57,131,170,0.1823529411764705,0.288235294117647,0.3588235294117647,0.1705882352941176,36502.96083333333,44865.26833333333,-10520.653333333335,-0.6501007172189787,1.528494748255801,0.0580663889487418,27455.596281437764,18493.51082932941,HIGHLY_VARIABLE
324887.47,32488.747,33066.32,3061.5458946096346,28698.71,37816.04,10,1,0,524165.12,4160.040634920635,2535.385,3999.890052332888,104.05,16567.05,126,149,0.261744966442953,0.2214765100671141,0.3624161073825503,0.1543624161073825,27073.95583333333,43680.426666666666,-18642.20333333333,-0.1444468389377549,0.7728050508577705,0.0916760323010323,23389.268263063204,21588.644947325407,STABLE
584544.4199999999,146136.10499999998,143399.43,16645.503422226877,129024.31,168721.25,4,1,0,517414.51,4074.13,2777.86,3674.033883167154,261.77,14432.08,127,146,0.136986301369863,0.2260273972602739,0.3767123287671233,0.2602739726027397,48712.035,43117.87583333333,3486.910833333333,0.1297169430008617,0.0369497236658049,0.0242920274170274,133372.85226669614,11218.116756036325,STABLE
201123.29,848.621476793249,839.94,200.49520278701544,510.7,1198.58,237,1,0,489033.11,3790.954341085271,2131.6,4041.606551252593,219.43,17859.32,129,387,0.6925064599483204,0.0904392764857881,0.1421188630490956,0.0749354005167958,16760.274166666666,40752.75916666666,-28399.9325,-1.7326983112035308,2.4844069655282977,0.019021463376302,1592.1633161460104,16050.035776010232,MODERATELY_VARIABLE
197072.48,856.8368695652174,860.29,192.3690668756136,501.87,1199.64,230,1,0,514915.91,4516.806228070175,2573.425,4280.5969799259465,222.18,17188.67,114,363,0.7107438016528925,0.0606060606060606,0.1349862258953168,0.09366391184573,16422.70666666667,42909.659166666665,-30476.948333333334,-1.8183362575473243,2.5841648144200167,0.0185595724705765,1993.2530886939269,20417.425552815268,MODERATELY_VARIABLE
192144.33,835.4101304347826,837.885,199.8390249850359,504.21,1194.28,230,1,0,522648.69,4181.18952,2905.86,3803.202116607255,232.63,17758.35,125,381,0.6981627296587927,0.1023622047244094,0.1496062992125984,0.0498687664041994,16012.027499999998,43554.0575,-30016.04333333333,-1.9029445305502533,2.744809624973829,0.016338645673323,2205.037919361128,13363.198780843892,MODERATELY_VARIABLE
1506757.66,39651.51736842105,42990.885,13905.3974002325,12115.0,59661.81,38,1,0,483728.39,3932.751138211382,2330.9,3999.228762826449,139.16,17824.34,123,179,0.1787709497206704,0.1675977653631284,0.5027932960893855,0.1508379888268156,125563.13833333332,40310.699166666665,84413.06416666666,0.5294089586903258,0.3783269041736135,0.010110294117647,90412.5987761438,15435.596612549049,MODERATELY_VARIABLE
539159.66,33697.47875,32893.635,3368.7098107156203,28624.43,39664.71,16,1,0,526576.75,4388.139583333334,2714.7,3998.640202855814,262.26,17463.44,120,154,0.2142857142857142,0.1753246753246753,0.4415584415584415,0.1688311688311688,44929.97166666667,43881.395833333336,332.9166666666676,-0.0242070400034244,0.91962817767655,0.1164280164280164,23142.53549784459,16608.155059799803,STABLE
893666.27,24153.14243243244,23845.27,8800.0581995441,5931.11,38897.51,37,3,1,553086.53,4127.511417910448,2825.82,3866.7705145404007,180.03,16262.15,134,189,0.1164021164021164,0.2486772486772486,0.3915343915343915,0.2433862433862433,74472.18916666666,46090.54416666667,25804.040000000005,0.2024379803223706,0.7742623489219645,0.0933929300634106,35282.45336094093,18802.350560864583,MODERATELY_VARIABLE
701992.11,87749.01375,77932.56,41424.8708595128,47527.71,159298.7,8,1,0,684217.96,4561.453066666666,3081.9,4177.625692516554,133.88,17880.67,150,174,0.1954022988505747,0.2413793103448276,0.3735632183908046,0.1896551724137931,58499.3425,57018.16333333333,-602.3258333333384,0.1856547080807503,0.0620313831879323,0.0262515262515262,128152.82524367965,14527.591650036356,HIGHLY_VARIABLE
187774.75,834.5544444444445,828.33,202.9340526870248,501.72,1199.78,225,1,0,613757.8,4794.9828125,3361.9700000000003,4040.550163658904,212.37,16830.35,128,367,0.6893732970027248,0.0871934604904632,0.1471389645776566,0.0762942779291553,15647.895833333334,51146.48333333334,-37606.51333333333,-2.5055195563128243,3.350716359032815,0.0114197530864197,2821.660683267788,13889.624120834904,MODERATELY_VARIABLE
638947.73,19967.1165625,17260.795,9417.598458070011,6983.92,38335.0,32,3,1,616407.64,4466.722028985508,3241.4300000000003,3654.568672666285,156.97,17475.06,138,188,0.1648936170212765,0.2925531914893617,0.4042553191489361,0.1382978723404255,53245.644166666665,51367.30333333334,85.27583333333405,-0.6249156780475764,1.5858578735957425,0.0785458141920148,31919.586187831294,18155.855046176417,HIGHLY_VARIABLE
2709500.67,27095.0067,27499.965,12472.89503304294,5243.64,49963.52,100,1,0,549584.02,3764.274109589041,2445.44,3696.438527095053,224.68,17957.66,146,261,0.3065134099616858,0.2796934865900383,0.2567049808429119,0.1570881226053639,225791.7225,45798.668333333335,178769.2325,0.7722643037151026,0.2223621758066734,0.0066666666666666,59252.66815343809,21870.65057014156,HIGHLY_VARIABLE
608673.21,28984.43857142857,22837.75,15741.367593998397,10178.64,59800.31,21,1,0,452052.61,4036.184017857143,2435.185,3767.204373444335,240.48,17392.31,112,147,0.1904761904761904,0.2585034013605442,0.4149659863945578,0.1360544217687075,50722.7675,37671.050833333335,10687.663333333332,0.1205850622735126,0.6789896946773141,0.0320911727161727,36864.8694805253,16130.27641168025,HIGHLY_VARIABLE
194831.25,829.0691489361702,810.93,204.64603951670043,504.3,1199.68,235,1,0,494420.38,3717.4464661654138,2478.14,3120.1514249647216,258.53,14461.06,133,390,0.6846153846153846,0.1128205128205128,0.123076923076923,0.0794871794871794,16235.9375,41201.69833333333,-25911.8675,-1.6214613425948992,2.5692494276771467,0.0046620046620046,2454.0186764723308,12137.055589658125,MODERATELY_VARIABLE
2681548.12,28226.822315789475,29592.7,12155.607244724592,5290.08,49729.13,95,1,0,602881.51,4567.284166666666,3162.69,4250.469237603694,177.63,17340.7,132,247,0.2834008097165992,0.2307692307692307,0.3522267206477733,0.1336032388663967,223462.3433333333,50240.12583333333,169184.12333333332,0.755771083468806,0.2247641159989233,0.0340119870383028,61338.1082115548,27526.210447236863,HIGHLY_VARIABLE
288555.33,144277.665,144277.665,8725.916882944162,138107.51,150447.82,2,1,0,587289.07,4415.707293233082,3032.65,3955.632078355729,114.28,15959.9,133,153,0.2156862745098039,0.2483660130718954,0.3660130718954248,0.1699346405228758,24046.2775,48940.75583333333,-28471.54666666666,0.0921321343026913,0.0731602906722932,0.0483610139860139,56221.59834236179,15944.535159397494,STABLE
610630.5499999999,21056.225862068964,20486.6,9616.43774890218,5706.45,39108.2,29,3,1,585089.29,4535.5758914728685,3197.32,3922.7323825953126,192.0,16041.77,129,178,0.146067415730337,0.2415730337078651,0.3539325842696629,0.2584269662921348,50885.87916666667,48757.44083333333,-562.2741666666685,-0.7096089688496404,1.5761896100115111,0.0557111733582321,37510.09823759281,14502.3318609585,HIGHLY_VARIABLE
946849.92,135264.2742857143,132026.5,32630.047224458045,98697.95,176835.01,7,1,0,522757.65,4356.31375,3074.56,3794.395441783448,139.98,17590.05,120,146,0.1986301369863013,0.2465753424657534,0.3493150684931507,0.2054794520547945,78904.16,43563.1375,34414.106666666674,0.2696125405746797,0.0637207927586536,0.0121527777777777,119749.57979103213,13372.94316857405,MODERATELY_VARIABLE
202799.34,838.0138016528925,823.51,211.6375703170867,504.36,1197.53,242,1,0,504458.73,4628.061743119266,2948.6,3960.882609905235,281.1,17769.39,109,368,0.7282608695652174,0.0597826086956521,0.1222826086956521,0.0896739130434782,16899.945,42038.2275,-26938.629166666666,-1.640330033610014,2.5333835448717075,0.0055860805860805,1899.2028532015988,20516.302053571548,MODERATELY_VARIABLE
192428.46,836.6454782608695,816.77,204.0499243313735,500.79,1199.43,230,1,0,480865.12,3846.92096,2637.3,3920.385131338095,145.27,17965.21,125,370,0.7027027027027027,0.0972972972972973,0.1216216216216216,0.0783783783783783,16035.705,40072.09333333333,-24715.510833333334,-1.6022117206188222,2.546114077501319,0.005690586419753,2827.667420907847,12057.505023063686,MODERATELY_VARIABLE
417715.07,23206.39277777778,26658.56,10474.996807773658,5151.95,38366.35,18,3,1,533894.9400000001,4014.247669172933,2411.76,3767.013401247346,135.64,17139.02,133,166,0.1987951807228915,0.1867469879518072,0.3855421686746988,0.2289156626506024,34809.589166666665,44491.245,-11599.115833333335,-1.785399577711552,2.239365033359232,0.0577834811387442,44491.67780351195,10000.421160726182,HIGHLY_VARIABLE
2741887.26,27978.441428571427,28780.035,12909.208741752542,5459.11,49340.6,98,1,0,610905.51,4332.663191489361,2687.6,4025.532599399616,171.95,17156.42,141,256,0.21875,0.265625,0.359375,0.15625,228490.605,50908.7925,177581.8125,0.7387489413812599,0.26125105861874,0.0,98646.98342670636,23240.97585774164,HIGHLY_VARIABLE
43569.58,43569.58,43569.58,0.0,43569.58,43569.58,1,1,0,458102.95,3882.2283898305086,2813.295,3336.6329771943456,198.42,16277.37,118,136,0.2720588235294117,0.1691176470588235,0.375,0.1838235294117647,3630.7983333333336,38175.24583333333,-37835.77333333334,0.007541691550236,0.0757916417830972,0.0576388888888888,12577.454370739468,18514.15905175597,STABLE
360160.96,32741.905454545453,33181.05,4159.977010115235,28329.73,39530.91,11,1,0,562965.63,4398.168984375,3202.235,3851.666573742844,101.06,16157.66,128,153,0.1764705882352941,0.2549019607843137,0.3986928104575163,0.1699346405228758,30013.41333333333,46913.8025,-18066.01166666667,-0.2963086924472427,1.0188333525193929,0.0926083176083176,22071.616840685747,12127.927007290484,STABLE
208128.94,860.0369421487603,873.785,208.8606133597654,504.86,1194.08,242,1,0,497965.52,3952.1073015873017,2606.715,3603.888337476268,114.57,16283.26,126,381,0.7007874015748031,0.0866141732283464,0.1391076115485564,0.0734908136482939,17344.078333333335,41497.12666666667,-27091.48,-1.569375744505186,2.4093666368445823,0.0157667263487455,2122.38431606288,12382.184596790175,MODERATELY_VARIABLE
711395.76,26347.99111111111,27769.06,8386.631588911805,6953.33,37390.06,27,3,1,621729.15,4317.563541666666,2855.21,3947.0697573579314,126.0,17179.03,144,188,0.1436170212765957,0.2819148936170212,0.3297872340425531,0.2446808510638297,59282.98,51810.7625,4677.002500000003,0.0606211544107814,0.8105604844874175,0.1027099942541119,27923.57725144242,18397.221758603624,MODERATELY_VARIABLE
2928543.3,30191.16804123711,33076.9,12870.148314109609,5135.34,49647.27,97,1,0,626520.55,4972.385317460318,3413.945,4314.993393068534,138.12,17932.4,126,243,0.242798353909465,0.3045267489711934,0.3209876543209876,0.1316872427983539,244045.275,52210.04583333334,187918.9075,0.740336300518961,0.2440710691545854,0.0224162679425837,76811.17360748896,21045.12353531744,HIGHLY_VARIABLE
269287.36,33660.92,33184.72,3630.743359844805,29337.79,39132.68,8,1,0,550705.11,4172.008409090909,2694.495,3985.406000635956,114.84,17996.79,132,157,0.2547770700636942,0.2356687898089172,0.3248407643312102,0.1847133757961783,22440.61333333333,45892.0925,-26137.62083333333,-0.1740460099519498,0.6973642734455733,0.0865288220551378,20987.187963308097,25704.933455440427,STABLE
1030454.0,128806.75,137085.945,46257.574148643565,44054.11,176890.16,8,1,0,505232.39,4141.249098360656,2694.0,4113.228286362056,155.43,17039.5,122,155,0.1741935483870967,0.2193548387096774,0.3935483870967742,0.2129032258064516,85871.16666666667,42102.699166666665,40060.03,0.196683942580654,0.1324009850077102,0.0484018636592165,154253.50786182823,9980.72751944872,MODERATELY_VARIABLE
996509.55,34362.39827586207,39329.51,15697.617915232297,8869.32,56006.64,29,1,0,517983.78,4211.250243902439,3006.48,3508.745024467956,161.8,17987.04,123,170,0.188235294117647,0.1705882352941176,0.4411764705882353,0.2,83042.46250000001,43165.315,36917.3275,0.3487228093598762,0.5140800094079794,0.0306051587301587,44797.48714237808,19530.75099854469,HIGHLY_VARIABLE
3037902.43,29494.198349514565,30539.76,12723.299942047735,5301.23,49743.61,103,1,0,473431.77,3945.26475,2686.755,3638.12741528482,216.05,15878.6,120,237,0.2658227848101265,0.240506329113924,0.3924050632911392,0.1012658227848101,253158.53583333336,39452.6475,212504.3683333333,0.8339775244524917,0.1622504736961526,0.0124194847020933,68517.29605685646,13417.929679534378,HIGHLY_VARIABLE
207302.93,856.6236776859504,860.9200000000001,200.51976745952044,502.32,1196.52,242,1,0,472865.17,4147.940087719298,2888.585,3742.025113656781,100.13,17262.61,114,373,0.7265415549597856,0.0750670241286863,0.1420911528150134,0.0563002680965147,17275.244166666667,39405.43083333333,-23362.81,-1.4150005970932862,2.343950230569083,0.0078639245305911,2513.04676133992,12881.539434803208,MODERATELY_VARIABLE
512630.41,24410.971904761907,27946.07,11270.20562275712,5880.13,39781.21,21,3,1,599503.88,4282.170571428572,2756.275,3971.010750739705,178.35,17528.33,140,177,0.1751412429378531,0.327683615819209,0.3389830508474576,0.1581920903954802,42719.20083333333,49958.65666666667,-8421.917500000001,-0.3000369654035745,1.0343309519793678,0.0805093309253526,37517.557887320014,11927.912122110389,HIGHLY_VARIABLE
2377804.55,27020.50625,26311.29,13891.38026615391,5086.32,49831.34,88,1,0,509310.78,4174.678524590164,2423.9300000000003,4145.903320961524,153.73,16817.27,122,230,0.2478260869565217,0.2260869565217391,0.3478260869565217,0.1782608695652174,198150.37916666665,42442.565,151846.12833333333,0.728625494566531,0.2543772687202387,0.0275917271769674,78609.2147004042,11278.24408076533,HIGHLY_VARIABLE
833434.94,21370.126666666667,19821.77,10288.126470173564,5278.08,39570.0,39,3,1,628263.74,4723.787518796992,3078.84,4292.36697542284,128.33,17781.57,133,187,0.1871657754010695,0.2780748663101604,0.3422459893048128,0.1925133689839572,69452.91166666667,52355.31166666667,13620.906666666668,0.1412775960951995,0.7321944959396988,0.1226911976911976,28343.23024378768,14957.307290223083,HIGHLY_VARIABLE
454334.55,34948.81153846154,36334.44,3619.253097691212,28321.93,39731.27,13,1,0,468728.9,3938.8983193277313,2455.83,3682.335414544094,189.76,17467.21,119,144,0.1805555555555555,0.2708333333333333,0.3402777777777778,0.2083333333333333,37861.2125,39060.74166666666,-3508.6833333333307,-0.0308191113295707,0.8353481510483763,0.1215550993124522,22908.95518836689,12281.523856858266,STABLE
951431.48,118928.935,132886.36,38615.10142390076,57905.73,163956.44,8,1,0,528897.71,4037.387099236641,3028.79,3723.613840552562,168.41,17302.63,131,163,0.2085889570552147,0.2085889570552147,0.3987730061349693,0.1840490797546012,79285.95666666667,44074.809166666666,30951.23500000001,0.2112146848431853,0.0365180944872869,0.041787257452219,176849.6483790798,21275.802207459004,MODERATELY_VARIABLE
971162.52,38846.5008,37443.7,14549.354236602712,11376.73,57204.58,25,1,0,639284.87,4700.624044117647,3121.82,4126.416793667516,276.3,16853.55,136,176,0.2159090909090909,0.1647727272727272,0.4602272727272727,0.1590909090909091,80930.21,53273.739166666666,27403.249166666665,0.0049283368060086,0.906584760389756,0.0052083333333333,68711.37598485778,20788.19764337773,MODERATELY_VARIABLE
605526.61,21625.950357142858,19402.94,10912.240654283436,5297.81,39303.87,28,3,1,507529.91,4452.016754385964,3440.02,3787.675738714093,139.49,17217.56,114,163,0.1595092024539877,0.263803680981595,0.4233128834355828,0.1533742331288343,50460.550833333335,42294.159166666665,6206.151666666668,0.1500246951747784,0.7401509242371204,0.0753390808537867,23478.290723131464,13085.369667291136,HIGHLY_VARIABLE
609695.1900000001,121939.03800000002,123181.96,51157.6889119536,48314.6,175407.92,5,1,0,692433.09,4808.563125,2969.885,4653.099195218978,134.89,17444.41,144,170,0.2117647058823529,0.2529411764705882,0.3352941176470588,0.2,50807.9325,57702.7575,-10433.113333333333,0.1569381059027159,0.1711539867664123,0.0453585630056218,89855.83968262002,25723.797329357083,HIGHLY_VARIABLE
595079.13,99179.855,97877.895,57614.394571433535,41817.54,159887.98,6,1,0,634814.28,4737.42,3084.775,4340.41820979226,108.8,16437.12,134,155,0.232258064516129,0.2258064516129032,0.3290322580645161,0.2129032258064516,49589.9275,52901.19,-5439.759999999997,0.1686911400599459,0.0784308816044588,0.0257761437908496,96431.0568238531,17059.87599469426,HIGHLY_VARIABLE
201077.25,870.4642857142857,885.05,197.6074079369314,503.78,1199.94,231,1,0,430938.11,3917.619181818182,2791.515,3347.305418200437,213.25,17103.14,110,353,0.7478753541076487,0.0764872521246459,0.1189801699716713,0.0566572237960339,16756.4375,35911.50916666666,-22751.879166666666,-1.374649812973579,2.149289019980636,0.0199561526968136,1997.9911832552984,12604.807183680112,MODERATELY_VARIABLE
207072.95,881.1614893617021,904.53,198.4615733003045,500.21,1197.54,235,1,0,476512.11,4107.86301724138,2525.82,3675.332440159541,211.5,14807.94,116,368,0.717391304347826,0.0760869565217391,0.1304347826086956,0.0760869565217391,17256.079166666666,39709.3425,-23407.08916666667,-1.4202562273825905,2.36179921043585,0.0045739348370927,2333.77806292504,17015.01482040181,MODERATELY_VARIABLE
974949.78,34819.635,33575.7,16759.11193302285,8220.57,59895.77,28,1,0,536682.37,4626.572155172414,3252.945,4259.355373470376,135.4,17100.78,116,158,0.1329113924050632,0.2278481012658227,0.4746835443037974,0.1645569620253164,81245.815,44723.53083333333,35770.66416666666,0.0837235070121567,0.8918891196292072,0.0198412698412698,57290.355497019416,16986.973492167705,HIGHLY_VARIABLE
819139.0499999999,23403.972857142857,23211.93,8471.519990823082,7781.58,37971.59,35,3,1,578689.27,4592.7719841269845,3206.975,3977.291319688016,176.36,17275.23,126,183,0.1639344262295081,0.2076502732240437,0.4316939890710382,0.1967213114754098,68261.5875,48224.105833333335,18972.67583333333,-0.7295006918749003,1.674165566508229,0.0832802528139215,46560.33398111806,16798.65990643921,MODERATELY_VARIABLE
469230.01,36094.61615384615,35472.78,2748.037428234129,31448.33,39925.27,13,1,0,487647.96,3839.747716535433,2124.49,4054.8400553193865,119.91,16985.97,127,166,0.1746987951807229,0.180722891566265,0.4457831325301205,0.1987951807228915,39102.50083333333,40637.33,-4283.795833333333,-0.0465662411619629,0.8046298289327688,0.1117531601954976,23515.222130483315,12188.394834738196,STABLE
884533.93,36855.58041666667,38855.065,15559.538092283232,8769.2,59039.13,24,1,0,540670.03,3917.8987681159424,2309.535,4112.600246028568,173.71,17761.81,138,182,0.2252747252747252,0.1648351648351648,0.445054945054945,0.1648351648351648,73711.16083333334,45055.83583333334,24606.48,0.1964343665323916,0.6429573446304822,0.0409947691197691,61209.265740256335,18205.935896573785,HIGHLY_VARIABLE
258308.18,32288.5225,32916.955,1579.8316625491634,29466.56,33979.32,8,1,0,458829.72,3556.8195348837207,2093.03,3599.9559115212314,119.85,15854.69,129,157,0.197452229299363,0.2420382165605095,0.4076433121019108,0.1528662420382165,21525.681666666667,38235.810000000005,-18049.0825,-0.051297297181136,0.6298802999460499,0.0664892025186142,20658.13232883001,11249.62850671887,STABLE
471863.74,33704.55285714286,33784.775,3251.059998671272,28099.67,38092.4,14,1,0,468419.77,3936.300588235294,3122.66,3709.679246865224,152.19,17740.67,119,151,0.2185430463576159,0.2251655629139073,0.3377483443708609,0.2185430463576159,39321.97833333333,39034.980833333335,-2956.986666666666,-0.0240131015638199,0.8282084289130093,0.1461555329202388,25008.96645683225,14248.02456998702,STABLE
772483.08,28610.48444444444,24288.99,12730.378176075325,11835.01,57774.06,27,1,0,529561.69,4270.65879032258,2762.065,3941.1908986940657,190.96,17320.97,124,174,0.1839080459770115,0.160919540229885,0.5057471264367817,0.1494252873563218,64373.59,44130.14083333333,17039.58,0.0626924531547131,0.7608194130039445,0.0267935767935767,43077.32345845993,15496.07262926933,HIGHLY_VARIABLE
434445.21,21722.2605,24722.31,10540.325005490242,6451.51,37844.2,20,3,1,519626.17,4366.606470588235,3011.4,3949.378411969813,183.0,16765.97,119,155,0.2,0.232258064516129,0.4,0.1677419354838709,36203.7675,43302.18083333333,-8858.903333333334,-0.0278459696148696,0.7609658735337638,0.0564699103785791,25971.160651232192,20464.807494561115,HIGHLY_VARIABLE
2140317.02,26753.96275,28167.88,13313.586906359886,5442.53,49738.2,80,1,0,526399.47,4018.316564885496,2770.56,3931.899316509432,115.25,17466.86,131,226,0.2876106194690265,0.2566371681415929,0.331858407079646,0.1238938053097345,178359.75166666668,43866.6225,131477.07333333333,0.7206072044670209,0.2633806764016139,0.0262746512746512,43958.18689020011,13966.453188411622,HIGHLY_VARIABLE
2872123.72,28721.237200000003,27830.625,13804.252788312466,5360.01,49911.78,100,1,0,629286.86,4661.384148148148,2662.29,4303.69741356065,230.36,17550.23,135,254,0.2519685039370078,0.3425196850393701,0.2952755905511811,0.1102362204724409,239343.6433333333,52440.57166666666,181331.7983333333,0.6873984977292857,0.2836234478461476,0.0372545168197342,122419.1071125757,19039.844691000377,HIGHLY_VARIABLE
307911.14,34212.34888888889,35003.43,3401.1881679622065,28341.74,39086.09,9,1,0,601144.99,4117.431438356164,2689.4,4139.900059704421,116.42,17136.73,146,180,0.2833333333333333,0.1555555555555555,0.3777777777777777,0.1833333333333333,25659.26166666667,50095.41583333333,-29599.966666666664,-0.1223820471903003,0.6124670135621703,0.0955135446911762,25720.014452097537,24341.975928512857,STABLE
74242.76,74242.76,74242.76,0.0,74242.76,74242.76,1,1,0,523954.42,4225.438870967741,2879.575,3961.40080799857,102.48,17927.39,124,143,0.2167832167832167,0.2447552447552447,0.3636363636363636,0.1748251748251748,6186.8966666666665,43662.86833333333,-40005.245,0.009000922559093,0.058454128501329,0.0253880718954248,21432.03873569039,21557.64404797428,STABLE
652831.4500000001,34359.55,37154.37,16095.64185057972,9262.27,56688.3,19,1,0,520652.12,4036.062945736434,2787.42,3573.214570458013,203.25,17484.49,129,161,0.186335403726708,0.1677018633540372,0.4285714285714285,0.217391304347826,54402.62083333333,43387.676666666666,8114.902500000001,-0.2586526482505468,0.9870899268245222,0.0320081878905408,45048.69241679808,16226.700173738533,HIGHLY_VARIABLE
2721986.39,28652.48831578948,30557.84,13007.045253622451,5170.04,49951.66,95,1,0,588349.23,4457.191136363636,3061.0550000000003,3921.97001762145,231.77,17575.05,132,248,0.2540322580645161,0.3024193548387097,0.3467741935483871,0.0967741935483871,226832.1991666667,49029.1025,175600.20083333334,0.7604190672204552,0.22906829519747,0.0197770979020979,60852.436428494686,16259.469827010813,HIGHLY_VARIABLE
906256.03,25173.77861111112,28104.485,10103.689531216703,6739.0,39100.87,36,3,1,492702.1,4211.12905982906,2859.55,3937.9979018606136,190.89,16789.51,117,171,0.175438596491228,0.2163742690058479,0.4502923976608187,0.1578947368421052,75521.33583333333,41058.50833333333,31368.26166666667,-0.3471062865543211,1.2910826327173357,0.1386605020796197,47386.46993833643,13011.595177818645,HIGHLY_VARIABLE
526477.53,35098.502,36065.9,3494.985978513055,29242.99,39274.54,15,1,0,520912.15,4200.904435483872,2891.315,3675.560315413967,124.68,14551.25,124,157,0.1592356687898089,0.2356687898089172,0.3821656050955414,0.2229299363057325,43873.1275,43409.34583333333,-1669.164999999999,-0.033724269307252,0.8213141455424218,0.1249732905982906,30323.60013963505,10281.539045996657,STABLE
2700720.14,28731.065319148936,29376.15,12777.254387775336,5597.18,49470.79,94,1,0,532971.3,4441.427500000001,2911.52,4321.318701545452,101.36,17546.95,120,227,0.2731277533039647,0.2555066079295154,0.3303964757709251,0.1409691629955947,225060.0116666667,44414.275,179387.03166666665,0.7913253514106975,0.2031031209286108,0.0064967516241879,48214.9840633077,23511.84377133034,HIGHLY_VARIABLE
229161.53,32737.36142857143,33953.13,4133.657772927139,28015.41,38979.91,7,1,0,498124.51,3745.297067669173,2275.86,3915.415729624645,106.99,17957.16,133,153,0.2287581699346405,0.2549019607843137,0.3725490196078431,0.1437908496732026,19096.794166666667,41510.37583333333,-24802.306666666667,-0.1847157091005764,0.5633148473579669,0.0772321428571428,26048.75658967882,18736.983432857865,STABLE
378841.09,34440.09909090909,34217.45,1738.7599673126522,31325.57,37506.08,11,1,0,527929.16,3881.8320588235297,2334.34,3870.724307233796,175.51,17351.54,136,166,0.1987951807228915,0.216867469879518,0.4337349397590361,0.1506024096385542,31570.09083333333,43994.09666666667,-14732.936666666666,-0.1496942994594811,0.779779322739008,0.0910092222592222,27667.16664545096,18096.953648527964,STABLE
1953763.45,25707.41381578948,25583.15,13519.457768615424,6100.03,49670.63,76,1,0,480959.9,4110.768376068377,2919.19,3744.0820071651096,120.44,17310.66,117,212,0.2924528301886792,0.2216981132075471,0.3254716981132075,0.160377358490566,162813.62083333332,40079.99166666667,119768.61833333332,0.5367923061283846,0.4282285157673861,0.0229575163398692,108860.25604785576,21258.303634547923,HIGHLY_VARIABLE
630950.81,21031.69366666667,20224.43,9535.189244329798,5117.18,37824.9,30,3,1,560294.54,4089.741167883212,2719.28,3627.53006953262,106.65,17981.73,137,184,0.1413043478260869,0.3315217391304347,0.358695652173913,0.1684782608695652,52579.23416666667,46691.21166666667,3026.445000000001,-0.0614126454417305,0.8222271887606251,0.0680734724212985,43123.951206333855,15348.3617518565,HIGHLY_VARIABLE
2328048.25,26157.845505617977,25068.17,12279.602258397035,5769.17,49348.52,89,1,0,620600.25,4464.75,2575.76,4345.878374085603,107.2,17749.92,139,251,0.2948207171314741,0.1593625498007968,0.3784860557768924,0.1673306772908366,194004.0208333333,51716.6875,139532.985,0.7003222353095451,0.2852299636577046,0.0245008912655971,40819.39714515669,16977.332908005268,HIGHLY_VARIABLE
662915.76,20088.356363636365,20309.46,9572.381011170177,5305.08,38305.01,33,3,1,541718.44,4836.771785714285,3131.51,4334.690562894777,113.47,17740.5,112,163,0.1411042944785276,0.2822085889570552,0.4478527607361963,0.1288343558282208,55242.98,45143.20333333333,9095.24416666667,-0.7110920203500597,1.6792694772456598,0.0553146472264119,45564.99420116121,22765.385222056408,HIGHLY_VARIABLE
752108.82,125351.47,146213.06,47401.034238002445,46506.8,170059.32,6,1,0,560737.42,4184.607611940299,2879.61,3702.796961565368,175.73,16626.56,134,164,0.2073170731707317,0.1890243902439024,0.3841463414634146,0.2195121951219512,62675.73500000001,46728.11833333334,13215.497500000003,0.2030218996985421,0.0414548188863245,0.0279876373626373,116171.37069983814,21621.948630736664,MODERATELY_VARIABLE
202748.63,881.5157826086956,893.725,199.633412416054,501.46,1199.74,230,1,0,517141.86,3693.870428571429,2656.54,3653.94866083804,160.97,17607.31,140,389,0.6838046272493573,0.1105398457583547,0.1336760925449871,0.0719794344473007,16895.719166666666,43095.155,-28514.07666666667,-1.6855102368416908,2.541217275743944,0.0130080894904275,1597.2306622882568,14109.473538273687,MODERATELY_VARIABLE
356232.73,118744.24333333332,110818.47,22273.98392292976,101517.11,143897.15,3,1,0,568579.62,4512.536666666667,3045.505,4219.340076168689,112.42,17337.49,126,152,0.2302631578947368,0.1842105263157894,0.3618421052631579,0.2236842105263158,29686.060833333333,47381.635,-20626.19,0.1382531593434699,0.10371884080476,0.0417111823361823,54537.47685633755,20288.382779103147,STABLE
2175950.32,26535.97951219512,24667.6,12236.275502337445,5113.92,49393.53,82,1,0,571558.71,4141.729782608695,2716.34,3884.7911358601527,162.08,17711.82,138,236,0.2627118644067797,0.3177966101694915,0.2542372881355932,0.1652542372881356,181329.19333333333,47629.8925,132054.0125,0.6096351308467698,0.3743590780004437,0.0177895775721862,80242.63652330251,17779.984688789875,HIGHLY_VARIABLE
1219798.13,35876.41558823529,40464.065,17796.18166123815,9507.64,59992.04,34,1,0,474514.47,4126.212782608695,2325.44,4064.053715704622,116.63,17867.47,115,166,0.1506024096385542,0.2108433734939759,0.4578313253012048,0.180722891566265,101649.84416666666,39542.8725,61790.1675,0.4925108942781548,0.4223098233174807,0.0090686274509803,55428.15807961911,18542.451126685744,HIGHLY_VARIABLE
398805.66,132935.22,143886.36,23366.64269764913,106104.22,148815.08,3,1,0,454678.14,3886.137948717949,2481.98,3652.303355508152,109.64,15867.99,117,134,0.2164179104477611,0.2164179104477611,0.3656716417910448,0.2014925373134328,33233.805,37889.845,-6234.826666666668,0.1741759782050921,0.0758240217949078,0.0238705738705738,60942.21450307593,13981.326129500212,STABLE
199107.13,858.2203879310345,868.9449999999999,194.7174840241558,500.93,1198.83,232,1,0,604725.11,4651.731615384615,3548.025,4003.620197755291,110.29,17434.91,130,378,0.6825396825396826,0.0661375661375661,0.156084656084656,0.0952380952380952,16592.260833333334,50393.75916666666,-35668.07916666666,-2.210041668501614,3.095084533046488,0.0100894878324844,2264.1321929984497,12203.73176387412,MODERATELY_VARIABLE
2295568.89,29057.83405063291,30180.43,12235.609569639662,6431.76,49812.73,79,1,0,451677.12,3732.8687603305775,2545.14,3183.192167542558,160.01,12960.11,121,215,0.2511627906976744,0.2883720930232558,0.3720930232558139,0.0883720930232558,191297.4075,37639.76,153000.2675,0.7491025398067692,0.2469413076825703,0.0132561796648483,86342.54662232638,14542.84884646559,HIGHLY_VARIABLE
1138277.04,36718.61419354839,38270.24,12690.983471023506,11486.61,55325.37,31,1,0,559686.95,4625.511983471074,2702.37,4303.120044474051,109.32,16323.53,121,170,0.2117647058823529,0.1705882352941176,0.4235294117647059,0.1941176470588235,94856.42,46640.57916666666,44956.333333333336,0.2419069423776397,0.7033568986298498,0.0373238213311742,47704.72316089715,17531.46878440307,MODERATELY_VARIABLE
418418.89,32186.068461538463,31643.95,2741.1701794697296,28902.46,37729.83,13,1,0,513869.36,3750.871240875913,2413.57,3826.2220663812,164.4,17577.4,137,171,0.1929824561403508,0.175438596491228,0.4561403508771929,0.175438596491228,34868.24083333334,42822.44666666666,-10855.311666666666,-0.2784164605594486,1.131475433167085,0.1070669934640522,15158.654792563197,15529.15167351411,STABLE
424292.15,106073.0375,111009.225,46908.77327743812,44410.01,157863.69,4,1,0,461090.73,3466.8475939849623,2240.04,3384.107268702498,124.63,17837.75,133,145,0.2137931034482758,0.2137931034482758,0.3241379310344827,0.2482758620689655,35357.67916666667,38424.2275,-4307.404999999998,0.1914254932314828,0.0585745067685171,0.0115079365079365,64629.94971531592,16388.952296701205,HIGHLY_VARIABLE
328184.55,109394.85,96051.78,32609.192260724576,85573.25,146559.52,3,1,0,596952.42,4775.619360000001,3255.06,4247.506588105115,122.91,17704.93,125,143,0.1818181818181818,0.2447552447552447,0.3426573426573426,0.2307692307692307,27348.7125,49746.035,-23863.475,0.135444532351537,0.1018142391298156,0.022779304029304,51392.42387963904,25376.001360912025,MODERATELY_VARIABLE
2230588.09,26242.21282352941,25028.66,13205.278254991144,5085.9,49896.08,85,1,0,531982.86,4290.18435483871,3222.915,3777.726436287195,112.77,15826.68,124,227,0.2466960352422907,0.2422907488986784,0.3876651982378855,0.1233480176211453,185882.3408333333,44331.905,138401.62583333332,0.6753113151033902,0.3079103444911169,0.0282010751160367,87664.060755792,17361.796212454257,HIGHLY_VARIABLE
192870.74,845.924298245614,846.0450000000001,199.653900875359,501.13,1195.71,228,1,0,519379.21,4122.057222222223,2429.21,4095.051371924828,104.55,17859.09,126,367,0.7029972752043597,0.0871934604904632,0.1307901907356948,0.0790190735694822,16072.561666666666,43281.60083333334,-28590.619166666667,-1.9891667031034568,2.8883761503947407,0.0079670329670329,3635.934434201908,8704.931198022146,MODERATELY_VARIABLE
640815.91,22097.100344827588,21580.55,10523.631084055703,5766.41,39495.25,29,3,1,640548.48,4709.915294117647,3331.65,3970.21740864018,172.9,16367.37,136,183,0.1857923497267759,0.2021857923497267,0.3551912568306011,0.2568306010928962,53401.325833333336,53379.04,-1320.9575000000004,-1.1254004374617808,2.032927327101449,0.0684987684600687,30637.803319274004,11790.867376699183,HIGHLY_VARIABLE
583562.6,34327.211764705884,34562.08,2869.615172976672,29558.06,37955.91,17,1,0,510006.79,4112.957983870968,2777.57,3676.5013163093454,253.6,17573.91,124,154,0.2272727272727272,0.1818181818181818,0.4155844155844156,0.1753246753246753,48630.21666666667,42500.56583333333,3680.5125,0.0524728068924233,0.7427084530767032,0.137787444037444,35392.75529040508,16793.05609899491,STABLE
2825743.88,31052.130549450547,34181.86,13435.029915210158,5644.89,49784.01,91,1,0,569905.23,4559.24184,2859.58,4356.420281161672,155.05,17303.02,125,235,0.2595744680851063,0.2212765957446808,0.3659574468085106,0.1531914893617021,235478.65666666665,47492.1025,186949.61,0.7494925041688094,0.2453914773034317,0.0133821770334928,106224.12643010716,17397.138866689926,HIGHLY_VARIABLE
998301.7,33276.723333333335,31654.505,12785.145151914105,9383.71,57649.05,30,1,0,597814.84,4331.991594202898,2627.685,4024.502568430721,106.77,16705.9,138,190,0.2157894736842105,0.1842105263157894,0.431578947368421,0.1684210526315789,83191.80833333333,49817.90333333333,30613.80333333333,0.0536956642944081,0.8323643822531817,0.0299817018966635,64889.44901833282,22052.297681225187,MODERATELY_VARIABLE
623354.31,124670.862,144797.72,46902.42098004879,49572.54,161861.81,5,1,0,509166.18,4139.56243902439,2655.92,3884.447029073457,144.85,17491.77,123,143,0.2727272727272727,0.2097902097902098,0.3706293706293706,0.1468531468531468,51946.192500000005,42430.515,8931.795833333339,0.18822744616706,0.06177255383294,0.0064102564102564,97118.57228193148,14488.534913832887,MODERATELY_VARIABLE
433102.75,144367.58333333334,136114.77,30430.74581664132,118914.46,178073.52,3,1,0,505024.2,4208.535,3035.855,3753.961099088613,227.91,14756.69,120,137,0.2335766423357664,0.2481751824817518,0.3284671532846715,0.1897810218978102,36091.895833333336,42085.35,-6912.810000000005,0.1314514348826623,0.0352152317840043,0.0196637426900584,91003.29241721428,14661.504538516689,MODERATELY_VARIABLE
958672.27,31955.74233333333,35406.78,14282.077374735642,8256.51,56589.36,30,1,0,607729.16,4604.008787878788,3094.66,4077.63988801392,111.24,17411.29,132,181,0.1767955801104972,0.2320441988950276,0.4033149171270718,0.1878453038674033,79889.35583333333,50644.09666666667,25272.101666666666,0.1981785347834018,0.7563676664599633,0.0328197945845004,27278.148266807544,15297.70367562776,HIGHLY_VARIABLE
2715316.05,31210.529310344824,32044.15,12057.598638494625,5749.49,49638.16,87,1,0,504266.28,3909.040930232558,2567.81,3558.202816726454,134.64,17088.26,129,231,0.2813852813852814,0.264069264069264,0.3376623376623376,0.1168831168831168,226276.3375,42022.19,182001.1208333333,0.7878381961831075,0.2016651660340031,0.0121296296296296,66353.19555208654,14516.325878714502,MODERATELY_VARIABLE
430213.81,35851.15083333333,36449.485,2607.1082654802826,32423.2,39714.98,12,1,0,453619.06,3360.1411851851853,2192.14,3160.693080929072,127.8,17288.21,135,171,0.2280701754385964,0.2105263157894736,0.4035087719298245,0.1578947368421052,35851.15083333333,37801.58833333333,-3807.3383333333327,0.008712344127326,0.7837871230620727,0.1068805291715508,21517.94826328243,13001.964689042425,STABLE
275147.54,34393.4425,34561.850000000006,3363.306786460312,28074.0,38813.85,8,1,0,598247.97,4532.181590909091,2697.465,4387.93548524265,101.75,17724.8,132,156,0.2884615384615384,0.1923076923076923,0.3205128205128205,0.1987179487179487,22928.961666666662,49853.9975,-28565.32416666667,-0.3202761337514846,0.8888071215014487,0.0798424954674954,22966.99991328223,21528.264384731792,STABLE
846075.35,31336.124074074072,34289.77,15736.986362563017,9420.85,59762.08,27,1,0,420116.24,3963.360754716981,2545.255,3887.353047274909,119.15,17690.33,106,144,0.1458333333333333,0.2222222222222222,0.4375,0.1944444444444444,70506.27916666666,35009.68666666667,35058.79416666667,0.2228331397024693,0.7741390124752425,0.0055555555555555,42032.284133009525,12862.142258486076,HIGHLY_VARIABLE
997752.12,31179.75375,28645.64,14845.573090918546,8670.08,59559.34,32,1,0,530896.44,3932.5662222222218,2717.87,3802.160858571744,112.08,17216.48,135,186,0.2311827956989247,0.1505376344086021,0.4569892473118279,0.1612903225806451,83146.01,44241.37,36361.693333333336,0.2313634938858406,0.7176213351478253,0.0213458994708994,45800.120302921394,9960.632546241046,HIGHLY_VARIABLE
760434.1799999999,22365.711176470588,24039.995,9541.724350248218,7688.44,37140.81,34,3,1,584110.58,4599.295905511811,3087.68,4051.1464367433887,138.69,17392.43,127,177,0.2259887005649717,0.2655367231638418,0.3163841807909605,0.192090395480226,63369.51499999999,48675.88166666666,12598.152499999998,0.0895666035715106,0.7873366227219756,0.0834686147186147,39414.18568992376,14174.153108344031,HIGHLY_VARIABLE
365556.96,33232.450909090905,32438.19,4029.697942830093,28613.46,39339.2,11,1,0,482919.62,4058.148067226891,2434.46,3740.1858948671497,157.89,17797.19,119,147,0.2448979591836734,0.2040816326530612,0.3673469387755102,0.1836734693877551,30463.08,40243.301666666666,-11914.945833333337,0.1043796305498101,0.3894091884761875,0.0973484372381431,36004.30277704193,13055.241937269237,STABLE
202154.65,845.8353556485356,844.01,197.3830612123276,502.39,1195.38,239,1,0,573937.73,4189.326496350365,2398.32,4303.093117727606,140.01,17707.04,137,401,0.6608478802992519,0.0947630922693266,0.1645885286783042,0.0798004987531172,16846.220833333333,47828.144166666665,-33625.573333333334,-2.0561011488921945,2.901392912466674,0.0146373339921727,2517.7107305084564,20738.695107141,MODERATELY_VARIABLE
2151793.29,25925.220361445783,24370.84,13648.899072484272,5049.27,49799.24,83,1,0,549703.56,4397.62848,3063.42,3878.718502000549,103.26,17201.95,125,230,0.2739130434782608,0.2347826086956521,0.3695652173913043,0.1217391304347826,179316.1075,45808.630000000005,132525.57916666666,0.7013321587200916,0.294292365952825,0.0114130434782608,61373.219484807,12737.407304933122,HIGHLY_VARIABLE
380756.81000000006,95189.2025,81344.195,46390.02831283635,56887.44,161180.98,4,1,0,530012.9,4774.890990990991,3066.79,4263.605089151231,102.23,17649.94,111,131,0.2061068702290076,0.2290076335877862,0.3129770992366412,0.2519083969465648,31729.734166666665,44167.74166666667,-13352.023333333336,0.0986384856301578,0.0680281810365088,0.0128205128205128,93442.3678922918,12009.483342901698,HIGHLY_VARIABLE
536640.97,20640.037307692302,19166.625,9568.793720154095,7985.41,38764.96,26,3,1,515899.63,3968.458692307692,2772.325,3440.317381818495,170.85,15820.98,130,175,0.16,0.24,0.3828571428571428,0.2171428571428571,44720.08083333333,42991.63583333333,-497.35583333333307,-0.6303756001155494,1.450034888293792,0.0434932306255835,41882.68224312578,12597.386331994325,HIGHLY_VARIABLE
407850.49,135950.16333333333,122171.58,32896.515425926715,112183.4,173495.51,3,1,0,518532.68,4285.394049586776,2885.27,3930.011388437185,118.0,14297.67,121,139,0.1942446043165467,0.237410071942446,0.3597122302158273,0.2086330935251798,33987.54083333333,43211.05666666666,-11957.264166666666,0.1225998440378943,0.0440668226287723,0.0478021978021978,80431.28826870033,20062.237828491405,MODERATELY_VARIABLE
2151683.32,25019.57348837209,22744.71,11681.480924329531,6283.68,49946.4,86,1,0,523487.28,3906.621492537313,2735.41,3535.1845973034137,114.55,16625.74,134,234,0.235042735042735,0.2435897435897435,0.3333333333333333,0.188034188034188,179306.94333333333,43623.94,133355.42666666667,0.7192447708543709,0.2619267684091622,0.0168981481481481,55372.25729088453,15395.51290651273,HIGHLY_VARIABLE
289794.96,144897.48,144897.48,42369.03222696737,114938.05,174856.91,2,1,0,452028.15,3830.747033898305,2524.37,3787.327234041394,118.16,17339.33,118,133,0.2330827067669172,0.2030075187969924,0.3609022556390977,0.2030075187969924,24149.58,37669.0125,-16106.621666666666,0.1361357326757136,0.026122124334341,0.029029304029304,57829.89769569009,18440.764067097323,MODERATELY_VARIABLE
707891.67,117981.945,115387.605,16612.29302826404,99703.17,143615.7,6,1,0,580233.96,4605.0314285714285,3297.9700000000003,3890.475869319991,145.75,17391.21,126,158,0.1962025316455696,0.170886075949367,0.4050632911392405,0.2278481012658227,58990.9725,48352.83,6447.877499999998,0.1993342438485991,0.0483998623891076,0.0510375041625041,107036.4545136486,19998.51411425177,STABLE
999065.7,37002.43333333333,40214.69,14757.95111416268,8611.81,57165.91,27,1,0,549011.13,4127.903233082707,2870.13,3511.825928627174,187.27,16389.24,133,174,0.2126436781609195,0.1551724137931034,0.4597701149425287,0.1724137931034483,83255.47499999999,45750.9275,35254.29,0.2017989325960452,0.6872727364340013,0.0251400560224089,59771.57427234173,15209.994719235909,MODERATELY_VARIABLE
447504.88,34423.45230769231,35242.81,3271.6870216529824,28054.34,38536.97,13,1,0,594675.83,4539.510152671755,3085.26,4151.77699327538,129.86,17608.31,131,154,0.1948051948051948,0.1493506493506493,0.3831168831168831,0.2727272727272727,37292.07333333333,49556.31916666666,-14403.610000000002,-0.1939823657538123,0.9164792031385808,0.1117325484972543,30216.82711066237,16221.177638862024,STABLE
862467.88,33171.84153846154,30314.18,16907.375563100897,9624.56,59812.88,26,1,0,474818.69,3956.822416666667,2663.455,3792.765559693654,117.21,16448.46,120,154,0.1688311688311688,0.1688311688311688,0.461038961038961,0.2012987012987013,71872.32333333333,39568.22416666667,31541.0275,0.3774300096068958,0.5232227023733973,0.0059523809523809,33741.11667819933,13469.90228963512,HIGHLY_VARIABLE
356722.39,32429.30818181818,30821.52,4130.677187439896,28158.98,39006.82,11,1,0,475085.98,4095.568793103448,2712.3050000000003,3822.147894220269,117.69,16606.88,116,147,0.1292517006802721,0.2176870748299319,0.4761904761904761,0.1768707482993197,29726.865833333333,39590.49833333333,-12711.533333333336,-0.0942599093301917,0.7833174748171992,0.1058095839345839,21880.286824871488,22403.12859447693,STABLE
201804.02,851.4937552742615,839.79,192.79032755554348,505.46,1196.69,237,1,0,537079.81,4008.05828358209,2377.025,4162.455063519104,118.41,17787.12,134,389,0.6786632390745502,0.1002570694087403,0.1208226221079691,0.1002570694087403,16817.001666666667,44756.65083333334,-30097.095833333336,-1.8284264824959964,2.703013111822116,0.01029859212425,3137.051411990199,20726.206370292075,MODERATELY_VARIABLE
870867.24,23536.95243243244,23354.15,9639.455791721164,6150.43,39666.85,37,3,1,493845.77,4015.006260162602,2695.13,3675.697882459471,249.23,15794.01,123,180,0.1555555555555555,0.3,0.3333333333333333,0.2111111111111111,72572.27,41153.81416666667,29025.529166666664,0.2080679695060418,0.7572789191483467,0.0921186670799674,31742.137432152747,12753.49519500828,HIGHLY_VARIABLE
630000.38,22500.01357142857,23105.14,9883.851851062032,5192.61,39986.5,28,3,1,534987.83,4022.4648872180446,2939.59,3815.325281956016,144.81,16765.34,133,180,0.1722222222222222,0.2277777777777777,0.4,0.2,52500.03166666667,44582.31916666666,5686.828333333331,-0.0028096441313014,0.884574273250515,0.0721968831392206,30008.953779065778,20301.952685739576,HIGHLY_VARIABLE
539948.52,33746.7825,33262.565,3899.454856926371,29056.92,39678.55,16,1,0,520908.61,4006.989307692308,3023.735,3822.9136532440775,224.96,17535.96,130,161,0.2546583850931677,0.1925465838509316,0.3664596273291925,0.186335403726708,44995.71,43409.050833333335,369.0325000000021,-0.0049661473549318,0.8963857106940694,0.1159404253154253,22170.786477066864,16193.702835510676,STABLE
2526911.35,27171.08978494624,28319.62,13362.449604926158,5372.51,49340.11,93,1,0,526877.59,4084.322403100775,3078.51,3353.887043252895,125.96,16262.21,129,240,0.2583333333333333,0.2625,0.3375,0.1416666666666666,210575.94583333333,43906.46583333333,164118.4725,0.760996950077108,0.2274855746593255,0.0216263057929724,58590.273824992255,13428.071578225055,HIGHLY_VARIABLE
803539.31,24349.676060606063,26003.94,9301.23796347358,7579.8,39423.78,33,3,1,536761.09,4510.597394957983,2590.78,4401.817532015045,111.74,17438.86,119,170,0.1823529411764705,0.2411764705882353,0.4,0.1764705882352941,66961.60916666668,44730.09083333333,19219.901666666665,-0.2971800313029747,1.264239611673885,0.0989838864838865,44629.79457606125,16394.12114290777,MODERATELY_VARIABLE
189643.55,850.4195067264574,863.57,200.78145664761817,501.17,1198.57,223,1,0,563966.88,4405.99125,3029.255,4041.0708396977057,120.03,17826.99,128,369,0.7073170731707317,0.084010840108401,0.1355013550135501,0.073170731707317,15803.629166666666,46997.24,-34804.17916666666,-2.2575930031287337,3.031843664263921,0.0146698957360722,1900.9057879837576,20003.560156329444,MODERATELY_VARIABLE
473253.78,22535.894285714287,24341.43,9082.792484512993,6586.46,36053.62,21,3,1,421299.06,3291.39890625,2383.01,2961.2548483626915,146.25,13379.32,128,167,0.2095808383233532,0.2754491017964072,0.3413173652694611,0.1736526946107784,39437.815,35108.255,190.17416666666608,-0.186507823389925,0.9637221840496694,0.0754362059509118,25051.863111001432,13704.086857767186,HIGHLY_VARIABLE
2351251.36,31350.01813333333,32131.71,11545.917292688437,5112.49,49741.3,75,1,0,534310.9400000001,4174.3042187500005,2783.1000000000004,3908.8055891267295,120.35,17185.87,128,225,0.2,0.2666666666666666,0.3911111111111111,0.1422222222222222,195937.6133333333,44525.91166666666,149536.27666666667,0.7243376880667322,0.2662860330749438,0.017015392015392,67099.1912937545,19766.57988424025,MODERATELY_VARIABLE
1142792.22,33611.53588235294,33235.035,15855.006805938378,8659.94,59998.19,34,1,0,607719.87,4468.528455882353,2980.41,4309.446526084531,200.92,17878.3,136,188,0.1702127659574468,0.1861702127659574,0.4148936170212766,0.2287234042553191,95232.685,50643.3225,41010.693333333336,0.317314658927502,0.5476514635833092,0.0318861693861693,62276.29647116375,22119.68033794797,HIGHLY_VARIABLE
303585.17,101195.05666666666,76463.77,57146.63714913181,60579.47,166541.93,3,1,0,572697.5,4439.515503875969,2807.02,4125.3943941831485,140.58,17967.18,129,148,0.1756756756756756,0.2027027027027027,0.3513513513513513,0.2702702702702703,25298.764166666664,47724.79166666666,-25170.74,0.0366013019461147,0.1966722891626847,0.0366762866762866,51849.840129403136,22343.48032328236,HIGHLY_VARIABLE
1009244.31,30583.16090909091,28065.51,15386.489706559409,9738.42,56990.29,33,1,0,550961.82,4553.40347107438,3003.35,4096.9612098266825,200.74,17786.46,121,181,0.1712707182320442,0.1878453038674033,0.5082872928176796,0.1325966850828729,84103.6925,45913.48499999999,37035.445,0.1023800580043472,0.888879657006239,0.0154258509521667,49513.55904862942,16700.050485445463,HIGHLY_VARIABLE
704543.7,30632.334782608694,26491.47,14328.420268872462,10647.25,56670.47,23,1,0,559578.7,4207.358646616541,3054.05,3896.7251862965454,165.96,17797.59,133,171,0.175438596491228,0.1929824561403508,0.4444444444444444,0.1871345029239766,58711.975,46631.55833333333,9871.734166666669,0.1031652884432115,0.7973381628472902,0.0246240601503759,38019.17840192081,17339.852647797336,HIGHLY_VARIABLE
1254054.58,29164.06,26378.14,14117.670227875518,8852.65,58217.5,43,1,0,601511.98,4627.015230769231,3342.205,4038.6398407809234,299.9,17378.07,130,192,0.1875,0.1666666666666666,0.4947916666666667,0.1510416666666666,104504.54833333334,50125.99833333333,52134.84416666667,0.1140613380168842,0.8525906716548847,0.0208438076085134,61900.37032854956,15933.919752092525,HIGHLY_VARIABLE
503464.12,23974.481904761906,23234.56,9354.14186385027,12389.43,39373.18,21,3,1,465214.6,3471.750746268657,2102.355,3256.7147547955747,149.16,16168.19,134,170,0.1941176470588235,0.2470588235294117,0.3235294117647059,0.2352941176470588,41955.34333333333,38767.88333333334,662.1783333333324,0.1631225597573603,0.5507329852918484,0.071140318015318,32078.389377870844,12774.681122589418,MODERATELY_VARIABLE
209634.3,838.5372,818.9749999999999,209.64531574307128,500.97,1197.7,250,1,0,598632.68,4245.621843971631,2851.61,3730.479158573065,208.05,16115.41,141,407,0.6953316953316954,0.0663390663390663,0.1523341523341523,0.085995085995086,17469.524999999998,49886.05666666667,-34060.97083333333,-1.997979320536526,2.899901217642618,0.013595201095201,1698.4692300608904,22767.79838273518,MODERATELY_VARIABLE
2341799.14,26312.34988764045,25980.95,14131.139157446152,5074.61,49394.94,89,1,0,570789.38,4603.140161290323,3470.385,3946.5245607529146,164.62,16160.1,124,228,0.2719298245614035,0.2807017543859649,0.2894736842105263,0.1578947368421052,195149.9283333333,47565.78166666667,145682.71416666667,0.7123288095955734,0.2786630121462803,0.016906850459482,71896.771063307,18925.299484979856,HIGHLY_VARIABLE
2515236.72,28582.23545454546,30475.215,12970.232528311371,5199.23,49860.49,88,1,0,595374.97,4443.096791044776,3369.53,4215.453292336075,189.94,17891.49,134,232,0.3017241379310345,0.25,0.3146551724137931,0.1336206896551724,209603.06,49614.58083333333,159083.48333333334,0.7043070343064297,0.2907298689445322,0.0090686274509803,97373.81706586009,14505.678825523008,HIGHLY_VARIABLE
504067.56,100813.512,104682.11,26551.24893988172,59168.4,132577.78,5,1,0,464024.55,3597.0895348837207,2329.7,3228.112967279816,149.32,14689.47,129,158,0.2151898734177215,0.240506329113924,0.3354430379746835,0.2088607594936709,42005.63,38668.7125,-112.3091666666678,0.1617639139605161,0.0716611068276072,0.0471921596921596,86058.72384702245,12889.061848355354,MODERATELY_VARIABLE
202863.78,834.8303703703704,811.9,200.7239275440405,514.23,1196.84,243,1,0,584651.85,4913.040756302521,3594.35,4520.196680616288,111.36,17861.14,119,371,0.7439353099730458,0.0700808625336927,0.1105121293800539,0.0754716981132075,16905.315,48720.9875,-32040.985,-2.0152965140396053,2.997745476303462,0.0029761904761904,2454.20669379037,21570.29930152027,MODERATELY_VARIABLE
324303.99,32430.399,31115.83,3324.5808258667907,28624.02,38100.54,10,1,0,533013.59,4196.957401574803,2738.54,3686.968101157255,124.89,15459.83,127,154,0.1558441558441558,0.2402597402597402,0.3311688311688311,0.2727272727272727,27025.3325,44417.79916666666,-18194.709166666667,-0.1119620467592294,0.6702113973734075,0.0797881040528099,30063.775655841466,12405.080470973802,STABLE
653644.61,23344.450357142858,23190.69,9735.366743042066,6928.43,39104.01,28,3,1,436936.35,3671.734033613445,2336.36,3355.502012732682,107.29,16465.16,119,167,0.2335329341317365,0.2215568862275449,0.3832335329341317,0.1616766467065868,54470.38416666666,36411.3625,14052.807500000004,0.2347258638569461,0.4449426831435647,0.0920572483072483,48146.15280669408,10240.520615127769,HIGHLY_VARIABLE
918941.52,114867.69,124094.885,33199.075512635674,60498.67,147905.34,8,1,0,447618.37,4144.614537037037,2431.955,3931.3304489091656,188.44,17819.75,108,137,0.1678832116788321,0.2116788321167883,0.4598540145985401,0.1605839416058394,76578.46,37301.53083333333,38172.42916666667,0.2538254020123573,0.0764609193810504,0.0177987861811391,133866.49790443946,18069.50158203317,MODERATELY_VARIABLE
783336.81,130556.135,151903.225,50583.28999621348,61670.38,173261.68,6,1,0,563672.34,4473.59,2859.02,4247.974324576268,327.49,17989.1,126,148,0.1621621621621621,0.1824324324324324,0.4324324324324324,0.2229729729729729,65278.067500000005,46972.695,15355.705000000002,0.1720033634381971,0.147936186735132,0.0426371082621082,119164.0008782908,14162.386276714877,MODERATELY_VARIABLE
495216.21,99043.242,101668.82,23200.33166817276,62494.32,122309.2,5,1,0,604262.56,4476.018962962963,3180.27,4042.509265972133,315.68,15487.28,135,154,0.1818181818181818,0.2142857142857142,0.3636363636363636,0.2402597402597402,41268.0175,50355.21333333334,-10000.400833333331,0.1356307941158291,0.0310358725508375,0.0171130952380952,97299.05214490429,18307.785853788268,MODERATELY_VARIABLE
507935.26,126983.815,139452.78,59716.4963225548,50015.45,179014.25,4,1,0,534898.04,4384.410163934426,3169.015,4129.294361743371,103.26,17622.22,122,140,0.2214285714285714,0.2571428571428571,0.35,0.1714285714285714,42327.93833333333,44574.83666666667,-5186.370833333332,0.1658840094761573,0.0783704873776355,0.0302001919648978,80120.04527185064,15335.727776070868,HIGHLY_VARIABLE
519733.08,19249.373333333333,19104.13,9585.247619135676,5176.8,38543.4,27,3,1,530940.75,4424.50625,2625.495,4347.599366026697,109.06,16016.34,120,163,0.2085889570552147,0.294478527607362,0.3006134969325153,0.1963190184049079,43311.09,44245.0625,-2878.2125,-0.2342057113680599,1.107711743944498,0.0766957457746931,31617.143003391226,13996.796156764609,HIGHLY_VARIABLE
414875.01,34572.9175,34059.425,2779.7696249546416,30353.87,38814.91,12,1,0,496715.76,4395.714690265487,2885.96,4003.797060497044,216.17,17937.01,113,145,0.1793103448275862,0.2,0.4068965517241379,0.2137931034482758,34572.9175,41392.98,-10424.536666666669,0.0132144420091657,0.6160367882834668,0.1316197691197691,33096.50706185421,16662.8158913634,STABLE
458484.52,19103.521666666664,19061.75,9924.59782242067,5483.08,37232.44,24,3,1,607925.75,4437.414233576642,2991.87,3976.423059336139,171.21,15944.84,137,174,0.2126436781609195,0.264367816091954,0.3333333333333333,0.1896551724137931,38207.04333333333,50660.47916666666,-13874.635833333336,-1.3499971417897985,2.15788449461173,0.0539580789580789,35377.60804284009,19904.541806429486,HIGHLY_VARIABLE
373386.97,33944.27,34449.53,3486.199913323961,29396.28,39667.39,11,1,0,603826.72,4717.39625,3464.245,4093.770666007824,113.63,17624.0,128,155,0.2064516129032258,0.1741935483870967,0.4258064516129032,0.1935483870967742,31115.58083333333,50318.89333333333,-21372.91833333333,-0.2164141442366541,0.76186523500178,0.0906930215753745,30726.97903164237,20628.12093684661,STABLE
205507.66,838.8067755102041,827.05,195.38303965976985,500.84,1199.16,245,1,0,491037.04,3836.226875,2387.635,3425.022786450955,273.76,15306.59,128,386,0.7176165803108808,0.0880829015544041,0.1191709844559585,0.0751295336787564,17125.638333333332,40919.75333333333,-23794.115,-1.395717115736775,2.3957171157367747,0.0,2142.0679156699084,15987.921361395596,MODERATELY_VARIABLE
202627.8,869.6472103004292,869.1,210.92148837862976,500.45,1199.64,233,1,0,500491.24,4036.219677419355,2369.825,4302.600476595318,110.16,17955.23,124,373,0.7238605898123325,0.0563002680965147,0.1420911528150134,0.0777479892761394,16885.649999999998,41707.60333333333,-26380.70333333333,-1.605988712559893,2.508611285862042,0.0085878489326765,2038.7974802007016,12145.550798036242,MODERATELY_VARIABLE
