user_id,total_income,average_income,median_income,income_std,minimum_income,maximum_income,income_transaction_count,income_coefficient_variation,income_source_count,multiple_income_flag,total_expense,average_expense,median_expense,expense_std,minimum_expense,maximum_expense,expense_transaction_count,total_transactions,cash_transactions,upi_transactions,bank_transfer_transactions,debit_card_transactions,cash_transaction_ratio,upi_transaction_ratio,bank_transfer_ratio,debit_card_ratio,average_monthly_income,average_monthly_expense,average_monthly_net_cash_flow,average_monthly_savings_ratio,average_monthly_expense_to_income_ratio,average_monthly_recurring_ratio,monthly_income_std,monthly_expense_std,active_month_count
U0001,642854.26,23809.417037037038,22435.43,8559.331553897911,10697.46,39175.76,27,0.35949353739250883,3,1,486873.24,4386.245405405405,2813.9,4086.869640644688,228.46,17690.68,111,153,25,43,58,27,0.16339869281045752,0.28104575163398693,0.3790849673202614,0.17647058823529413,53571.18833333333,40572.770000000004,10253.044999999996,0.07691042030579116,0.8667514867318372,0.08654963457595037,24689.73935404667,22856.804556462157,12
U0002,2718707.35,27461.690404040404,28449.7,12424.80444711328,5233.79,49974.32,99,0.45244135609675484,1,0,595148.79,4543.120534351146,3008.76,4289.424033301389,110.02,17784.89,131,247,64,59,86,38,0.2591093117408907,0.2388663967611336,0.3481781376518219,0.15384615384615385,226558.94583333333,49595.732500000006,172359.87083333332,0.7070514690835085,0.2715787537981214,0.022666597323347897,85713.18381475261,15679.525678430062,12
U0003,207302.93,856.6236776859504,860.9200000000001,200.51976745952044,502.32,1196.52,242,0.23408151406834407,1,0,472865.17,4147.940087719298,2888.585,3742.0251136567804,100.13,17262.61,114,373,271,28,53,21,0.7265415549597856,0.07506702412868632,0.14209115281501342,0.05630026809651475,17275.244166666667,39405.43083333333,-23362.81,-1.4150005970932862,2.343950230569083,0.007863924530591197,2513.04676133992,12881.539434803208,12
U0004,113906.25,113906.25,113906.25,0.0,113906.25,113906.25,1,0.0,1,0,550867.1900000001,4708.266581196582,2768.29,4647.888147339748,116.88,17004.33,117,135,25,26,57,27,0.18518518518518517,0.1925925925925926,0.4222222222222222,0.2,9492.1875,45905.599166666674,-37763.585,0.04267900868770005,0.03627033196159122,0.032145550527903466,32881.90204994041,20725.142176004687,12
U0005,2898562.78,28417.282156862744,28840.489999999998,12518.485421426369,5024.12,48790.5,102,0.4405236697979989,1,0,650727.07,4550.53895104895,2875.22,4139.769647752872,168.13,17197.57,143,263,72,71,88,32,0.2737642585551331,0.26996197718631176,0.33460076045627374,0.12167300380228137,241546.89833333335,54227.25583333333,186476.29833333334,0.7620171183716736,0.2346947621831963,0.010458214624881293,57695.15419915608,19829.00900530123,12
U0006,190257.88,834.4643859649123,829.71,191.72078943678602,503.93,1195.63,228,0.2297531118899633,1,0,501158.37,4074.4582926829266,2456.26,3791.4319247985295,112.22,14487.85,123,362,257,27,52,26,0.7099447513812155,0.07458563535911603,0.143646408839779,0.0718232044198895,15854.823333333334,41763.1975,-27221.5525,-1.758374239771259,2.6710209859887644,0.005357142857142856,2122.7086623134624,16421.223610406872,12
U0007,270706.79,33838.34875,33701.399999999994,2361.685411906611,30409.46,37772.34,8,0.0697931636485841,1,0,593525.15,4150.525524475524,2612.47,3834.54225542195,128.66,17453.44,143,173,31,40,59,43,0.1791907514450867,0.23121387283236994,0.34104046242774566,0.24855491329479767,22558.899166666666,49460.42916666667,-30454.431666666667,-0.07284039156569246,0.5255114523098924,0.08518703518703519,26349.689781579615,18318.11386520232,12
U0008,958826.8,34243.81428571429,39364.785,16138.722807832335,8011.08,59108.53,28,0.47128870263044936,1,0,575543.3,4295.099253731343,2721.295,4109.924148873575,401.8,17404.51,134,184,29,40,81,34,0.15760869565217392,0.21739130434782608,0.44021739130434784,0.18478260869565216,79902.23333333332,47961.94166666667,29556.85916666666,-0.05868874229522192,1.0230661958123748,0.029536782661782664,44235.672925272214,14941.63976559335,12
U0009,201942.24,859.3286808510638,866.81,201.79178346265422,502.12,1193.08,235,0.23482491386509202,1,0,522336.97,4542.060608695652,3265.4,3988.895609337688,315.22,17268.12,115,370,272,22,46,30,0.7351351351351352,0.05945945945945946,0.12432432432432433,0.08108108108108109,16828.52,43528.08083333333,-29840.231666666663,-1.7986137717387,2.600163111160707,0.015843143784320255,1858.6638546547363,18850.556349804956,12
U0010,461045.95,20045.47608695652,23454.35,9022.220690547481,7283.1,39541.74,23,0.4500876233325378,3,1,582096.08,4443.481526717557,2828.57,4118.674797439935,179.24,17608.55,131,172,35,46,68,23,0.20348837209302326,0.26744186046511625,0.3953488372093023,0.13372093023255813,38420.49583333333,48508.00666666666,-11828.244166666671,-1.0664325753681323,1.811929843971128,0.06008898508898509,37065.934738477605,16904.325108428926,12
U0011,303779.01,101259.67,65999.74,63021.35015410174,63760.3,174018.97,3,0.6223736474166046,1,0,511300.31,3815.6739552238805,2602.4700000000003,3526.7372751184344,104.7,14166.96,134,158,32,28,60,38,0.20253164556962025,0.17721518987341772,0.379746835443038,0.24050632911392406,25314.9175,42608.35916666667,-22458.709166666667,0.11757142869845476,0.12885258499210422,0.050868841126194074,53098.36744591617,16008.366288784724,12
U0012,678578.41,23399.25551724138,24939.26,8195.99878397754,7563.72,39826.55,29,0.350267502226233,3,1,497403.91,4011.3218548387094,2410.715,3862.5012182287387,142.88,16373.03,124,177,34,40,72,31,0.192090395480226,0.22598870056497175,0.4067796610169492,0.1751412429378531,56548.200833333336,41450.325833333336,12692.615833333335,-0.13629998632635856,0.9754309661140934,0.07276941611306936,41104.63472683374,16217.109822569528,12
U0013,449755.92,34596.60923076923,35276.85,3578.1013391612714,28345.38,39017.27,13,0.10342346890975115,1,0,618150.36,4905.955238095238,3619.355,4292.6817518989155,114.49,17472.48,126,151,29,37,55,30,0.19205298013245034,0.24503311258278146,0.36423841059602646,0.1986754966887417,37479.659999999996,51512.53,-17267.065833333334,0.03107742359363856,0.517356120661947,0.11925343175343177,37537.31007423148,18466.137414854053,12
U0014,294585.32,73646.33,77070.16,21090.602925834057,48244.05,92200.95,4,0.2863768354218609,1,0,566313.71,4226.22171641791,2699.88,4122.877118214905,204.17,17239.33,134,149,30,35,50,34,0.20134228187919462,0.2348993288590604,0.33557046979865773,0.22818791946308725,24548.77666666667,47192.809166666666,-23749.155833333334,0.12559878913724318,0.11353862780847344,0.017174145299145297,54228.0753686616,17963.70535851081,12
U0015,1009008.03,33633.601,32917.185,15600.168729307969,9683.37,57037.14,30,0.463826895291645,1,0,510462.85,4184.121721311475,2717.69,3831.692106581955,390.68,17086.06,122,174,27,31,84,32,0.15517241379310345,0.1781609195402299,0.4827586206896552,0.1839080459770115,84084.0025,42538.57083333333,40979.612499999996,-0.18047243967906515,1.1383023275223907,0.005555555555555556,56316.78016819807,16434.042258121874,12
U0016,584544.4199999999,146136.10499999998,143399.43,16645.503422226877,129024.31,168721.25,4,0.11390411303371524,1,0,517414.51,4074.13,2777.86,3674.0338831671534,261.77,14432.08,127,146,20,33,55,38,0.136986301369863,0.22602739726027396,0.3767123287671233,0.2602739726027397,48712.034999999996,43117.87583333333,3486.910833333333,0.12971694300086176,0.03694972366580492,0.024292027417027417,133372.85226669614,11218.116756036323,12
U0017,634982.27,22677.938214285714,24414.81,10875.16677711199,5724.83,38576.73,28,0.4795483025992769,3,1,588519.5,4670.789682539683,3158.3500000000004,4504.979178817488,168.19,17632.33,126,173,33,46,70,24,0.1907514450867052,0.2658959537572254,0.4046242774566474,0.13872832369942195,52915.18916666667,49043.291666666664,2913.504166666669,-0.26645371085491704,1.2371472432114767,0.0657520294033452,30017.00071877282,21850.209041056976,12
U0018,200855.37,862.0402145922747,880.63,202.86848388083575,508.34,1198.58,233,0.2353352899861962,1,0,556043.13,4378.292362204725,2969.11,3805.0449634185975,109.52,16155.4,127,374,261,33,45,35,0.6978609625668449,0.08823529411764706,0.12032085561497326,0.09358288770053476,16737.9475,46336.9275,-30327.655,-1.8049982487439722,2.767309345188877,0.0023809523809523807,2070.0036047448853,16449.515554443944,12
U0019,358019.53,32547.230000000003,31764.75,2977.7141963794975,28376.98,38672.44,11,0.0914890206134131,1,0,526404.39,3957.9277443609026,2644.23,3806.7222696108174,102.31,16406.95,133,157,30,28,61,38,0.1910828025477707,0.17834394904458598,0.3885350318471338,0.24203821656050956,29834.96083333333,43867.0325,-14696.655833333336,0.029329147721431147,0.6283124105026108,0.0735287384184443,26483.940344595616,13653.024279054689,12
U0020,207819.49,855.2242386831275,846.43,201.1317094821999,500.07,1199.19,243,0.23518008539129118,1,0,519197.82,4187.079193548388,2456.825,4219.588712407765,105.44,16622.22,124,380,278,28,44,30,0.7315789473684211,0.07368421052631578,0.11578947368421053,0.07894736842105263,17318.290833333333,43266.485,-26444.07416666667,-1.6306073162343466,2.6042314640642217,0.002976190476190476,2296.285744515015,17911.807143248734,12
U0021,448933.4,34533.338461538464,33980.97,3923.10159631986,28115.44,39490.83,13,0.11360331120865183,1,0,503750.3,3650.364492753623,2609.995,3439.291223338883,107.95,17569.2,138,179,29,32,81,37,0.16201117318435754,0.1787709497206704,0.45251396648044695,0.20670391061452514,37411.11666666667,41979.191666666666,-8552.930833333332,0.00487809106108722,0.7056410229297355,0.10773962879226036,26104.413101255617,13542.263976288747,12
U0022,380756.81000000006,95189.20250000001,81344.195,46390.02831283635,56887.44,161180.98,4,0.4873454876653299,1,0,530012.9,4774.890990990991,3066.79,4263.605089151231,102.23,17649.94,111,131,27,30,41,33,0.20610687022900764,0.22900763358778625,0.31297709923664124,0.25190839694656486,31729.734166666665,44167.74166666667,-13352.023333333336,0.09863848563015781,0.06802818103650884,0.012820512820512822,93442.3678922918,12009.483342901698,12
U0023,1017241.17,30825.49,35601.68,14736.162164701544,9219.67,58600.85,33,0.478051189606444,1,0,579162.49,4524.706953125,3393.8999999999996,3798.441265131997,177.47,14458.39,128,176,32,26,78,40,0.18181818181818182,0.14772727272727273,0.4431818181818182,0.22727272727272727,84770.0975,48263.54083333333,34658.72083333333,0.24807989501479266,0.7185684527839523,0.02861528449763744,42713.98017456646,10854.225869096044,12
U0024,3034829.18,29181.04980769231,30983.364999999998,12890.733807379262,5046.76,49630.28,104,0.44175017322307514,1,0,584058.73,4391.419022556391,2739.9,4311.297239984361,102.58,17943.15,133,255,71,72,78,34,0.2784313725490196,0.2823529411764706,0.3058823529411765,0.13333333333333333,252902.43166666667,48671.56083333333,202231.19583333333,0.7748283391114507,0.21553916659226638,0.01954761485653934,107632.48515368607,19899.953820204737,12
U0025,851767.77,30420.2775,25385.635000000002,14640.343129308345,8083.99,57810.26,28,0.48126921686721447,1,0,590226.77,4540.205923076923,3070.5249999999996,4077.386288432481,127.09,14771.84,130,172,29,35,81,27,0.1686046511627907,0.20348837209302326,0.47093023255813954,0.1569767441860465,70980.6475,49185.56416666667,20558.98833333334,0.10712205013759424,0.6176942714690902,0.027083333333333334,52595.577671580504,25381.230588053364,12
U0026,2151683.32,25019.57348837209,22744.71,11681.480924329531,6283.68,49946.4,86,0.46689368744669163,1,0,523487.27999999997,3906.6214925373133,2735.41,3535.1845973034137,114.55,16625.74,134,234,55,57,78,44,0.23504273504273504,0.24358974358974358,0.3333333333333333,0.18803418803418803,179306.94333333333,43623.939999999995,133355.42666666667,0.7192447708543709,0.26192676840916224,0.016898148148148148,55372.25729088453,15395.51290651273,12
U0027,393658.74,98414.685,97516.505,24879.56736444386,68888.32,129737.41,4,0.25280340392741046,1,0,551985.44,4119.294328358209,2917.535,3891.4115171456233,139.96,17448.34,134,148,37,34,41,36,0.25,0.22972972972972974,0.27702702702702703,0.24324324324324326,32804.895,45998.78666666666,-13449.6725,0.08502978169438428,0.08163688497228237,0.005208333333333333,94053.89784966454,22233.314713943182,12
U0028,2313739.37,25708.215222222225,25980.59,13109.680969351713,5140.58,49882.43,90,0.5099413108234633,1,0,622898.07,4417.716808510638,3130.68,3843.2697631110027,192.02,17140.24,141,256,61,61,99,35,0.23828125,0.23828125,0.38671875,0.13671875,192811.61416666667,51908.17249999999,138086.05500000002,0.6852499234247237,0.2957896558571858,0.016701505016722407,66761.82554781281,15527.705959521707,12
U0029,1132622.59,141577.82375,155115.6,32129.54591114803,82754.32,173996.23,8,0.2269391141926493,1,0,606000.36,4697.6772093023255,3013.53,4051.4241929017576,130.02,16519.8,129,156,26,33,55,42,0.16666666666666666,0.21153846153846154,0.3525641025641026,0.2692307692307692,94385.21583333334,50500.03,42024.639166666675,0.22050042460137664,0.029499575398623353,0.034994553376906316,190689.30984210985,20540.806220565395,12
U0030,3287187.49,29349.88830357143,29645.42,13202.367824765088,5820.15,49882.2,112,0.4498268507263301,1,0,496479.56,3819.0735384615386,2675.0550000000003,3564.7744780377825,183.24,16588.7,130,261,70,73,83,35,0.2681992337164751,0.2796934865900383,0.31800766283524906,0.13409961685823754,273932.29083333333,41373.29666666667,229174.9075,0.8251031807653152,0.16238059593747386,0.024849828375286043,85845.9848103408,12926.005552600564,12
U0031,1103117.93,33427.816060606056,30689.75,15675.216194255294,9517.11,59147.88,33,0.46892731986545155,1,0,555230.38,4206.290757575757,2674.9750000000004,4173.937324392483,101.06,17888.97,132,178,32,33,75,38,0.1797752808988764,0.1853932584269663,0.42134831460674155,0.21348314606741572,91926.49416666666,46269.198333333334,43902.2475,0.09428401488652342,0.8894763073948396,0.013986013986013986,58108.04435114587,24009.98167081457,12
U0032,2014907.55,27984.827083333334,27894.785,12571.77922958619,5591.56,49377.89,72,0.44923555154190853,1,0,520785.43,4304.011818181818,3230.02,3925.536877585877,104.94,17245.14,121,220,52,63,81,24,0.23636363636363636,0.2863636363636364,0.36818181818181817,0.10909090909090909,167908.9625,43398.785833333335,121166.9275,0.47807056226669103,0.45002601756345134,0.027367424242424245,90052.15109048312,17621.93014224629,12
U0033,2526911.35,27171.089784946238,28319.62,13362.449604926158,5372.51,49340.11,93,0.49178924035389393,1,0,526877.59,4084.322403100775,3078.51,3353.887043252895,125.96,16262.21,129,240,62,63,81,34,0.25833333333333336,0.2625,0.3375,0.14166666666666666,210575.94583333333,43906.46583333333,164118.4725,0.760996950077108,0.22748557465932553,0.02162630579297246,58590.273824992255,13428.071578225057,12
U0034,705668.72,22052.1475,22771.92,10042.77121888498,5801.5,39302.74,32,0.45541012361199656,3,1,583438.97,4821.809669421487,3654.43,4496.808195704655,104.99,16659.61,121,166,31,60,48,27,0.18674698795180722,0.3614457831325301,0.2891566265060241,0.16265060240963855,58805.72666666666,48619.91416666666,8135.797500000001,0.022659847156795487,0.9461424236118502,0.07869318181818181,23133.691969153148,17234.239280805075,12
U0035,755197.46,19873.61736842105,18598.28,8158.593031830349,5610.21,39420.57,38,0.41052380553498324,3,1,477964.86,4016.5114285714285,2483.2,3925.9155641410434,150.76,16839.88,119,178,34,46,65,33,0.19101123595505617,0.25842696629213485,0.3651685393258427,0.1853932584269663,62933.121666666666,39830.405,20312.820833333335,0.17609344081354394,0.7795709404987617,0.0738774297597827,28766.20048951605,17256.50794632169,12
U0036,670886.52,23134.017931034483,23278.87,8425.972597114482,6921.42,39625.66,29,0.364224347981116,3,1,543305.51,3965.7336496350367,2625.27,3865.7195102844616,128.55,16956.24,137,182,37,38,59,48,0.2032967032967033,0.2087912087912088,0.3241758241758242,0.26373626373626374,55907.21,45275.45916666667,7059.866666666666,0.019623766534802373,0.7264256701291726,0.061728646223531136,45340.72778865176,15435.475938206562,12
U0037,197700.23,841.2775744680852,847.04,195.09153859257057,502.57,1198.14,235,0.231899131170733,1,0,619248.37,4300.335902777778,2619.8,3733.261544982528,116.01,17365.61,144,400,269,34,66,31,0.6725,0.085,0.165,0.0775,16475.01916666667,51604.03083333333,-36992.58416666667,-2.3858456259140532,3.2626957627416258,0.007876550076216371,2924.8458632533348,19889.70383588566,12
U0038,1201238.1,37538.690625,41018.575,14670.260121312567,10006.13,59866.34,32,0.39080372482524667,1,0,537723.26,4371.733821138211,3184.68,4088.316883133646,195.97,17105.4,123,178,31,27,87,33,0.17415730337078653,0.15168539325842698,0.4887640449438202,0.1853932584269663,100103.175,44810.27166666667,50642.34083333333,0.2072260384175829,0.6581000310781394,0.03058406734877323,69473.96512878154,16917.378166692077,12
U0039,701992.11,87749.01375,77932.56,41424.8708595128,47527.71,159298.7,8,0.47208360629025076,1,0,684217.96,4561.453066666666,3081.9,4177.625692516554,133.88,17880.67,150,174,34,42,65,33,0.19540229885057472,0.2413793103448276,0.3735632183908046,0.1896551724137931,58499.3425,57018.16333333333,-602.3258333333384,0.18565470808075038,0.06203138318793239,0.026251526251526252,128152.82524367965,14527.591650036356,12
U0040,2153106.29,25036.11965116279,24488.04,11936.757511516063,5646.62,49918.33,86,0.47678145326972293,1,0,536274.17,4062.6831060606064,2480.145,4020.2745866548084,116.88,17924.48,132,233,57,57,88,31,0.2446351931330472,0.2446351931330472,0.3776824034334764,0.13304721030042918,179425.52416666667,44689.51416666667,133530.87416666668,0.7375002008948434,0.254791796199821,0.009015594541910331,25745.445686447307,18105.03546815961,12
U0041,2689249.73,26109.22067961165,28361.93,12889.905148049469,5247.04,49607.93,103,0.493691684873422,1,0,496973.02,4007.846935483871,2803.3450000000003,3756.2729362864907,178.85,15577.48,124,240,67,65,78,30,0.2791666666666667,0.2708333333333333,0.325,0.125,224104.14416666667,41414.418333333335,181414.39916666667,0.7811246213288753,0.21309391383622814,0.013668430335097001,90347.61215649864,15421.285048338419,12
U0042,936340.05,36013.07884615385,39399.405,13784.217907153186,10126.1,54342.98,26,0.38275588616121126,1,0,661100.09,5418.853196721311,4114.735000000001,4337.535619718801,126.96,17713.24,122,158,33,29,66,30,0.2088607594936709,0.18354430379746836,0.4177215189873418,0.189873417721519,78028.33750000001,55091.674166666664,22512.759166666667,0.2544348284404163,0.575678916713874,0.012896825396825398,49856.12144685073,23238.84462346121,12
U0043,426476.03,32805.848461538466,31687.37,3224.5599152981235,28601.1,38988.14,13,0.09829222734716321,1,0,569249.42,4553.99536,2923.98,4263.465678886652,116.65,17455.8,125,154,27,31,55,41,0.17532467532467533,0.2012987012987013,0.35714285714285715,0.2662337662337662,35539.66916666667,47437.45166666667,-14511.763333333334,-0.024263489121123995,0.6604278238894349,0.11755062067562068,29522.836306826946,14581.203823206364,12
U0044,2295568.89,29057.83405063291,30180.43,12235.609569639662,6431.76,49812.73,79,0.42107782528867316,1,0,451677.12,3732.8687603305784,2545.14,3183.192167542558,160.01,12960.11,121,215,54,62,80,19,0.25116279069767444,0.28837209302325584,0.37209302325581395,0.08837209302325581,191297.4075,37639.76,153000.2675,0.7491025398067692,0.2469413076825703,0.013256179664848397,86342.54662232638,14542.84884646559,12
U0045,1195841.6199999999,35171.812352941175,35726.33,16339.751419547372,9192.79,59607.17,34,0.4645695039988746,1,0,493727.17,3887.6155118110237,2774.44,3528.4569508692653,165.39,15957.02,127,172,31,27,82,32,0.18023255813953487,0.1569767441860465,0.47674418604651164,0.18604651162790697,99653.46833333332,41143.93083333333,57708.27333333332,0.4086028364170877,0.40718423324035885,0.016666666666666666,72140.44075540341,13519.46847132444,12
U0046,530895.29,19662.78851851852,18105.89,8898.916624262452,5837.76,38373.01,27,0.45257653134403625,3,1,584972.0599999999,4570.0942187499995,3315.545,3913.721633043028,155.44,17368.21,128,177,37,48,68,24,0.20903954802259886,0.2711864406779661,0.384180790960452,0.13559322033898305,44241.27416666667,48747.67166666666,-7549.945833333334,-0.07186562579776024,0.8444584435610266,0.06773699977066851,24436.30638744194,26536.364794514382,12
U0047,838052.73,119721.81857142856,129221.93,36593.62928810489,55149.44,154653.59,7,0.3056554747059105,1,0,604910.27,4415.403430656935,2828.4,4150.685033920065,115.71,16384.47,137,163,30,36,56,41,0.18404907975460122,0.22085889570552147,0.34355828220858897,0.25153374233128833,69837.7275,50409.18916666667,17154.475000000006,0.2090369833358143,0.12187795295490299,0.0333619997706685,128795.87834805572,16657.56374877325,12
U0048,203101.84,853.369075630252,840.095,195.95925941644265,501.99,1190.71,238,0.22963013895449375,1,0,545802.87,3870.9423404255317,2409.01,3549.268082123539,101.63,16419.23,141,397,264,38,57,38,0.6649874055415617,0.09571788413098237,0.14357682619647355,0.09571788413098237,16925.153333333332,45483.5725,-31562.257500000003,-1.955997821282373,2.797074058452214,0.009783115283464828,2949.91612094413,20490.698946960445,12
U0049,208929.92,863.3467768595042,866.69,201.23187278672563,502.45,1188.14,242,0.2330834818411245,1,0,593801.24,4241.437428571428,2689.715,3933.713714985533,157.5,17997.1,140,398,278,30,56,34,0.6984924623115578,0.07537688442211055,0.1407035175879397,0.08542713567839195,17410.826666666664,49483.43666666667,-32971.53333333333,-1.9028036508104107,2.8513036813319466,0.00522875816993464,2256.8397290069665,28695.89263656175,12
U0050,202732.8,855.412658227848,835.13,209.74638365627894,501.38,1198.73,237,0.2451990646138075,1,0,535773.61,4618.73801724138,2980.755,4371.061005457563,152.57,17705.84,116,369,270,33,39,27,0.7317073170731707,0.08943089430894309,0.10569105691056911,0.07317073170731707,16894.399999999998,44647.800833333335,-32103.38,-1.959757091526365,2.7116239321306304,0.018374368686868685,2370.6290443409166,21043.131494485515,12
U0051,1311335.08,131133.508,150954.425,46055.66207551848,50721.27,177447.42,10,0.35121200353702486,1,0,526460.07,4178.254523809524,2845.66,3744.4932780778986,156.8,17851.07,126,156,24,42,54,36,0.15384615384615385,0.2692307692307692,0.34615384615384615,0.23076923076923078,109277.92333333332,43871.67250000001,62085.82999999999,0.22535399811398582,0.02464600188601415,0.04694240944240944,200168.5324420762,16816.300788682893,12
U0052,201345.9,832.0078512396694,831.78,207.6285337613263,500.08,1194.22,242,0.2495511712443162,1,0,583076.46,4256.032554744525,2955.94,3595.874551210617,147.4,17862.19,137,397,280,37,54,26,0.7052896725440806,0.09319899244332494,0.13602015113350127,0.0654911838790932,16778.825,48589.704999999994,-35271.948333333334,-2.132440484326096,2.916561489908912,0.015410052910052909,1708.8787687811296,13905.808274150311,12
U0053,700574.89,30459.777826086956,26825.57,18178.344226580542,8051.27,58913.58,23,0.5967983197504445,1,0,563562.15,4402.829296875,2932.2,4131.4139720312205,126.79,17897.5,128,164,35,43,56,30,0.21341463414634146,0.2621951219512195,0.34146341463414637,0.18292682926829268,58381.24083333334,46963.512500000004,9217.7975,-0.8546819954391914,1.677207398893087,0.01521164021164021,47234.87816665109,14289.456723290856,12
U0054,734882.37,20996.639142857144,20322.13,8763.202598646218,5139.13,39217.33,35,0.4173621568205774,3,1,663630.79,4576.764068965517,3052.66,4382.572476017067,197.31,17959.6,145,205,35,51,84,35,0.17073170731707318,0.24878048780487805,0.4097560975609756,0.17073170731707318,61240.1975,55302.565833333334,4054.2150000000006,-0.15206377448572564,1.1044323586627998,0.0650003079279395,30105.730254169564,20780.374445675887,12
U0055,2466369.48,25691.34875,26860.95,13423.830530565625,5161.34,49809.76,96,0.5225039238380049,1,0,621672.52,4571.121470588236,3130.495,4331.8990623761765,119.54,17196.46,136,246,63,74,70,39,0.25609756097560976,0.3008130081300813,0.2845528455284553,0.15853658536585366,205530.79,51806.043333333335,152494.37833333333,0.7351371948036122,0.25888210159610053,0.0077192982456140355,70592.71170558808,25767.549765784992,12
U0056,2272132.64,26420.14697674419,27125.965,13485.52104992794,5305.78,49175.38,86,0.5104256634831859,1,0,563086.57,4110.120948905109,2602.63,3990.4106615225055,188.14,17015.85,137,241,68,65,73,35,0.2821576763485477,0.2697095435684647,0.3029045643153527,0.14522821576763487,189344.3866666667,46923.880833333336,138736.7075,0.6960038589039295,0.28509968408979064,0.023690078037904128,66365.64790875312,21845.191830437805,12
U0057,533930.28,33370.6425,33244.91,3462.3305295181367,28000.63,39113.01,16,0.10375378686574993,1,0,551723.62,4344.280472440945,2725.91,4146.857601288386,126.21,15265.85,127,160,31,39,61,29,0.19375,0.24375,0.38125,0.18125,44494.19,45976.96833333333,-3952.3541666666656,0.038067475011063216,0.6884820926335903,0.12296480072215366,32274.144993451733,18800.926508541022,12
U0058,609695.1900000001,121939.03800000002,123181.96,51157.6889119536,48314.6,175407.92,5,0.41953495575349375,1,0,692433.09,4808.563125,2969.885,4653.099195218978,134.89,17444.41,144,170,36,43,57,34,0.21176470588235294,0.2529411764705882,0.3352941176470588,0.2,50807.932499999995,57702.7575,-10433.113333333333,0.1569381059027159,0.17115398676641233,0.04535856300562183,89855.83968262002,25723.797329357083,12
U0059,996509.55,34362.39827586207,39329.51,15697.617915232295,8869.32,56006.64,29,0.45682544591944607,1,0,517983.78,4211.250243902439,3006.48,3508.7450244679553,161.8,17987.04,123,170,32,29,75,34,0.18823529411764706,0.17058823529411765,0.4411764705882353,0.2,83042.46250000001,43165.314999999995,36917.3275,0.34872280935987626,0.5140800094079794,0.030605158730158732,44797.48714237808,19530.750998544692,12
U0060,526477.53,35098.502,36065.9,3494.985978513055,29242.99,39274.54,15,0.09957649983218814,1,0,520912.15,4200.904435483872,2891.315,3675.5603154139667,124.68,14551.25,124,157,25,37,60,35,0.1592356687898089,0.2356687898089172,0.3821656050955414,0.2229299363057325,43873.1275,43409.34583333333,-1669.164999999999,-0.033724269307252,0.8213141455424218,0.1249732905982906,30323.600139635055,10281.539045996655,12
U0061,749523.04,29980.9216,26405.04,12802.309708844103,13480.46,59674.52,25,0.4270152158646151,1,0,559293.07,4237.068712121211,2545.74,4350.930729371934,208.14,17949.03,132,183,32,26,89,36,0.17486338797814208,0.14207650273224043,0.48633879781420764,0.19672131147540983,62460.253333333334,46607.75583333333,12222.385,0.12241569049389144,0.6561495620432345,0.024257372691297175,42532.559358071754,16362.598437315652,12
U0062,621154.54,22184.090714285714,24363.755,9117.048593798783,5200.16,37440.02,28,0.4109723815692725,3,1,482026.56,3825.607619047619,2693.76,3303.0357081200145,194.53,16984.33,126,166,31,49,50,36,0.18674698795180722,0.29518072289156627,0.30120481927710846,0.21686746987951808,51762.878333333334,40168.88,10413.735833333334,-0.3934283664903528,1.292435153605849,0.05787699142962301,29471.329207947125,14969.449610029695,12
U0063,391257.73,32604.810833333333,32384.4,3626.1058023712076,28173.2,38872.59,12,0.11121382733691802,1,0,529526.3200000001,3782.3308571428574,2469.175,3582.3069487435782,109.53,17253.48,140,174,45,33,65,31,0.25862068965517243,0.1896551724137931,0.3735632183908046,0.1781609195402299,32604.810833333333,44127.193333333336,-13503.793333333335,-0.20834020127095484,0.8475138958932673,0.08476368402838991,31811.33439344635,17497.06882524787,12
U0064,572465.44,22898.617599999998,23534.71,10612.231792155486,5180.91,38349.22,25,0.46344421211503556,3,1,650963.12,4649.736571428572,3126.615,4313.087198751684,211.05,17983.85,140,179,36,44,57,42,0.2011173184357542,0.24581005586592178,0.31843575418994413,0.2346368715083799,47705.45333333333,54246.926666666666,-9185.815000000002,-0.9637438192545158,1.9012274777876057,0.07396769896769896,27150.149553549032,18914.577822396594,12
U0065,473815.99,118453.9975,117028.69,40134.17578191299,71991.61,167767.0,4,0.33881655857087467,1,0,480309.67,4105.210854700855,3478.52,3235.767686163509,301.23,14925.22,117,136,37,26,50,23,0.27205882352941174,0.19117647058823528,0.36764705882352944,0.16911764705882354,39484.66583333333,40025.80583333333,-2899.8133333333303,0.19628042453821837,0.13705290879511497,0.028800828800828803,61974.472941658874,17856.56885227112,12
U0066,503464.12,23974.481904761906,23234.56,9354.14186385027,12389.43,39373.18,21,0.39017076160433367,3,1,465214.60000000003,3471.750746268657,2102.355,3256.7147547955747,149.16,16168.19,134,170,33,42,55,40,0.19411764705882353,0.24705882352941178,0.3235294117647059,0.23529411764705882,41955.34333333333,38767.88333333334,662.1783333333324,0.16312255975736037,0.5507329852918484,0.07114031801531802,32078.389377870844,12774.681122589418,12
U0067,718470.04,23949.001333333334,24578.54,8559.912203998972,5589.44,39910.29,30,0.3574225114800461,3,1,487065.54,4127.67406779661,2853.98,3532.662960240975,110.61,17439.57,118,166,30,45,68,23,0.18072289156626506,0.2710843373493976,0.40963855421686746,0.13855421686746988,59872.503333333334,40588.795,17387.23,-0.5474877441566702,1.3287752779111963,0.06041793854293854,41566.73909244272,13109.052247067151,12
U0068,386594.41,18409.257619047617,18283.57,9071.292074537621,5557.13,35284.34,21,0.4927570824557191,3,1,530833.59,4021.466590909091,2955.6899999999996,3754.9192975673946,136.66,16577.58,132,164,46,42,51,25,0.2804878048780488,0.25609756097560976,0.31097560975609756,0.1524390243902439,32216.200833333332,44236.1325,-13887.167500000001,-1.4469267363042666,2.2028663532144463,0.041549953314659195,28827.659232065325,18525.971438202454,12
U0069,608673.21,28984.43857142857,22837.75,15741.367593998397,10178.64,59800.31,21,0.5430972055989886,1,0,452052.61,4036.184017857143,2435.185,3767.2043734443346,240.48,17392.31,112,147,28,38,61,20,0.19047619047619047,0.2585034013605442,0.41496598639455784,0.1360544217687075,50722.767499999994,37671.050833333335,10687.663333333332,0.12058506227351269,0.6789896946773141,0.03209117271617271,36864.8694805253,16130.27641168025,12
U0070,467577.07,33398.36214285714,33708.72,4061.1721907411033,28011.59,39277.21,14,0.12159794463482876,1,0,587147.92,4551.534263565892,2960.01,3908.724697067681,193.93,17057.21,129,164,34,31,68,31,0.2073170731707317,0.18902439024390244,0.4146341463414634,0.18902439024390244,38964.755833333336,48928.99333333334,-11276.669999999998,-0.056797240574081226,0.792115303068892,0.12019118544853839,28887.719866392254,15367.663540866544,12
U0071,769448.96,21984.255999999998,22532.3,9133.633159367055,7276.11,38367.49,35,0.41546246365431044,3,1,519784.71,4404.955169491525,3180.5299999999997,3892.753269173075,106.03,17833.89,118,167,29,35,70,33,0.17365269461077845,0.20958083832335328,0.41916167664670656,0.19760479041916168,64120.74666666667,43315.3925,17636.750833333335,-0.21329066149000678,1.0174440504228752,0.11557472347913524,38149.54739917877,13835.013728016402,12
U0072,201778.51,854.9936864406781,865.095,195.3430399360538,501.51,1195.12,236,0.22847307884724044,1,0,577500.29,4695.12430894309,3113.95,4029.916992682148,100.24,16065.63,123,375,266,38,52,19,0.7093333333333334,0.10133333333333333,0.13866666666666666,0.050666666666666665,16814.875833333335,48125.02416666667,-34731.18916666667,-2.080401094213241,2.869734151614972,0.01846154352973613,1450.0318292334648,22151.219401437622,12
U0073,2261302.24,27576.856585365855,26531.355,12598.044489402748,5469.33,49839.61,82,0.4568339560531392,1,0,603448.78,4105.093741496599,2285.12,4111.023617982827,129.38,17913.05,147,251,81,68,72,30,0.32270916334661354,0.27091633466135456,0.2868525896414343,0.11952191235059761,188441.8533333333,50287.39833333334,135298.7358333333,0.7050911558245018,0.2816234478717172,0.02273374773374773,56858.59319869559,14487.07109869087,12
U0074,430756.77,33135.13615384616,33456.09,2584.8825743527127,29224.61,37759.42,13,0.07801031999238285,1,0,525586.67,3922.2885820895526,2321.375,3751.9995587792823,104.63,16132.78,134,154,25,35,58,36,0.16233766233766234,0.22727272727272727,0.37662337662337664,0.23376623376623376,35896.3975,43798.88916666666,-9990.451666666666,-0.05994390372046327,0.708001063049657,0.10069629444629445,30528.77092095113,17337.603181442173,12
U0075,545533.66,21821.346400000002,17424.12,10471.94224099565,6599.04,38703.72,25,0.47989441389352805,3,1,574263.94,4285.551791044776,2844.695,3934.2919964331923,131.01,17671.52,134,179,30,50,65,34,0.16759776536312848,0.27932960893854747,0.36312849162011174,0.18994413407821228,45461.138333333336,47855.32833333333,-3840.4816666666666,-0.6852629193461025,1.599527174876551,0.06680530118030119,27525.322803951025,22196.127461064763,12
U0076,565046.12,113009.224,113320.32,17188.629438106167,95144.53,131442.47,5,0.1520993493248495,1,0,507239.48,3901.842153846154,2251.48,3980.3081935376085,106.79,17740.59,130,152,35,21,56,40,0.23026315789473684,0.13815789473684212,0.3684210526315789,0.2631578947368421,47087.176666666666,42269.956666666665,-1364.181666666671,0.1361488603309587,0.02547155360857153,0.05642470954970955,112779.45071784119,17061.050291579002,12
U0077,532675.8,33292.2375,33123.25,3292.250690666392,28513.76,39510.6,16,0.09888943903714467,1,0,527272.9,3877.006617647059,2585.16,3902.8094126455117,108.98,17645.04,136,169,37,32,68,32,0.21893491124260356,0.1893491124260355,0.40236686390532544,0.1893491124260355,44389.65,43939.40833333333,-1770.8191666666655,-0.06703909137252655,0.9539585861936611,0.11634609263285733,22448.395677853525,9261.138069209454,12
U0078,2450108.86,27529.313033707862,28787.5,13391.999094792433,5470.72,49978.78,89,0.4864632502233091,1,0,528372.89,4594.546869565217,2860.55,4313.247507414591,199.05,17690.87,115,227,64,65,73,25,0.28193832599118945,0.28634361233480177,0.32158590308370044,0.11013215859030837,204175.7383333333,44031.074166666665,154863.06333333332,0.7287132186999506,0.2417953239556098,0.037019178380734444,69573.76031974854,20169.327566527372,12
U0079,596085.0,19228.548387096773,18042.59,9834.16547716924,5078.98,37418.31,31,0.5114356673834208,3,1,445161.04,3590.008387096774,2158.455,3578.650311216015,143.88,15827.58,124,166,32,54,56,24,0.1927710843373494,0.3253012048192771,0.3373493975903614,0.14457831325301204,49673.75,37096.753333333334,12141.909999999998,-0.7017552803512473,1.6922858485762962,0.05283038720538721,35299.27737404008,11204.751599122688,12
U0080,849884.22,30353.007857142857,27361.27,14023.970638372308,10378.96,54654.29,28,0.46202902540586605,1,0,501624.47000000003,3981.1465873015877,2793.55,3536.8148363753876,100.17,16233.67,126,174,39,24,77,34,0.22413793103448276,0.13793103448275862,0.4425287356321839,0.19540229885057472,70823.685,41802.03916666667,27086.102499999997,0.3085903067221956,0.5107650940504711,0.034126984126984124,53890.467828201894,17324.178849819567,12
U0081,870867.24,23536.952432432434,23354.15,9639.455791721164,6150.43,39666.85,37,0.4095456206317774,3,1,493845.77,4015.006260162602,2695.13,3675.697882459471,249.23,15794.01,123,180,28,54,60,38,0.15555555555555556,0.3,0.3333333333333333,0.2111111111111111,72572.27,41153.81416666667,29025.529166666664,0.2080679695060418,0.7572789191483467,0.0921186670799674,31742.137432152747,12753.49519500828,12
U0082,864292.35,33242.01346153846,30447.885000000002,14359.89335070785,9628.51,58107.71,26,0.43198025195803724,1,0,554986.81,4369.974881889764,2452.54,4450.977612479647,110.71,17947.31,127,175,34,31,78,32,0.19428571428571428,0.17714285714285713,0.44571428571428573,0.18285714285714286,72024.3625,46248.90083333334,20660.89083333333,0.3303203411716383,0.4419638424340459,0.043611977619330555,39790.08364785723,20072.196937169967,12
U0083,1140139.29,33533.50852941177,33420.865000000005,12580.525675179928,10416.76,57298.19,34,0.3751628215146568,1,0,509879.7,3922.1515384615386,2644.27,3718.290583379307,136.59,16492.85,130,182,45,23,77,37,0.24725274725274726,0.12637362637362637,0.4230769230769231,0.2032967032967033,95011.6075,42489.975,50840.15916666667,0.27150625510980264,0.6211845869216666,0.014930555555555556,65620.06295992756,11798.81525245688,12
U0084,1138277.04,36718.61419354839,38270.24,12690.983471023506,11486.61,55325.37,31,0.3456280622173743,1,0,559686.95,4625.511983471074,2702.37,4303.120044474051,109.32,16323.53,121,170,36,29,72,33,0.21176470588235294,0.17058823529411765,0.4235294117647059,0.19411764705882353,94856.42,46640.57916666666,44956.333333333336,0.24190694237763974,0.7033568986298498,0.03732382133117427,47704.72316089715,17531.46878440307,12
U0085,2537564.57,26995.367765957446,26691.79,12947.092237909059,5454.48,49142.0,94,0.4796042176627062,1,0,528663.16,4066.6396923076927,2527.2200000000003,4060.6818202129148,165.1,16447.13,130,239,61,57,85,36,0.25523012552301255,0.2384937238493724,0.35564853556485354,0.1506276150627615,211463.71416666664,44055.263333333336,166513.29083333333,0.7545679457032929,0.2406069017967708,0.015613747011206177,79052.15493626245,13259.452140537562,12
U0086,803125.13,25097.6603125,27232.695,9943.193931523561,6072.12,39442.31,32,0.3961801143101499,3,1,551045.07,3993.080217391304,2786.475,3663.517937294034,133.28,17120.67,138,190,35,55,61,39,0.18421052631578946,0.2894736842105263,0.32105263157894737,0.20526315789473684,66927.09416666666,45920.42249999999,17976.493333333336,0.2231584870829214,0.5821568134088413,0.10370902926049985,52134.22115641187,14080.028261222362,12
U0087,950484.83,33945.88678571428,30576.925000000003,16947.44854931792,8683.58,59258.35,28,0.49924895632569094,1,0,460842.35,3746.685772357723,2414.12,3587.4100868081414,113.26,16155.93,123,170,31,24,80,35,0.18235294117647058,0.1411764705882353,0.47058823529411764,0.20588235294117646,79207.06916666667,38403.52916666667,39832.225,0.3116527378739367,0.5939424298764959,0.004901960784313725,51476.561139511294,17920.66811944925,12
U0088,209618.35,873.4097916666667,895.045,205.5207452934655,507.88,1199.02,240,0.23530849694424041,1,0,516809.88,3915.2263636363637,2526.5150000000003,3845.061038883632,141.27,17877.47,132,386,278,23,52,33,0.7202072538860104,0.05958549222797927,0.13471502590673576,0.08549222797927461,17468.195833333335,43067.49,-27973.352499999997,-1.6567400207349505,2.5282595102636924,0.013402338402338404,2061.5598875937617,20371.499928486544,12
U0089,549484.13,109896.826,105131.92,48248.424774081795,44540.33,173731.76,5,0.4390338331889749,1,0,531013.52,4116.3838759689925,2916.81,3618.503904466966,152.41,14600.35,129,152,30,33,59,30,0.19736842105263158,0.21710526315789475,0.3881578947368421,0.19736842105263158,45790.34416666667,44251.12666666667,-691.694166666668,0.19783332205678025,0.04886528385146022,0.02511574074074074,85800.0364929604,17009.9236731783,12
U0090,201663.49,843.7802928870293,824.97,203.66838446088155,502.2,1199.64,239,0.24137608590504256,1,0,538210.87,4411.564508196721,2874.035,4230.912685419051,123.83,15755.3,122,379,263,30,52,34,0.6939313984168866,0.079155672823219,0.13720316622691292,0.08970976253298153,16805.290833333333,44850.90583333333,-32526.118333333332,-1.9139646354412985,2.6572222231688207,0.015434478002670601,1475.0001556699965,19431.20772682835,12
U0091,659224.27,109870.71166666667,102532.025,46722.76310050141,64893.13,171016.86,6,0.4252522113650465,1,0,555424.79,4054.1955474452557,2926.33,3507.260406792709,320.0,14614.37,137,163,44,28,56,35,0.26993865030674846,0.17177914110429449,0.34355828220858897,0.2147239263803681,54935.355833333335,46285.39916666667,7163.3675,0.18008877382786712,0.0699112261721329,0.017708333333333333,116531.52998200862,15403.75295243306,12
U0092,2834854.19,27522.856213592233,26933.65,13541.878238972868,5460.8,48959.89,103,0.4920229984083257,1,0,568994.34,4376.879538461538,2914.725,3910.960202053889,169.54,16181.33,130,257,70,70,92,25,0.2723735408560311,0.2723735408560311,0.35797665369649806,0.09727626459143969,236237.84916666665,47416.195,187153.39416666667,0.7490677418168464,0.24385652638886027,0.008689839572192513,97178.51957547227,13180.791791506514,12
U0093,196298.51,849.7770995670996,866.9,206.1297402814728,500.83,1199.28,231,0.2425691871274021,1,0,585023.15,4535.063178294574,3391.67,4088.980791533467,177.23,17335.45,129,383,267,29,55,32,0.6971279373368147,0.07571801566579635,0.14360313315926893,0.0835509138381201,16358.209166666667,48751.92916666667,-34024.80583333333,-2.0656114170265067,2.970489429846897,0.010064935064935065,1540.1310835088518,16941.369569635506,12
U0094,716074.21,24692.214137931034,23617.07,8643.885528030169,7869.61,38391.78,29,0.35006522621848774,3,1,499027.93,4090.392868852459,2534.88,3917.0660626573917,143.49,16257.93,122,163,34,43,58,28,0.2085889570552147,0.26380368098159507,0.3558282208588957,0.17177914110429449,59672.85083333333,41585.660833333335,15717.095,-0.25111552997484016,1.1067312265944256,0.09162368813104106,33781.342741551736,20744.791193690246,12
U0095,2450751.5,25797.384210526317,21986.85,13239.198258398425,5520.11,49891.28,95,0.513199251147189,1,0,547929.87,4150.983863636364,2722.925,3882.903991243307,112.26,15604.96,132,243,62,65,83,33,0.2551440329218107,0.2674897119341564,0.34156378600823045,0.13580246913580246,204229.29166666666,45660.8225,154876.86666666667,0.7325512808174466,0.24127693757605237,0.021118769145084936,64904.38255967044,13608.104733363278,12
U0096,444237.67,111059.4175,101725.72,48524.38868207778,68262.29,172523.94,4,0.4369227731820021,1,0,602578.86,4635.222,2887.955,4276.807642909994,146.15,17903.89,130,147,23,33,55,36,0.1564625850340136,0.22448979591836735,0.3741496598639456,0.24489795918367346,37019.80583333333,50214.905,-14650.911666666665,0.12267780733999349,0.12732219266000652,0.02361111111111111,73466.84240340171,17068.85853521313,12
U0097,722868.43,24926.497586206897,25742.85,8747.869612218105,6001.72,39716.11,29,0.3509466013812846,3,1,465637.42,3785.670081300813,2407.35,3677.5194143559256,136.2,16080.74,123,168,28,54,50,36,0.16666666666666666,0.32142857142857145,0.2976190476190476,0.21428571428571427,60239.035833333335,38803.11833333333,19356.82083333333,-0.030365740774245874,0.8938051014863144,0.08766761381892961,52305.15318482239,11096.375191288065,12
U0098,673628.46,25908.78692307692,25377.555,7631.75212281414,6823.25,38140.5,26,0.29456230990176346,3,1,446889.32,4062.630181818182,2566.935,3827.229280750609,282.96,17924.14,110,151,29,39,52,31,0.19205298013245034,0.2582781456953642,0.3443708609271523,0.2052980132450331,56135.704999999994,37240.776666666665,16938.151666666665,-0.056146480172733,0.8499738494323026,0.11037479677185559,38328.58868641585,19964.342844096427,12
U0099,189288.78,837.5609734513274,827.725,199.3120655163192,502.51,1196.94,226,0.23796723084531549,1,0,631747.72,4611.297226277372,3173.82,3902.29727508394,122.16,17474.19,137,382,271,33,45,33,0.7094240837696335,0.08638743455497382,0.11780104712041885,0.08638743455497382,15774.065,52645.64333333333,-38781.6975,-2.4912730815052067,3.3763150362084366,0.012196812196812198,2065.0770516441444,18048.372744339704,12
U0100,896619.72,128088.53142857143,124667.96,32736.874436480855,80886.33,179016.33,7,0.25558005913071596,1,0,484327.01,4036.0584166666667,2272.7200000000003,4377.821086550021,120.07,17504.23,120,141,32,30,55,24,0.22695035460992907,0.2127659574468085,0.3900709219858156,0.1702127659574468,74718.31,40360.58416666667,34357.72583333333,0.25024171564275627,0.0830916176905771,0.0,129469.13618836904,21887.337434594232,12
U0101,642926.27,21430.875666666667,22115.21,9974.324096297307,5145.11,39219.68,30,0.4654184108683554,3,1,515466.08999999997,3875.684887218045,2333.26,3851.7849752602137,111.94,17468.64,133,173,35,53,59,26,0.2023121387283237,0.3063583815028902,0.34104046242774566,0.15028901734104047,53577.18916666667,42955.5075,7794.330833333334,0.001955758130667118,0.7820872646089768,0.08608239348370927,47080.078485065205,6549.107019441138,12
U0102,2395898.95,27226.124431818185,26869.17,12737.207906087611,5353.64,49218.98,88,0.4678303714502273,1,0,541668.59,3982.8572794117645,2665.555,3735.4149585113464,126.45,15622.41,136,242,70,70,77,25,0.2892561983471074,0.2892561983471074,0.3181818181818182,0.10330578512396695,199658.24583333335,45139.049166666664,152634.47666666665,0.6582395180383002,0.3326965299530735,0.014493006993006994,86680.69375109667,20863.05440517343,12
U0103,195730.58,836.45547008547,829.8,198.2317113278254,500.04,1186.8,234,0.23699015478680516,1,0,489602.3,4294.75701754386,2931.66,4165.662322415796,108.62,16629.65,114,367,254,36,51,26,0.6920980926430518,0.09809264305177112,0.13896457765667575,0.07084468664850137,16310.881666666668,40800.191666666666,-25952.2975,-1.6449982290594285,2.5570874999315847,0.008165901928068224,2417.157114436233,12881.079929470081,12
U0104,514995.69,34333.046,35538.63,4160.734607826913,28379.19,39901.65,15,0.12118745909777165,1,0,533598.92,4012.0219548872183,2440.24,3936.009523524036,110.83,17793.33,133,160,38,39,54,29,0.2375,0.24375,0.3375,0.18125,42916.3075,44466.57666666667,-3294.043333333335,0.00210228272994654,0.7968030380383754,0.11745006083241377,29707.121691256005,17738.268361284634,12
U0105,206791.42,858.055684647303,867.36,205.81053464201844,502.82,1199.74,241,0.23985685116300492,1,0,621209.05,4405.737943262412,3126.37,4275.534479559172,157.29,17721.61,141,396,274,37,46,39,0.6919191919191919,0.09343434343434344,0.11616161616161616,0.09848484848484848,17232.618333333336,51767.42083333334,-36618.9375,-2.1975139025740695,3.0599085450877332,0.007918352526195662,1751.1275384621795,12906.307064424991,12
U0106,612403.4,21117.358620689654,22238.79,9543.913533085113,5488.43,39369.31,29,0.4519463681283747,3,1,518129.87,4585.2200884955755,2995.67,4264.416385938597,105.31,17777.11,113,157,27,47,51,32,0.17197452229299362,0.29936305732484075,0.3248407643312102,0.20382165605095542,51033.61666666667,43177.489166666666,5982.638333333333,-0.39653260170759247,1.1693057954651096,0.06903280542986426,43415.525276329085,18626.392295943682,12
U0107,200737.88,846.9952742616034,842.63,201.54939095547257,500.83,1199.89,237,0.23795810564726,1,0,443248.83999999997,4066.503119266055,2388.57,4276.297956419023,116.61,17940.69,109,352,259,31,29,33,0.7357954545454546,0.08806818181818182,0.08238636363636363,0.09375,16728.156666666666,36937.40333333333,-20367.251666666667,-1.2556776614412108,2.243931466381742,0.002777777777777778,2098.636229530256,11915.917498223911,12
U0108,964256.95,34437.74821428571,35124.655,16175.195702798468,8230.48,58867.99,28,0.4696937674946052,1,0,568882.36,4277.310977443609,2969.86,4092.2909286251097,102.26,17594.69,133,179,32,29,91,27,0.1787709497206704,0.16201117318435754,0.5083798882681564,0.15083798882681565,80354.74583333333,47406.863333333335,28012.85666666667,0.31919575922694216,0.5480383950098588,0.04617473170104749,39940.517531344136,12881.626674593781,12
U0109,200423.14,852.864425531915,867.79,200.36575141089017,502.68,1198.71,235,0.2349327107716164,1,0,449247.72,4084.0701818181815,2323.16,3741.551291266001,170.14,16612.45,110,366,261,32,53,20,0.7131147540983607,0.08743169398907104,0.1448087431693989,0.0546448087431694,16701.928333333333,37437.31,-22986.5175,-1.356905920608721,2.219611612426702,0.012952152014652015,2645.71030972036,20283.784011429605,12
U0110,417715.07,23206.39277777778,26658.559999999998,10474.996807773658,5151.95,38366.35,18,0.45138410385798583,3,1,533894.9400000001,4014.247669172933,2411.76,3767.013401247346,135.64,17139.02,133,166,33,31,64,38,0.19879518072289157,0.18674698795180722,0.3855421686746988,0.2289156626506024,34809.589166666665,44491.245,-11599.115833333335,-1.785399577711552,2.2393650333592316,0.05778348113874429,44491.67780351195,10000.421160726182,12
U0111,473253.78,22535.894285714287,24341.43,9082.792484512993,6586.46,36053.62,21,0.40303670088968513,3,1,421299.06,3291.39890625,2383.01,2961.2548483626915,146.25,13379.32,128,167,35,46,57,29,0.20958083832335328,0.2754491017964072,0.3413173652694611,0.17365269461077845,39437.815,35108.255,190.17416666666608,-0.18650782338992508,0.9637221840496694,0.07543620595091184,25051.863111001432,13704.086857767186,12
U0112,325454.0,32545.4,32380.089999999997,3595.2675617261093,28770.78,38474.09,10,0.11046930016918241,1,0,601700.87,4813.60696,3159.91,4242.330117196175,198.39,17305.67,125,155,22,32,72,29,0.14193548387096774,0.2064516129032258,0.4645161290322581,0.1870967741935484,27121.166666666668,50141.739166666666,-25652.6825,-0.03824389777960793,0.5179533136578415,0.09974587640028816,30763.07185588808,20672.55406666154,12
U0113,760434.1799999999,22365.711176470588,24039.995,9541.724350248218,7688.44,37140.81,34,0.42662289050242247,3,1,584110.58,4599.295905511811,3087.68,4051.1464367433887,138.69,17392.43,127,177,40,47,56,34,0.22598870056497175,0.2655367231638418,0.3163841807909605,0.192090395480226,63369.51499999999,48675.88166666666,12598.152499999998,0.08956660357151063,0.7873366227219756,0.08346861471861472,39414.18568992376,14174.153108344033,12
U0114,539640.1,134910.025,135649.615,29814.32420164117,102690.01,165650.86,4,0.22099413443620053,1,0,562390.43,4196.943507462687,2840.73,4016.3087775877243,105.14,16027.31,134,157,45,38,45,29,0.28662420382165604,0.24203821656050956,0.28662420382165604,0.18471337579617833,44970.00833333333,46865.869166666664,-4055.893333333332,0.13833279476662788,0.025442946886143836,0.02411858974358974,105029.20585893714,11571.35492845898,12
U0115,304419.5,23416.884615384617,26512.8,10473.86185961082,7046.84,39004.07,13,0.4472781939886921,3,1,579222.1,4258.986029411764,2651.855,4090.528608803744,111.31,16624.67,136,160,30,44,49,37,0.1875,0.275,0.30625,0.23125,25368.291666666668,48268.50833333333,-24529.007500000003,-0.3852340534676975,1.0259843928693744,0.04766356328856328,24264.40513221966,15013.671523624324,12
U0116,569906.77,142476.6925,140954.54499999998,8679.866242649816,134758.51,153239.17,4,0.060921306428065876,1,0,567722.7,4268.591729323308,3010.07,3762.535250193983,101.24,17105.19,133,156,31,39,50,36,0.1987179487179487,0.25,0.32051282051282054,0.23076923076923078,47492.230833333335,47310.225,-1708.0716666666642,0.15225347688913848,0.014413189777528182,0.023237179487179488,111079.29331452354,18286.675582755728,12
U0117,799010.35,34739.580434782605,32801.73,15479.538449445707,8614.75,56444.2,23,0.44558795056566075,1,0,550613.42,4335.538740157481,2797.38,4255.135380311018,116.92,17622.77,127,165,31,30,67,37,0.18787878787878787,0.18181818181818182,0.40606060606060607,0.22424242424242424,66584.19583333333,45884.45166666667,17811.899166666666,0.07744507698859739,0.810066507684876,0.03383714596949891,39337.99985846428,17817.503186511356,12
U0118,565768.6,33280.50588235294,33142.1,3421.379584973835,28311.56,39798.45,17,0.10280431424535613,1,0,584437.87,4115.759647887324,2473.63,4087.017519805232,110.63,17988.22,142,182,32,32,83,35,0.17582417582417584,0.17582417582417584,0.45604395604395603,0.19230769230769232,47147.38333333333,48703.15583333333,-7819.721666666665,-0.014907640899784433,0.6688197870143445,0.14260374198833278,39762.45750863823,21548.027006679527,12
U0119,653644.61,23344.450357142858,23190.69,9735.366743042066,6928.43,39104.01,28,0.41703131125823534,3,1,436936.35,3671.7340336134453,2336.36,3355.502012732682,107.29,16465.16,119,167,39,37,64,27,0.23353293413173654,0.2215568862275449,0.38323353293413176,0.16167664670658682,54470.38416666666,36411.362499999996,14052.807500000003,0.23472586385694616,0.4449426831435647,0.0920572483072483,48146.15280669408,10240.520615127769,12
U0120,196903.51,859.8406550218341,871.62,204.43973112671986,503.68,1196.68,229,0.23776467178273686,1,0,545661.78,4262.98265625,2816.63,4153.101813745125,145.83,17311.94,128,375,251,23,61,40,0.6693333333333333,0.06133333333333333,0.16266666666666665,0.10666666666666667,16408.625833333335,45471.815,-31390.142499999998,-1.9738286703005163,2.821422048457038,0.007743319101834283,1550.435869621292,17960.252438588584,12
U0121,803539.31,24349.676060606063,26003.94,9301.237963473579,7579.8,39423.78,33,0.38198610693312324,3,1,536761.09,4510.597394957983,2590.78,4401.817532015045,111.74,17438.86,119,170,31,41,68,30,0.18235294117647058,0.2411764705882353,0.4,0.17647058823529413,66961.60916666668,44730.09083333333,19219.901666666665,-0.2971800313029747,1.264239611673885,0.0989838864838865,44629.79457606125,16394.12114290777,12
U0122,2414316.43,28073.44686046512,29909.71,13749.639614354584,5214.88,49806.99,86,0.4897738308621352,1,0,524365.93,3745.470928571429,2358.875,3842.1885507575635,168.97,17943.48,140,243,58,60,84,41,0.23868312757201646,0.24691358024691357,0.345679012345679,0.16872427983539096,201193.03583333336,43697.16083333333,154930.52416666667,0.7140899502908716,0.27057637258132633,0.020707678783014178,71845.75789036682,17600.7743205816,12
U0123,203215.45,850.273849372385,847.92,195.98087511584,505.67,1199.1,239,0.23049147667013387,1,0,513670.82,4390.348888888889,2914.7,3929.562515779406,116.97,17573.88,117,370,266,24,49,31,0.7189189189189189,0.06486486486486487,0.13243243243243244,0.08378378378378379,16934.620833333334,42805.901666666665,-28771.145833333332,-1.719108961578648,2.5559093441977754,0.012705176767676768,1685.636570192985,11620.887847397762,12
U0124,455011.74,113752.935,120813.10500000001,27964.522150582747,74569.1,138816.43,4,0.24583560987312325,1,0,507486.54,4229.0545,2569.425,3919.4476135572877,267.89,15214.79,120,141,22,25,61,33,0.15602836879432624,0.1773049645390071,0.4326241134751773,0.23404255319148937,37917.645,42290.545,-7686.538333333333,0.1850454398132766,0.0557989901041419,0.04416971916971917,72334.33942104092,17937.797737673427,12
U0125,601228.53,85889.79000000001,70915.68,32536.15652783787,57607.87,146897.35,7,0.37881285456441177,1,0,579314.7,4561.533070866141,2668.4,4184.702369461346,151.59,17951.86,127,156,33,32,63,28,0.21153846153846154,0.20512820512820512,0.40384615384615385,0.1794871794871795,50102.3775,48276.225,-759.7224999999968,0.18589433571147315,0.06410566428852685,0.020707070707070705,95142.23482795394,17426.24476673018,12
U0126,391450.06,97862.515,100677.795,16074.668445892337,76899.67,113194.8,4,0.1642576674622795,1,0,478062.23,3794.1446825396824,2468.1800000000003,3857.774260231552,123.2,17520.48,126,141,38,27,45,31,0.2695035460992908,0.19148936170212766,0.3191489361702128,0.2198581560283688,32620.838333333333,39838.519166666665,-8015.632500000001,0.12918283734191813,0.03748382932474854,0.008333333333333333,76908.05510766049,20848.714150357944,12
U0127,1195514.42,33208.733888888884,31131.445,16020.012952064904,10013.17,58446.19,36,0.48240360519811765,1,0,513605.02999999997,4505.307280701754,3242.0,4088.9263365085735,120.03,15660.48,114,160,27,29,80,24,0.16875,0.18125,0.5,0.15,99626.20166666666,42800.41916666667,55640.980833333335,0.3757994962763303,0.5338300408529479,0.01045751633986928,71323.6802666809,16488.792399718863,12
U0128,471863.74,33704.55285714286,33784.775,3251.059998671272,28099.67,38092.4,14,0.09645759172213106,1,0,468419.77,3936.300588235294,3122.66,3709.6792468652243,152.19,17740.67,119,151,33,34,51,33,0.2185430463576159,0.2251655629139073,0.33774834437086093,0.2185430463576159,39321.97833333333,39034.980833333335,-2956.986666666666,-0.0240131015638199,0.8282084289130093,0.1461555329202388,25008.96645683225,14248.02456998702,12
U0129,981798.5,33855.120689655174,34270.65,13948.801095214225,12050.97,58566.72,29,0.4120145139366301,1,0,556171.05,4030.2250000000004,2454.575,3913.0803282304732,106.97,17793.1,138,185,30,36,80,39,0.16216216216216217,0.1945945945945946,0.43243243243243246,0.21081081081081082,81816.54166666667,46347.587499999994,31636.501666666667,0.08221952873534398,0.7754282762359731,0.03202638005269584,51752.06212933036,19147.141583894743,12
U0130,376405.58,34218.689090909094,34329.43,3580.1269393345665,28169.74,39973.16,11,0.1046249004403182,1,0,597230.6900000001,4265.9335,2747.295,3967.638796812421,139.15,16162.89,140,164,36,37,50,41,0.21951219512195122,0.22560975609756098,0.3048780487804878,0.25,31367.131666666668,49769.224166666674,-19922.217500000002,-0.3563432758032771,1.1464990712626288,0.08666819291819293,16673.109941763785,17930.943172506653,12
U0131,376333.28,94083.32,76520.29000000001,50731.60471687842,55969.5,167323.2,4,0.5392199671193408,1,0,533032.54,4369.119180327869,2659.875,4129.550393849167,109.07,17489.01,122,141,26,26,58,31,0.18439716312056736,0.18439716312056736,0.41134751773049644,0.2198581560283688,31361.106666666663,44419.378333333334,-13344.862499999997,0.11600522301662723,0.05066144365003942,0.008333333333333333,90243.12652544079,17497.144813569823,12
U0132,2468930.55,29046.24176470588,30801.26,12514.741136772534,5782.49,49466.98,85,0.4308557794894901,1,0,483355.11,3961.927131147541,2392.705,3736.769150918389,131.39,17418.38,122,221,66,61,64,30,0.2986425339366516,0.27601809954751133,0.2895927601809955,0.13574660633484162,205744.2125,40279.5925,162206.04,0.7461360223709773,0.23113306131218284,0.02250132908027645,78793.23021103043,19365.892584526082,12
U0133,906995.27,30233.175666666666,30167.230000000003,12979.539420653351,8193.93,51168.46,30,0.4293144578577577,1,0,662297.8,5134.091472868217,3739.33,4165.579744879288,125.26,16581.23,129,178,31,26,82,39,0.17415730337078653,0.14606741573033707,0.4606741573033708,0.21910112359550563,75582.93916666666,55191.48333333334,17803.326666666668,-0.49217751023218104,1.4156845501578765,0.023192663817663817,64972.91792692825,22285.725503215293,12
U0134,197461.44,854.8114285714286,857.15,202.14244260173024,504.79,1197.3,231,0.2364760645977244,1,0,526207.24,4047.748,2673.665,3392.699935596879,153.78,14324.89,130,375,267,30,44,34,0.712,0.08,0.11733333333333333,0.09066666666666667,16455.12,43850.60333333333,-29639.59833333333,-1.7641650813132912,2.6209077087845976,0.011628086419753087,1962.4112047126657,14820.348385875865,12
U0135,1258319.8,37009.40588235294,38623.125,12800.092149169986,8516.95,58704.89,34,0.34586051421250746,1,0,609821.29,4483.980073529412,2751.9750000000004,4752.171589449356,104.28,17999.52,136,179,30,39,69,41,0.16759776536312848,0.21787709497206703,0.3854748603351955,0.22905027932960895,104859.98333333334,50818.440833333334,51615.949166666665,-0.023900034699737723,1.0028561692037168,0.022263071895424837,68172.84265573451,16680.503287461335,12
U0136,321149.04,35683.22666666666,36892.59,3843.22180557537,28251.99,39595.39,9,0.1077038755905306,1,0,482047.27999999997,3856.3782399999996,2262.63,3862.6429223571245,129.93,16953.48,125,145,19,31,55,40,0.1310344827586207,0.21379310344827587,0.3793103448275862,0.27586206896551724,26762.42,40170.60666666667,-15411.878333333334,0.030905956370133842,0.4690940436298661,0.08376114626114627,31046.991155673273,17519.192569837815,12
U0137,418418.89,32186.068461538463,31643.95,2741.1701794697296,28902.46,37729.83,13,0.08516635645466791,1,0,513869.36,3750.8712408759125,2413.57,3826.2220663812,164.4,17577.4,137,171,33,30,78,30,0.19298245614035087,0.17543859649122806,0.45614035087719296,0.17543859649122806,34868.24083333334,42822.44666666666,-10855.311666666666,-0.27841646055944863,1.131475433167085,0.10706699346405228,15158.654792563197,15529.15167351411,12
U0138,275147.54,34393.4425,34561.850000000006,3363.306786460312,28074.0,38813.85,8,0.09778918718183888,1,0,598247.97,4532.181590909091,2697.465,4387.93548524265,101.75,17724.8,132,156,45,30,50,31,0.28846153846153844,0.19230769230769232,0.32051282051282054,0.1987179487179487,22928.961666666666,49853.9975,-28565.32416666667,-0.3202761337514846,0.8888071215014487,0.07984249546749546,22966.99991328223,21528.264384731792,12
U0139,292849.12,97616.37333333334,84171.66,58471.18708809094,47038.56,161638.9,3,0.5989895454159904,1,0,453733.63,4015.3418584070796,2778.78,3479.337854666754,217.31,14658.28,113,126,30,27,32,37,0.23809523809523808,0.21428571428571427,0.25396825396825395,0.29365079365079366,24404.093333333334,37811.135833333334,-15538.620000000003,0.10337479743422633,0.04680150252703607,0.02879273504273504,71024.1573994515,12666.42936387826,12
U0140,875002.63,109375.32875,111529.77,41040.24737384699,61347.29,170517.78,8,0.37522399103049087,1,0,601023.3200000001,4518.972330827068,3439.23,3657.6920163933573,291.14,14649.89,133,154,33,32,57,32,0.21428571428571427,0.2077922077922078,0.37012987012987014,0.2077922077922078,72916.88583333333,50085.27666666667,22264.644999999993,0.20842033322030762,0.12007002230947407,0.013888888888888888,151483.8190202921,17376.497347342127,12
U0141,816330.85,25510.3390625,26748.114999999998,8897.044777320945,5270.15,38733.46,32,0.3487623098824089,3,1,528931.96,4371.338512396694,2470.0,4190.486185335711,192.63,17589.79,121,163,29,40,60,34,0.17791411042944785,0.24539877300613497,0.36809815950920244,0.2085889570552147,68027.57083333333,44077.66333333333,23319.135,0.22549651311912222,0.7660491741452673,0.10545447844209455,28262.247149075178,21514.922584180895,12
U0142,638947.73,19967.1165625,17260.795,9417.598458070011,6983.92,38335.0,32,0.4716554054558428,3,1,616407.64,4466.722028985508,3241.4300000000003,3654.568672666285,156.97,17475.06,138,188,31,55,76,26,0.16489361702127658,0.2925531914893617,0.40425531914893614,0.13829787234042554,53245.644166666665,51367.30333333334,85.27583333333405,-0.6249156780475764,1.5858578735957425,0.07854581419201488,31919.586187831294,18155.855046176417,12
U0143,201077.25,870.4642857142857,885.05,197.6074079369314,503.78,1199.94,231,0.227013803070368,1,0,430938.11,3917.619181818182,2791.515,3347.305418200437,213.25,17103.14,110,353,264,27,42,20,0.7478753541076487,0.0764872521246459,0.11898016997167139,0.056657223796033995,16756.4375,35911.50916666666,-22751.879166666666,-1.374649812973579,2.149289019980636,0.019956152696813615,1997.9911832552984,12604.807183680112,12
U0144,189643.55,850.4195067264574,863.57,200.78145664761817,501.17,1198.57,223,0.23609695574892398,1,0,563966.88,4405.99125,3029.255,4041.0708396977057,120.03,17826.99,128,369,261,31,50,27,0.7073170731707317,0.08401084010840108,0.13550135501355012,0.07317073170731707,15803.629166666666,46997.24,-34804.17916666666,-2.2575930031287337,3.031843664263921,0.014669895736072205,1900.9057879837578,20003.560156329444,12
U0145,738052.16,23064.13,25805.545,10529.865439724443,6002.25,39646.61,32,0.4565472636394454,3,1,493114.62,3882.792283464567,2298.37,3924.2198406192556,115.0,16881.01,127,181,32,51,69,29,0.17679558011049723,0.281767955801105,0.3812154696132597,0.16022099447513813,61504.34666666667,41092.885,18767.656666666666,0.15826761993908225,0.7255449927091507,0.09323867996468616,35144.1699611346,10896.503029835265,12
U0146,362499.88,32954.534545454546,32567.7,3161.7396339210595,28180.78,37246.68,11,0.09594247582407932,1,0,587017.16,4932.91731092437,2988.07,4577.754757754085,135.59,17271.0,119,146,29,23,56,38,0.19863013698630136,0.15753424657534246,0.3835616438356164,0.2602739726027397,30208.323333333334,48918.09666666667,-19307.909166666668,-0.02578980315046536,0.5914801382211915,0.08724083650554239,30121.552680824992,14633.372984414975,12
U0147,215951.56,863.80624,861.715,204.68587063991714,501.03,1198.01,250,0.23695808291442436,1,0,503041.16,3992.3901587301584,2593.735,3873.1302695098675,103.32,17222.57,126,396,286,30,48,32,0.7222222222222222,0.07575757575757576,0.12121212121212122,0.08080808080808081,17995.963333333333,41920.09666666667,-25723.03583333333,-1.477155769622706,2.3704756019768056,0.010191364891031186,1618.02469735805,16572.838329906688,12
U0148,626132.9,23190.10740740741,27722.2,10896.085191134049,6740.8,39649.97,27,0.46985919468633464,3,1,450446.57,3632.6336290322583,2564.565,3411.5340224695406,164.2,16698.35,124,167,28,51,52,36,0.16766467065868262,0.30538922155688625,0.31137724550898205,0.2155688622754491,52177.74166666667,37537.214166666665,13276.490833333331,-0.4468361488293296,1.2891578141754616,0.08308166327709672,48746.14330645672,15497.312528242059,12
U0149,405118.01,81023.602,78533.15,26969.764271883614,47998.76,116161.67,5,0.3328630621961686,1,0,533502.22,4200.804881889763,2418.1,4158.988629518965,109.16,15620.85,127,151,33,38,50,30,0.2185430463576159,0.25165562913907286,0.33112582781456956,0.1986754966887417,33759.83416666667,44458.51833333333,-12588.198333333334,0.1346701056039358,0.11532989439606417,0.021924603174603177,70253.38598660196,17801.793585686723,12
U0150,424507.85,32654.449999999997,32167.03,3426.191183646939,28004.48,39510.11,13,0.10492264250804835,1,0,557074.2,4421.223809523809,2737.465,4216.582156040574,112.85,17949.68,126,154,30,26,59,39,0.19480519480519481,0.16883116883116883,0.38311688311688313,0.2532467532467532,35375.65416666667,46422.850000000006,-12265.458333333336,-0.08107049916082192,0.8154984172143797,0.10256528924292081,26450.17397831266,22139.191625297764,12
U0151,256337.84,85445.94666666667,82882.1,15275.015601498852,71615.09,101840.65,3,0.1787681709594516,1,0,478943.48,4024.73512605042,3099.67,3887.738881280713,333.36,17703.93,119,138,33,28,54,23,0.2391304347826087,0.2028985507246377,0.391304347826087,0.16666666666666666,21361.486666666668,39911.956666666665,-19349.022500000003,0.10553385931282804,0.05926109548851399,0.010854341736694676,53496.456032182396,16072.827110536778,12
U0152,2735641.32,28796.22442105263,29197.23,12425.157016076828,5591.51,48980.34,95,0.43148562931024115,1,0,446766.14,3818.514017094017,2618.32,3568.8489855969883,102.71,15954.86,117,229,63,64,84,18,0.27510917030567683,0.2794759825327511,0.36681222707423583,0.07860262008733625,227970.11,37230.511666666665,188605.6025,0.7987557624693603,0.1939905589497817,0.016132478632478634,80844.8936208559,9692.89633099494,12
U0153,498536.15,33235.74333333333,33874.21,4011.285166506875,28119.55,39350.46,15,0.12069190468455122,1,0,578196.26,4282.9352592592595,2506.6,4296.213889020214,118.25,17453.29,135,162,34,35,60,33,0.20987654320987653,0.21604938271604937,0.37037037037037035,0.2037037037037037,41544.67916666667,48183.02166666667,-7756.100833333335,-0.10889594405474261,0.9178294145745882,0.11759064737005913,25805.93806035117,16666.131080376937,12
U0154,230736.49,32962.35571428571,30923.06,3878.1566844737677,29123.81,37852.35,7,0.11765411180223977,1,0,479956.35,3555.232222222222,2451.38,3152.6556094241937,171.78,14371.07,135,159,37,35,51,36,0.23270440251572327,0.22012578616352202,0.32075471698113206,0.22641509433962265,19228.040833333333,39996.362499999996,-23804.164999999997,-0.06091796609730788,0.5316406327980676,0.07906237281237281,21448.549117955597,14311.251015659689,12
U0155,194161.81,833.3124892703862,824.99,204.98532772090255,500.14,1195.24,233,0.2459885461459712,1,0,470246.36,3823.141138211382,2398.66,3460.8148663408124,250.44,16183.07,123,372,270,27,51,24,0.7258064516129032,0.07258064516129033,0.13709677419354838,0.06451612903225806,16180.150833333333,39187.19666666666,-27916.0425,-1.7608727212498956,2.4456075980019407,0.022293649180815476,1932.7698712020829,12005.434449593182,12
U0156,766700.35,31945.847916666666,31639.96,12784.311116186589,10420.91,57898.2,24,0.40018693977181324,1,0,560123.99,4410.425118110236,2819.59,4116.7215750128125,137.79,17788.64,127,165,29,39,65,32,0.17575757575757575,0.23636363636363636,0.3939393939393939,0.19393939393939394,63891.69583333333,46676.99916666667,15031.925833333335,0.038544700203512125,0.8519026383061988,0.02261029411764706,51284.7888483461,17523.954197068997,12
U0157,72919.98,72919.98,72919.98,0.0,72919.98,72919.98,1,0.0,1,0,566150.23,4256.768646616541,2604.5,4078.376267607183,134.42,17168.35,133,152,34,34,57,27,0.2236842105263158,0.2236842105263158,0.375,0.17763157894736842,6076.665,47179.18583333333,-45066.10333333333,0.01538962069563559,0.062043123617605674,0.04674873737373738,21050.18504115106,19855.294070095562,12
U0158,853653.4,32832.82307692308,36059.065,13578.082180266189,10710.67,56379.21,26,0.4135520770923198,1,0,531553.7,4252.4295999999995,2652.42,4109.165586854703,106.15,17235.96,125,159,31,29,68,31,0.1949685534591195,0.18238993710691823,0.4276729559748428,0.1949685534591195,71137.78333333334,44296.14166666666,26614.33916666666,0.295269154395848,0.5364374839424481,0.006944444444444444,45575.48016400113,17345.400102190484,12
U0159,1060669.87,36574.82310344828,40316.22,15991.088872324464,11780.46,58803.05,29,0.43721575432081367,1,0,504301.3,3939.85390625,2744.245,3706.731788422617,117.86,17748.12,128,182,40,33,89,20,0.21978021978021978,0.1813186813186813,0.489010989010989,0.10989010989010989,88389.15583333334,42025.10833333333,44431.475,0.39966072526559077,0.5767755242982471,0.013036881419234361,47748.21718409094,19688.5372694907,12
U0160,562541.13,23439.21375,25123.21,7959.623782680126,7712.84,39269.25,24,0.33958578421514357,3,1,602309.63,4742.595511811023,3215.13,4169.924230570948,350.02,17270.68,127,169,29,35,71,34,0.17159763313609466,0.20710059171597633,0.42011834319526625,0.20118343195266272,46878.4275,50192.46916666667,-5236.3925,-0.46140890437759907,1.302186210652741,0.06076764330440801,35480.21773901342,14801.24806484081,12
U0161,374593.61,34053.964545454546,33974.72,2986.390035207604,28509.1,38179.86,11,0.08769581090100187,1,0,480136.9,3780.605511811024,2568.14,3350.810394457954,279.71,17475.45,127,157,39,33,59,26,0.2484076433121019,0.21019108280254778,0.37579617834394907,0.16560509554140126,31216.134166666667,40011.40833333333,-12590.652500000002,-0.1344691895460208,0.7247216548748624,0.10953652828652828,32098.375106159176,12780.919155085574,12
U0162,2147867.04,24975.198139534885,22724.155,12172.708546139116,5227.97,48695.86,86,0.4873918708524732,1,0,550776.71,4172.550833333333,2825.835,4154.130319280432,146.26,16998.77,132,232,54,68,75,35,0.23275862068965517,0.29310344827586204,0.3232758620689655,0.15086206896551724,178988.92,45898.059166666666,130343.96083333333,0.6846909381064928,0.2971052322474132,0.016781083142639205,69149.42086695356,14061.375789878819,12
U0163,438035.52999999997,19045.02304347826,15664.48,10066.454268536227,6122.89,36374.13,23,0.5285608867763152,3,1,538383.22,4109.795572519084,3116.1,3634.8877917437753,120.52,17308.57,131,170,31,49,61,29,0.18235294117647058,0.28823529411764703,0.3588235294117647,0.17058823529411765,36502.96083333333,44865.26833333333,-10520.653333333335,-0.6501007172189787,1.5284947482558007,0.05806638894874189,27455.596281437764,18493.51082932941,12
U0164,487695.69,97539.138,81897.82,53718.39157272973,47307.75,165733.34,5,0.5507367880648045,1,0,650799.56,4785.2908823529415,2773.5699999999997,4616.763861891505,150.22,17925.38,136,153,34,35,42,42,0.2222222222222222,0.22875816993464052,0.27450980392156865,0.27450980392156865,40641.3075,54233.29666666667,-15614.026666666667,0.1455141902604835,0.10167436451515226,0.030048689056041997,75872.53150057106,23705.03320825168,12
U0165,866306.5499999999,108288.31874999999,114804.715,35409.473838875965,49056.96,156268.75,8,0.3269925532838321,1,0,483819.13,4358.730900900901,2906.46,3995.6244808891893,104.72,16678.14,111,132,24,32,45,31,0.18181818181818182,0.24242424242424243,0.3409090909090909,0.23484848484848486,72192.21250000001,40318.260833333334,30973.29833333333,0.25884447088619783,0.07073063162805134,0.014743589743589745,129508.47187800628,17324.016083077724,12
U0166,772483.08,28610.484444444442,24288.99,12730.378176075325,11835.01,57774.06,27,0.44495500245006503,1,0,529561.69,4270.65879032258,2762.065,3941.1908986940657,190.96,17320.97,124,174,32,28,88,26,0.1839080459770115,0.16091954022988506,0.5057471264367817,0.14942528735632185,64373.590000000004,44130.14083333333,17039.58,0.06269245315471317,0.7608194130039445,0.02679357679357679,43077.32345845993,15496.07262926933,12
U0167,484808.91000000003,22036.76863636364,24162.11,9912.20067728093,5250.79,38047.58,22,0.449802820043428,3,1,563474.53,4053.7735971223024,2563.14,3738.28992954463,116.05,14807.46,139,182,38,42,66,36,0.2087912087912088,0.23076923076923078,0.3626373626373626,0.1978021978021978,40400.7425,46956.21083333334,-8080.709166666668,-0.2886195494980612,1.1045852894620793,0.05872000913603081,36418.47045608166,21493.45385918126,12
U0168,525727.16,35048.477333333336,35369.04,3165.541923030527,29036.14,39149.91,15,0.09031895716678952,1,0,695628.35,4576.5023026315785,3150.1400000000003,4065.627440838943,123.54,16163.7,152,181,31,39,81,30,0.1712707182320442,0.2154696132596685,0.44751381215469616,0.16574585635359115,43810.59666666667,57969.02916666667,-16111.796666666667,-0.12739582042810052,0.8514576808195091,0.11138352388352389,33436.810853769945,22651.516854732414,12
U0169,2576107.7399999998,29610.433793103446,31140.17,13159.027792243007,5608.29,49839.21,87,0.4444051000464529,1,0,548480.5,3945.9028776978416,2567.88,3895.4177120062413,121.47,17922.09,139,245,64,58,78,45,0.2612244897959184,0.23673469387755103,0.3183673469387755,0.1836734693877551,214675.64500000002,45706.708333333336,167275.40833333333,0.7420063690232087,0.2508951958857541,0.017321445486407124,85154.78488099235,22427.85858711593,12
U0170,1281651.22,40051.600625,39723.66,13142.408718623634,15103.48,59415.16,32,0.32813691621653224,1,0,598220.64,4566.569770992366,3123.76,4019.462034504019,167.97,16639.81,131,183,38,31,84,30,0.20765027322404372,0.16939890710382513,0.45901639344262296,0.16393442622950818,106804.26833333333,49851.72,53633.85666666667,0.36275827470539584,0.3698491409658502,0.03848284867306607,95202.505039116,12329.818952823274,12
U0171,752108.82,125351.46999999999,146213.06,47401.034238002445,46506.8,170059.32,6,0.3781450208601658,1,0,560737.42,4184.607611940299,2879.6099999999997,3702.7969615653665,175.73,16626.56,134,164,34,31,63,36,0.2073170731707317,0.18902439024390244,0.38414634146341464,0.21951219512195122,62675.73500000001,46728.11833333334,13215.497500000003,0.2030218996985421,0.041454818886324525,0.027987637362637364,116171.37069983814,21621.948630736664,12
U0172,705122.82,23504.093999999997,24706.254999999997,9561.977871489371,6229.5,38413.1,30,0.40682180183117767,3,1,465840.29,3981.54094017094,2578.72,3982.7182039152917,116.94,17874.84,117,167,32,44,57,34,0.19161676646706588,0.2634730538922156,0.3413173652694611,0.20359281437125748,58760.23499999999,38820.02416666666,18410.671666666665,-0.1234254492523617,1.0655450560859416,0.09297515350146929,28620.919114700155,10229.694288251289,12
U0173,183640.52000000002,91820.26000000001,91820.26000000001,50449.96165945224,56146.75,127493.77,2,0.5494425920755641,1,0,529918.07,4415.983916666666,2959.475,4218.343278311737,139.48,17788.84,120,140,38,34,44,24,0.2714285714285714,0.24285714285714285,0.3142857142857143,0.17142857142857143,15303.376666666669,44159.839166666665,-30704.6725,0.07479757190842194,0.008535761424911378,0.02840909090909091,53012.451828061436,16360.819594030932,12
U0174,959818.34,34279.22642857143,36216.015,14939.081777854233,8110.31,59447.41,28,0.43580568566747596,1,0,570362.49,4288.43977443609,2416.64,4375.9821351697665,108.63,17932.62,133,172,27,37,68,40,0.1569767441860465,0.21511627906976744,0.3953488372093023,0.23255813953488372,79984.86166666666,47530.2075,32454.654166666664,0.33645622249049634,0.496877110842837,0.0,55366.464790333936,22310.27113323169,12
U0175,515330.9,20613.236,23349.17,10121.25240441452,5139.96,36681.8,25,0.49100744805010327,3,1,579013.3,4353.483458646617,3014.33,3993.22517712188,102.02,17757.59,133,170,37,41,58,34,0.21764705882352942,0.2411764705882353,0.3411764705882353,0.2,42944.24166666667,48251.10833333334,-8064.93333333333,-0.3255437704607294,1.0671238865384496,0.0567514185161244,30924.22741184471,12800.687183769636,12
U0176,687249.29,114541.54833333334,103454.375,26557.647628421764,97242.46,166486.33,6,0.23186038616428484,1,0,553949.98,4261.153692307692,2906.36,3746.6379206796364,196.89,17528.84,130,151,32,32,51,36,0.2119205298013245,0.2119205298013245,0.33774834437086093,0.23841059602649006,57270.77416666667,46162.49833333333,9203.688333333334,0.2108026639668185,0.03344304040064189,0.022200600325600325,107782.19113125722,24060.99455916485,12
U0177,748799.3,31199.970833333336,30967.515,13537.90953690957,10048.6,58083.14,24,0.4339077625818155,1,0,564593.86,4516.75088,2513.21,4359.944275123142,125.35,17577.61,125,170,34,31,76,29,0.2,0.18235294117647058,0.4470588235294118,0.17058823529411765,62399.94166666667,47049.488333333335,11263.605000000001,-0.17203294171560443,1.0517127084418163,0.0405982905982906,39277.95636607935,14670.80749753793,12
U0178,885701.37,126528.76714285715,129137.65,25080.44991276254,90308.96,163052.89,7,0.1982193494736694,1,0,448465.12,3646.0578861788617,2609.91,3484.192178264909,217.6,17585.59,123,146,39,27,52,28,0.2671232876712329,0.18493150684931506,0.3561643835616438,0.1917808219178082,73808.4475,37372.09333333333,33778.17666666667,0.14833900562683328,0.0183276610398334,0.02948717948717949,194322.08625963717,13789.3752245411,12
U0179,195189.67,827.074872881356,820.315,200.90146428298536,501.75,1199.18,236,0.24290601839116047,1,0,521087.74,3748.8326618705037,2508.12,3302.715053972136,159.57,14350.49,139,391,270,29,55,37,0.690537084398977,0.0741687979539642,0.14066496163682865,0.09462915601023018,16265.805833333334,43423.97833333333,-30532.090833333332,-1.8930456866892262,2.6943508822100384,0.01439222785972012,1976.426014471845,16025.09004860295,12
U0180,187293.27,832.4145333333333,817.71,194.5577438932242,508.63,1199.43,225,0.23372699070273825,1,0,490064.01,3984.260243902439,2004.16,4119.2376034814,190.65,16670.71,123,369,263,15,53,38,0.7127371273712737,0.04065040650406504,0.14363143631436315,0.10298102981029811,15607.772500000001,40838.6675,-27925.88333333333,-1.8383756215523672,2.6439060818143276,0.020531930960763924,2210.6084341693027,16360.742667741486,12
U0181,859915.35,107489.41875,102897.795,53809.76910532231,41971.28,176731.42,8,0.5006052663702055,1,0,533592.1,4201.512598425196,3259.7,3362.028578878233,108.73,16040.16,127,153,32,39,57,25,0.20915032679738563,0.2549019607843137,0.37254901960784315,0.16339869281045752,71659.6125,44466.00833333333,25292.06416666666,0.17030423197499858,0.07618017401587604,0.035216172716172715,179916.66323565817,18453.09819890211,12
U0182,936982.97,33463.6775,32416.5,14566.638283327453,8300.91,59428.07,28,0.43529699577482045,1,0,574166.72,4382.952061068702,2883.94,4047.119861768124,130.29,17643.47,131,177,36,30,80,31,0.2033898305084746,0.1694915254237288,0.4519774011299435,0.1751412429378531,78081.91416666667,47847.22666666666,28576.000000000004,-0.009582631001791788,0.8314991616620034,0.009027777777777779,62345.89842193215,26444.57474405129,12
U0183,3120087.98,27857.928392857142,27433.370000000003,13139.45021953529,5454.61,49381.32,112,0.4716592717965449,1,0,423710.61,3590.767881355932,2368.045,3413.343285271162,175.61,16625.04,118,251,63,61,95,32,0.250996015936255,0.24302788844621515,0.3784860557768924,0.12749003984063745,260007.33166666667,35309.2175,222908.79916666666,0.8300939889602037,0.16308134860145604,0.014039855072463768,99438.75123640141,14116.818645496538,12
U0184,449357.92,34565.99384615385,35740.22,3984.919475247771,28413.9,39855.07,13,0.11528438884135173,1,0,558439.11,4017.5475539568342,2959.96,3477.56354322483,311.02,17965.64,139,165,44,33,57,31,0.26666666666666666,0.2,0.34545454545454546,0.18787878787878787,37446.49333333333,46536.5925,-11384.152499999998,-0.13692838622938805,0.854682191064074,0.1335091515238574,27648.867050865945,19672.215185717287,12
U0185,261490.84999999998,32686.356249999997,32254.98,3226.770265924637,29106.96,38294.88,8,0.09871917938007047,1,0,542913.52,4144.378015267176,3060.16,3660.030494063471,101.48,17368.87,131,161,32,30,59,40,0.19875776397515527,0.18633540372670807,0.36645962732919257,0.2484472049689441,21790.904166666664,45242.793333333335,-25249.600833333334,-0.05449927050251299,0.5265892219551324,0.06871214297684886,24868.03816487686,17695.787052576994,12
U0186,2151793.29,25925.220361445783,24370.84,13648.899072484272,5049.27,49799.24,83,0.5264718633899051,1,0,549703.56,4397.62848,3063.42,3878.718502000549,103.26,17201.95,125,230,63,54,85,28,0.27391304347826084,0.23478260869565218,0.3695652173913043,0.12173913043478261,179316.1075,45808.630000000005,132525.57916666666,0.7013321587200916,0.294292365952825,0.011413043478260868,61373.219484807,12737.407304933122,12
U0187,643774.44,20766.917419354835,22393.42,9330.137785845027,5169.63,36314.58,31,0.4492788986173416,3,1,491844.63,4240.039913793104,2707.9449999999997,3810.6473919191194,157.77,17378.58,116,167,34,46,59,28,0.20359281437125748,0.2754491017964072,0.3532934131736527,0.16766467065868262,53647.869999999995,40987.0525,10696.064166666665,0.18832668201952385,0.6144423533343456,0.08734304910775499,34360.82693372789,8741.526081951519,12
U0188,642680.99,21422.699666666667,22215.42,9300.301249635348,6635.88,38404.09,30,0.43413301751629596,3,1,556108.3,4558.264754098361,2944.745,4237.69853899461,171.98,17629.81,122,169,37,36,69,27,0.21893491124260356,0.21301775147928995,0.40828402366863903,0.15976331360946747,53556.74916666667,46342.35833333334,5402.725000000001,-0.3940067214999712,1.368519522617673,0.08258445988709147,28545.754778022747,22315.742207550928,12
U0189,2230588.09,26242.21282352941,25028.66,13205.278254991144,5085.9,49896.08,85,0.5032074979268123,1,0,531982.86,4290.18435483871,3222.915,3777.726436287195,112.77,15826.68,124,227,56,55,88,28,0.24669603524229075,0.2422907488986784,0.3876651982378855,0.12334801762114538,185882.34083333332,44331.905,138401.62583333332,0.6753113151033902,0.3079103444911169,0.028201075116036752,87664.060755792,17361.796212454257,12
U0190,206886.75,862.028125,882.54,212.6310544736944,506.47,1199.73,240,0.24666370888269382,1,0,519029.18,4023.482015503876,3176.8,3556.3230225150955,218.36,14167.59,129,385,270,35,48,32,0.7012987012987013,0.09090909090909091,0.12467532467532468,0.08311688311688312,17240.5625,43252.431666666664,-27627.465,-1.5972622825683451,2.501351533517562,0.007733585858585859,1656.5166951666713,13123.868921016208,12
U0191,2859193.13,27230.41076190476,29335.44,13355.750398459795,5493.67,48763.98,105,0.49047186673894905,1,0,503345.55,4125.7831967213115,2793.39,3932.322326428668,101.55,17829.93,122,241,55,64,87,35,0.22821576763485477,0.26556016597510373,0.36099585062240663,0.14522821576763487,238266.09416666665,41945.4625,193410.21666666667,0.7821846128558448,0.2066441336676332,0.02764129251543439,64617.33216698167,24018.586997130948,12
U0192,1283373.81,37746.288529411766,37668.945,15653.194740906221,12044.23,59888.35,34,0.41469493692629705,1,0,667876.61,4336.8611038961035,2950.525,3916.338777950211,123.94,16985.1,154,206,36,34,98,38,0.17475728155339806,0.1650485436893204,0.47572815533980584,0.18446601941747573,106947.8175,55656.38416666666,50441.954999999994,-0.1513462656075392,1.0637290630849434,0.015530303030303031,82917.81239517468,20841.124406306284,12
U0193,2341799.14,26312.349887640452,25980.95,14131.139157446152,5074.61,49394.94,89,0.5370534831662409,1,0,570789.38,4603.140161290323,3470.385,3946.5245607529146,164.62,16160.1,124,228,62,64,66,36,0.2719298245614035,0.2807017543859649,0.2894736842105263,0.15789473684210525,195149.92833333334,47565.78166666667,145682.71416666667,0.7123288095955734,0.27866301214628036,0.016906850459482037,71896.771063307,18925.299484979856,12
U0194,573450.84,22055.801538461536,23816.775,8953.472721334305,7504.46,39566.88,26,0.40594637677170714,3,1,543204.05,4210.884108527132,2417.78,4137.7128514352235,115.36,17201.29,129,170,32,48,52,38,0.18823529411764706,0.2823529411764706,0.3058823529411765,0.2235294117647059,47787.57,45267.00416666667,572.4166666666642,-0.12817667689145887,0.9101405682490972,0.057888091440723016,34873.78115396358,17596.17069460928,12
U0195,2467601.27,25439.188350515466,24514.62,12653.281324205052,5200.87,49820.44,97,0.4973932796070777,1,0,573209.6,4409.304615384615,3212.4,3645.6153999061385,105.13,17327.49,130,245,58,71,87,29,0.23673469387755103,0.2897959183673469,0.3551020408163265,0.11836734693877551,205633.43916666668,47767.46666666667,156949.43333333332,0.739630045748379,0.2538841330454918,0.013961534270458755,90753.43555767837,16635.285590986372,12
U0196,906332.78,34858.95307692308,37215.975,14218.762310496024,11772.53,58211.55,26,0.407894129210351,1,0,466723.54,4130.296814159292,2877.68,3782.811341650561,284.44,17136.85,113,155,19,29,71,36,0.12258064516129032,0.1870967741935484,0.45806451612903226,0.23225806451612904,75527.73166666667,38893.628333333334,33417.79916666667,0.22464550232087946,0.6375717208939483,0.03945707070707071,51640.09332523076,18551.037425055154,12
U0197,379329.6,31610.8,31154.595,3010.5771107637383,28613.3,39144.73,12,0.09523887755968652,1,0,454824.48,3790.2039999999997,2662.1800000000003,3648.163498638826,162.05,16663.84,120,143,32,27,58,26,0.22377622377622378,0.1888111888111888,0.40559440559440557,0.18181818181818182,31610.8,37902.04,-7501.05,0.004481337889057126,0.7129908452606838,0.11286676286676285,22703.84918133727,14505.679479949158,12
U0198,2281915.79,26533.90453488372,26976.455,12817.577822605648,5335.17,48712.26,86,0.4830641417946829,1,0,545477.59,4622.691440677966,3005.4750000000004,4480.076991605534,104.68,16813.64,118,221,69,37,82,33,0.31221719457013575,0.167420814479638,0.37104072398190047,0.1493212669683258,190159.64916666667,45456.46583333333,141451.0225,0.7105561098801806,0.2696125193254237,0.02758714596949891,71210.42941002373,11258.966903367982,12
U0199,554314.72,22172.588799999998,23256.08,10290.279592318067,5545.56,37128.77,25,0.46409914895991167,3,1,458615.81,3668.92648,2233.34,3753.108358854301,100.43,16872.05,125,172,27,42,72,31,0.1569767441860465,0.2441860465116279,0.4186046511627907,0.18023255813953487,46192.89333333333,38217.98416666667,7115.011666666668,0.07955092257079767,0.8227600423292124,0.08274298192061351,26838.23535388791,12582.773026528597,12
U0200,783076.86,29002.846666666665,23334.64,15229.59819829264,9111.18,58724.77,27,0.5251070135745057,1,0,473289.83,4188.405575221239,2706.78,4103.987040366081,133.94,17509.73,113,158,25,26,82,25,0.15822784810126583,0.16455696202531644,0.5189873417721519,0.15822784810126583,65256.405,39440.81916666667,25273.774999999998,-0.20383596391544237,1.1104061845544662,0.004901960784313725,46827.17427429514,15956.456382521128,12
U0201,229161.53,32737.36142857143,33953.13,4133.657772927139,28015.41,38979.91,7,0.12626728583322852,1,0,498124.51,3745.297067669173,2275.86,3915.4157296246453,106.99,17957.16,133,153,35,39,57,22,0.22875816993464052,0.2549019607843137,0.37254901960784315,0.1437908496732026,19096.794166666667,41510.37583333333,-24802.306666666667,-0.18471570910057641,0.5633148473579669,0.07723214285714285,26048.75658967882,18736.983432857865,12
U0202,844891.72,20116.469523809523,18424.5,9643.926248721535,6318.56,37099.13,42,0.4794045116767205,3,1,577372.54,4656.230161290323,2850.34,4397.153468674894,267.76,17873.54,124,191,24,53,82,32,0.1256544502617801,0.2774869109947644,0.4293193717277487,0.16753926701570682,70407.64333333333,48114.378333333334,17450.133333333335,-0.14065793230910698,1.0326533352078426,0.10801820728291317,39390.956408512044,14769.314781834808,12
U0203,498135.16000000003,33209.01066666667,32414.28,2885.1310808806957,29164.09,38064.81,15,0.08687795941408841,1,0,561407.03,4221.105488721805,2676.42,4246.869103716195,178.25,17992.03,133,165,39,41,61,24,0.23636363636363636,0.24848484848484848,0.3696969696969697,0.14545454545454545,41511.263333333336,46783.91916666667,-6399.395833333333,-0.15077148640021962,0.9688325125093412,0.11040614478114479,28334.62421836973,20643.877095087566,12
U0204,1363658.46,34091.4615,33989.09,15118.116977589158,8580.75,59355.85,40,0.44345757888934034,1,0,506471.98,4522.07125,3192.715,3858.1020832029108,195.15,16081.97,112,169,27,26,87,29,0.15976331360946747,0.15384615384615385,0.514792899408284,0.17159763313609466,113638.205,42205.99833333333,68729.405,0.33233112581820706,0.5687171950131725,0.028951668386652907,79163.34104238407,12592.003699174138,12
U0205,356722.39,32429.30818181818,30821.52,4130.677187439896,28158.98,39006.82,11,0.1273748167639235,1,0,475085.98,4095.568793103448,2712.3050000000003,3822.1478942202693,117.69,16606.88,116,147,19,32,70,26,0.1292517006802721,0.21768707482993196,0.47619047619047616,0.17687074829931973,29726.865833333333,39590.49833333333,-12711.533333333335,-0.09425990933019172,0.7833174748171992,0.10580958393458394,21880.286824871488,22403.128594476926,12
U0206,2187455.47,26676.286219512196,26602.690000000002,12378.598472309111,5322.78,49093.5,82,0.4640300516514501,1,0,633336.73,4691.383185185185,3097.21,4262.587547709784,200.4,17914.44,135,239,57,63,85,34,0.2384937238493724,0.26359832635983266,0.35564853556485354,0.14225941422594143,182287.95583333334,52778.06083333333,127123.28333333334,0.6430840760574112,0.34064956451454026,0.02364853104984684,73824.4348579947,20441.949979507368,12
U0207,720637.88,24021.262666666666,23731.685,10039.875067708741,10744.97,39281.1,30,0.4179578403944881,3,1,454181.48,3722.7990163934423,2458.245,3577.207285991096,107.75,14815.71,122,170,30,47,59,34,0.17647058823529413,0.27647058823529413,0.34705882352941175,0.2,60053.15666666667,37848.456666666665,19376.96583333334,0.2022676993933107,0.6509092635967829,0.08328642354377648,31621.276865161344,14839.7441469799,12
U0208,2309686.55,28871.081874999996,29145.129999999997,14049.881454858703,5393.28,49905.5,80,0.48664201486071623,1,0,543542.2,4086.783458646616,2979.37,3684.004950658842,116.18,16813.02,133,231,70,46,71,44,0.30303030303030304,0.19913419913419914,0.30735930735930733,0.19047619047619047,192473.87916666665,45295.18333333333,144766.24833333332,0.7276797617960571,0.2616746399686903,0.02010233918128655,58820.854943032886,10775.967076960347,12
U0209,249054.27,83018.09,85019.12,38837.78623449977,43218.47,120816.68,3,0.46782317244952,1,0,501040.39,4433.985752212389,3124.08,4021.46655676042,112.0,17476.36,113,133,27,25,49,32,0.20300751879699247,0.18796992481203006,0.3684210526315789,0.24060150375939848,20754.5225,41753.36583333334,-21821.675000000003,0.0819228461376926,0.08474382052897406,0.020472582972582972,51316.11367579727,13844.817853890616,12
U0210,627811.34,21648.666896551724,23708.72,8779.969088712307,5215.1,38418.53,29,0.40556627023120817,3,1,521734.27,4044.4517054263565,2541.54,3986.207249524431,212.97,17267.79,129,176,27,43,76,30,0.1534090909090909,0.24431818181818182,0.4318181818181818,0.17045454545454544,52317.611666666664,43477.855833333335,6295.604166666667,-0.7229419074238054,1.5755142981709662,0.06817470168863358,37530.13318283199,18307.398061434797,12
U0211,368404.76,33491.34181818182,32963.11,3527.3188940463488,28899.38,39757.64,11,0.10532032168778122,1,0,466347.67,3587.2897692307693,2467.0299999999997,3223.389588654176,139.23,16641.27,130,159,38,21,58,42,0.2389937106918239,0.1320754716981132,0.36477987421383645,0.2641509433962264,30700.396666666667,38862.30583333333,-10568.671666666669,-0.09545504995948602,0.7177258331281356,0.09684423011628894,26402.200148842738,16507.245312938667,12
U0212,604312.38,20143.746,20800.019999999997,10947.380033647982,5725.14,38801.34,30,0.5434629702761334,3,1,552708.44,4284.561550387596,2942.3,3663.0026288985787,113.03,17085.26,129,181,32,50,70,29,0.17679558011049723,0.27624309392265195,0.3867403314917127,0.16022099447513813,50359.365,46059.03666666666,1347.564166666667,-0.2151822506292295,1.1383926087616099,0.08048066448801743,26898.889607986188,12586.449587250085,12
U0213,495161.51,123790.3775,125718.10500000001,36977.45016373481,77663.0,166062.3,4,0.2987102140773002,1,0,538456.89,3901.8615217391307,2525.505,4068.162713417715,148.61,16735.3,138,162,40,32,55,35,0.24691358024691357,0.19753086419753085,0.3395061728395062,0.21604938271604937,41263.45916666667,44871.4075,-6548.45,0.1832143303409637,0.06678566965903628,0.03782016594516594,75690.90521398345,17456.896908085106,12
U0214,1052826.58,36304.36482758621,36612.37,14515.248910492033,10174.51,59860.19,29,0.39982104023653064,1,0,549293.58,4861.005132743362,3402.38,4129.137155061257,133.0,17097.85,113,157,23,28,71,35,0.1464968152866242,0.17834394904458598,0.45222929936305734,0.2229299363057325,87735.54833333334,45774.465,39293.58,0.3241605403471987,0.6404124337215569,0.04011304599539894,43405.297682431235,13039.880274555993,12
U0215,460245.98,153415.32666666666,151316.87,14815.873556642997,139760.56,169168.55,3,0.09657362063201289,1,0,557933.41,4499.462983870968,2650.375,4233.763356751571,165.47,17752.16,124,146,27,34,50,35,0.18493150684931506,0.2328767123287671,0.3424657534246575,0.23972602739726026,38353.831666666665,46494.450833333336,-11430.595833333335,0.1870307794459557,0.06296922055404429,0.039146270396270395,69671.70466815516,22254.13894442946,12
U0216,988491.32,35303.26142857143,37230.14,12626.161714400696,8379.14,57209.06,28,0.3576485911916955,1,0,526921.29,3932.248432835821,2818.4849999999997,3475.915853731118,119.97,15005.54,134,173,22,36,81,34,0.12716763005780346,0.20809248554913296,0.4682080924855491,0.19653179190751446,82374.27666666667,43910.107500000006,37368.208333333336,0.1976420072218801,0.7813077137698939,0.01508714596949891,46639.20609980938,13238.367724857459,12
U0217,198769.63,853.0885407725322,837.36,195.47407130843715,503.94,1199.98,233,0.22913690896776262,1,0,542928.63,3744.3353793103447,2530.14,3496.5847039428713,114.22,16710.73,145,393,265,37,53,38,0.6743002544529262,0.09414758269720101,0.13486005089058525,0.09669211195928754,16564.135833333334,45244.0525,-30710.855833333335,-1.8749459732668596,2.7496644701808033,0.010474537037037037,2211.4604778391804,12232.405868549717,12
U0218,2617485.16,26174.8516,23762.955,12657.83015877657,5264.84,49958.74,100,0.48358746602317204,1,0,507598.21,4060.78568,2439.79,4072.1943814015417,129.59,17982.15,125,251,57,75,92,27,0.22709163346613545,0.29880478087649404,0.3665338645418327,0.10756972111553785,218123.76333333334,42299.85083333334,172563.71916666665,0.7165371767493697,0.2525949328983124,0.01914022855519019,90108.65582767117,16739.38393620672,12
U0219,495216.21,99043.242,101668.82,23200.331668172756,62494.32,122309.2,5,0.23424446938209834,1,0,604262.56,4476.018962962963,3180.27,4042.509265972133,315.68,15487.28,135,154,28,33,56,37,0.18181818181818182,0.21428571428571427,0.36363636363636365,0.24025974025974026,41268.017499999994,50355.21333333334,-10000.400833333331,0.1356307941158291,0.031035872550837586,0.017113095238095236,97299.05214490429,18307.785853788268,12
U0220,638312.13,23641.19,24285.91,8938.488869918756,8090.66,37786.04,27,0.378089633809413,3,1,658929.79,4991.892348484849,3457.58,3972.090286846185,101.26,17670.63,132,176,24,39,79,34,0.13636363636363635,0.2215909090909091,0.44886363636363635,0.19318181818181818,53192.6775,54910.815833333334,-5450.859166666666,-0.4110955802191592,1.3022702039234295,0.07757936507936508,26469.82964689632,17693.351613823997,12
U0221,188682.55,857.6479545454545,854.3,209.3669453330208,505.9,1197.42,220,0.2441175825388441,1,0,548797.74,4355.537619047619,3102.22,3850.3783357457073,123.09,14688.84,126,367,254,27,55,31,0.6920980926430518,0.07356948228882834,0.14986376021798364,0.08446866485013624,15723.545833333335,45733.145,-31455.8225,-2.0761370893057842,2.989311442590463,0.007916930212945393,2240.7527486435865,18849.98849953278,12
U0222,321439.29000000004,107146.43000000001,136891.01,52266.97100293741,46795.78,137752.5,3,0.4878087958967686,1,0,643471.38,5066.703779527559,3174.63,4501.911405412245,261.57,17473.78,127,150,24,34,55,37,0.16,0.22666666666666666,0.36666666666666664,0.24666666666666667,26786.607500000002,53622.615,-29047.5,0.09083963711511611,0.07582702955155056,0.029627235509588453,63379.77034115268,16943.962199088393,12
U0223,293514.18,146757.09,146757.09,16524.477364497805,135072.52,158441.66,2,0.11259747222091829,1,0,500547.21,3972.596904761905,2972.0200000000004,3671.274905603331,114.0,17935.96,126,144,32,36,52,24,0.2222222222222222,0.25,0.3611111111111111,0.16666666666666666,24459.515,41712.2675,-19956.403333333335,0.12060015529454345,0.04526484931766944,0.04017649017649017,57341.98112622462,18535.3833371538,12
U0224,1202752.45,33409.79027777778,32951.604999999996,15071.386677278144,8961.39,57953.73,36,0.45110689267938153,1,0,566819.51,4608.288699186992,2940.98,3959.9350754712477,228.17,15650.64,123,176,29,29,85,33,0.16477272727272727,0.16477272727272727,0.48295454545454547,0.1875,100229.37083333333,47234.95916666667,50618.969999999994,0.1391467420643616,0.8057762115358317,0.020390519568151147,62865.68668057949,11533.44599592417,12
U0225,921479.27,115184.90875,119066.005,38587.928094556955,57518.35,163603.26,8,0.3350085398627097,1,0,509895.58,4284.836806722689,2709.93,3884.607984281548,182.16,15945.03,119,146,34,24,50,38,0.2328767123287671,0.1643835616438356,0.3424657534246575,0.2602739726027397,76789.93916666666,42491.29833333333,32239.39333333333,0.20261418880829687,0.04438279295243555,0.028628389154704947,152386.19917487746,20577.975899885972,12
U0226,547120.98,21884.8392,22636.84,8546.67487761367,5828.26,35638.41,25,0.39052948022636924,3,1,498391.44,3691.7884444444444,2565.6,3689.189995762097,255.97,17758.76,135,176,30,50,57,39,0.17045454545454544,0.2840909090909091,0.32386363636363635,0.2215909090909091,45593.415,41532.62,1541.2758333333325,-0.1971259818525836,1.137255198696897,0.06379448402474718,26393.72149676768,20198.32067716072,12
U0227,763996.53,21222.125833333335,23084.52,11371.00550768347,5400.2,39781.05,36,0.535808975829517,3,1,514652.44,3840.689850746269,2482.4700000000003,3612.2622216528557,156.52,17580.4,134,187,39,47,72,29,0.20855614973262032,0.25133689839572193,0.3850267379679144,0.15508021390374332,63666.3775,42887.70333333333,17161.395,0.13205928144146364,0.7776036883883378,0.10873515101456278,33571.35356670681,21997.26267949196,12
U0228,372415.12,33855.92,34649.69,2997.779923286564,28093.55,37533.52,11,0.08854522113965783,1,0,505699.57,4475.217433628319,2788.86,4217.797586361779,240.91,16494.6,113,139,24,35,55,25,0.17266187050359713,0.2517985611510791,0.39568345323741005,0.17985611510791366,31034.593333333334,42141.630833333336,-12355.564166666665,-0.2067553285757706,0.8589132561786395,0.09825036075036075,30925.885319250054,19662.047227027575,12
U0229,201804.02,851.4937552742615,839.79,192.79032755554348,505.46,1196.69,237,0.22641425889664543,1,0,537079.81,4008.05828358209,2377.025,4162.455063519104,118.41,17787.12,134,389,264,39,47,39,0.6786632390745502,0.10025706940874037,0.12082262210796915,0.10025706940874037,16817.001666666667,44756.65083333334,-30097.095833333336,-1.8284264824959964,2.703013111822116,0.010298592124250019,3137.051411990199,20726.206370292075,12
U0230,2519831.8,26524.545263157892,25383.8,12218.982338560823,5537.26,49819.05,95,0.46066698664699696,1,0,637372.35,4552.659642857143,2793.43,4053.4308396382066,116.24,15884.08,140,254,68,59,86,41,0.2677165354330709,0.23228346456692914,0.33858267716535434,0.16141732283464566,209985.9833333333,53114.362499999996,153742.01499999998,0.6958262532342792,0.28566200933064373,0.019516330351570625,61804.52753962085,20323.536792200106,12
U0231,963764.99,32125.499666666667,30945.555,15534.547674302008,9790.09,59726.78,30,0.4835581651799369,1,0,535946.94,4154.627441860464,2673.73,4061.26346775627,113.35,17600.22,129,175,27,34,80,34,0.15428571428571428,0.19428571428571428,0.45714285714285713,0.19428571428571428,80313.74916666666,44662.244999999995,34229.50750000001,-0.030963909683785328,0.9158149023314807,0.01891025641025641,68322.86356339735,12310.191834199453,12
U0232,652831.4500000001,34359.55,37154.37,16095.64185057972,9262.27,56688.3,19,0.46844739964812454,1,0,520652.12,4036.062945736434,2787.42,3573.214570458013,203.25,17484.49,129,161,30,27,69,35,0.18633540372670807,0.16770186335403728,0.42857142857142855,0.21739130434782608,54402.62083333333,43387.676666666666,8114.902500000001,-0.2586526482505468,0.9870899268245222,0.032008187890540836,45048.692416798076,16226.700173738533,12
U0233,744676.1,106382.3,116504.56,43946.406417754646,51557.63,167892.18,7,0.41309885589759426,1,0,613702.15,4757.381007751938,3557.42,3553.4606913318153,114.45,16603.06,129,149,30,31,58,30,0.20134228187919462,0.2080536912751678,0.38926174496644295,0.20134228187919462,62056.34166666667,51141.84583333333,10385.285833333333,0.24443327541428195,0.08890005791905137,0.0124777183600713,101303.08958584063,20857.590527331013,12
U0234,627163.79,125432.758,126967.48,53055.64387067336,42317.09,173794.36,5,0.4229807644879606,1,0,547481.61,4451.07,3191.52,3868.5244832470635,106.46,16743.77,123,138,24,32,59,23,0.17391304347826086,0.2318840579710145,0.427536231884058,0.16666666666666666,52263.64916666667,45623.4675,5978.8583333333345,0.1284287511405421,0.038237915526124565,0.009259259259259259,145708.05843584178,14051.544613482,12
U0235,1107020.27,36900.67566666667,36907.33500000001,16196.018230636235,8091.41,59638.19,30,0.43890844647233695,1,0,642460.5,4758.966666666666,2969.38,4378.236109712908,128.9,16995.52,135,185,36,38,81,30,0.1945945945945946,0.20540540540540542,0.43783783783783786,0.16216216216216217,92251.68916666666,53538.375,35620.9925,0.05664146538569442,0.8926370651613174,0.039483390634706426,56304.333806955416,24019.93795917713,12
U0236,296060.79000000004,32895.64333333334,32397.27,3459.822653858143,28308.38,37587.16,9,0.1051757103151798,1,0,567319.92,4848.888205128205,3924.17,3714.4406522400013,348.17,17670.76,117,142,35,22,51,34,0.24647887323943662,0.15492957746478872,0.3591549295774648,0.23943661971830985,24671.732500000002,47276.66,-24419.750833333335,-0.135350217422837,0.693763957246341,0.10418921356421357,25243.08504174528,19992.82283854429,12
U0237,207177.22,866.8502928870292,872.38,199.9570350245177,500.82,1199.8,239,0.23067078210075284,1,0,552121.87,3943.7276428571427,2654.3199999999997,3525.5258672350315,123.14,16742.39,140,390,270,38,44,38,0.6923076923076923,0.09743589743589744,0.11282051282051282,0.09743589743589744,17264.768333333333,46010.15583333333,-31491.787500000002,-1.8886748014982775,2.7230165223734217,0.00753968253968254,1829.6569785013767,19155.23435630654,12
U0238,193004.91,835.5190909090909,836.64,201.5455015785797,504.26,1199.58,231,0.24122189878305123,1,0,640210.71,4355.174897959183,2925.7,4183.95907183539,144.85,17714.16,147,395,275,33,54,33,0.6962025316455697,0.08354430379746836,0.13670886075949368,0.08354430379746836,16083.7425,53350.892499999994,-40925.786666666674,-2.5852282997146183,3.37196664205821,0.01425541875909523,1550.2049048556898,20355.40766663208,12
U0239,1009244.31,30583.16090909091,28065.51,15386.489706559407,9738.42,56990.29,33,0.5031033172894087,1,0,550961.82,4553.40347107438,3003.35,4096.9612098266825,200.74,17786.46,121,181,31,34,92,24,0.1712707182320442,0.1878453038674033,0.5082872928176796,0.13259668508287292,84103.6925,45913.48499999999,37035.445,0.10238005800434724,0.888879657006239,0.015425850952166741,49513.55904862942,16700.050485445463,12
U0240,383017.38,34819.76181818182,34940.24,3276.8716743528967,28398.79,39149.28,11,0.09410953732147054,1,0,603276.49,4309.117785714286,2780.705,3884.1300218519846,260.9,17243.0,140,175,31,38,73,33,0.17714285714285713,0.21714285714285714,0.41714285714285715,0.18857142857142858,31918.115,50273.04083333333,-23487.03916666667,-0.04040693206951693,0.5138647201319041,0.11257041569541569,38507.29425607699,19454.6752070066,12
U0241,664969.84,132993.968,131499.99,23669.124896258203,110787.2,169216.96,5,0.177971416690554,1,0,610725.11,4771.289921875,3119.605,4297.35089689104,297.2,17906.27,128,149,25,37,52,35,0.16778523489932887,0.2483221476510067,0.348993288590604,0.2348993288590604,55414.15333333333,50893.75916666666,967.6625000000028,0.17614896328483445,0.149936845789975,0.05119825708061002,91115.95670122055,14999.816262796783,12
U0242,205478.41,856.1600416666666,870.425,203.43677708700147,501.73,1199.4,240,0.23761536066431677,1,0,484407.04,3755.0933333333332,2654.67,3302.4017630015164,207.27,15107.23,129,389,268,38,51,32,0.6889460154241646,0.09768637532133675,0.13110539845758354,0.08226221079691516,17123.200833333332,40367.253333333334,-26752.248333333333,-1.5522315255415504,2.3542772635201605,0.01495362550646393,1533.2060912021059,12815.011676234408,12
U0243,2610677.34,26639.56469387755,24876.265,12498.107921406508,5012.3,49942.08,98,0.46915586140485593,1,0,552343.01,4680.872966101695,2565.2200000000003,4660.489559058818,135.79,17859.92,118,243,64,58,90,31,0.26337448559670784,0.23868312757201646,0.37037037037037035,0.12757201646090535,217556.44499999998,46028.58416666667,168946.08500000002,0.695664772593394,0.2865424481687226,0.02384004884004884,85528.0486740721,15320.176922575878,12
U0244,784390.28,32682.928333333333,30676.85,15952.322209667445,8388.26,58681.41,24,0.4880934182815456,1,0,567487.4,4468.404724409449,2819.49,4350.403301795084,141.97,17838.87,127,168,29,28,75,36,0.17261904761904762,0.16666666666666666,0.44642857142857145,0.21428571428571427,65365.85666666667,47290.61666666667,16986.47666666667,-0.17380260347587798,1.0763279013873928,0.026486013986013985,55933.37061084836,18472.041280741665,12
U0245,832954.29,118993.47,137399.42,50406.373160224495,42073.64,171046.6,7,0.42360621267893517,1,0,487277.84,3961.608455284553,2111.34,4156.007271698192,103.22,17618.72,123,139,23,35,50,31,0.16546762589928057,0.2517985611510791,0.3597122302158273,0.22302158273381295,69412.8575,40606.486666666664,27977.573333333337,0.19318306752802353,0.04854169965003222,0.018790849673202614,166600.20730353723,19182.02319501367,12
U0246,193388.01,844.4891266375546,847.41,210.1947858266412,500.47,1198.27,229,0.24890170778581794,1,0,534026.49,4015.236766917293,2172.52,4349.547510612985,154.99,17433.16,133,374,263,33,49,29,0.7032085561497327,0.08823529411764706,0.13101604278074866,0.07754010695187166,16115.667500000001,44502.2075,-28759.95583333333,-1.8121045630662451,2.7865674195488617,0.005952380952380952,2537.2873989508957,16694.11631442,12
U0247,373654.22000000003,93413.55500000001,103113.85500000001,32474.418804934758,46427.94,120998.57,4,0.34764139749241696,1,0,607108.83,4497.102444444444,3349.23,4000.0890889786897,260.71,17070.15,135,152,36,38,50,28,0.23684210526315788,0.25,0.32894736842105265,0.18421052631578946,31137.851666666666,50592.4025,-21823.146666666664,0.10954404003441402,0.05249201527924424,0.025020885547201336,74614.25983107444,20545.383156305514,12
U0248,2498211.16,28715.070804597704,28043.69,12658.882633246409,5844.43,49628.7,87,0.4408445557870446,1,0,539600.19,3826.9517021276592,2359.09,3659.173227339547,180.94,15282.01,141,244,69,44,90,41,0.2827868852459016,0.18032786885245902,0.36885245901639346,0.1680327868852459,208184.26333333334,44966.6825,161792.1825,0.7154783840567368,0.27834302750170054,0.015202499617461255,92430.53823452017,15912.057023270765,12
U0249,208456.92,843.955141700405,841.24,196.79081081860107,501.6,1198.96,247,0.2331768610617218,1,0,533857.2,4236.961904761904,2393.075,4192.242457367697,189.42,17695.93,126,402,278,22,70,32,0.6915422885572139,0.05472636815920398,0.17412935323383086,0.07960199004975124,17371.41,44488.1,-30982.022500000003,-1.8070592439900028,2.584332061035787,0.019377408408383257,2762.101812562968,17666.248496838667,12
U0250,2700720.14,28731.065319148936,29376.15,12777.254387775336,5597.18,49470.79,94,0.444719130524528,1,0,532971.3,4441.427500000001,2911.52,4321.318701545452,101.36,17546.95,120,227,62,58,75,32,0.27312775330396477,0.2555066079295154,0.3303964757709251,0.14096916299559473,225060.0116666667,44414.275,179387.03166666665,0.7913253514106975,0.20310312092861085,0.006496751624187906,48214.984063307704,23511.84377133034,12
U0251,441321.22000000003,33947.78615384616,34280.66,3528.987530353758,28159.92,39940.37,13,0.10395339225836193,1,0,619217.82,4914.427142857143,3690.94,4167.537736292325,104.21,17421.37,126,152,35,22,56,39,0.23026315789473684,0.14473684210526316,0.3684210526315789,0.2565789473684211,36776.76833333333,51601.48499999999,-17382.214166666665,0.03957397827379786,0.5341205324405741,0.11038961038961038,40228.58101953179,16341.969770348705,12
U0252,995055.17,99505.517,74481.945,48826.92232048196,47396.64,174935.48,10,0.4906956296753069,1,0,417270.92,3793.372,2850.0550000000003,3434.4256287728967,102.25,15619.57,110,143,28,23,59,33,0.1958041958041958,0.16083916083916083,0.4125874125874126,0.23076923076923078,82921.26416666668,34772.57666666667,46160.54666666666,0.26673045964336356,0.06612637284216721,0.04017649017649017,139576.86155499826,7862.27781971072,12
U0253,2515236.72,28582.23545454546,30475.215,12970.232528311373,5199.23,49860.49,88,0.4537864978734092,1,0,595374.97,4443.096791044776,3369.5299999999997,4215.453292336075,189.94,17891.49,134,232,70,58,73,31,0.3017241379310345,0.25,0.3146551724137931,0.1336206896551724,209603.05999999997,49614.58083333333,159083.48333333334,0.7043070343064297,0.29072986894453223,0.009068627450980393,97373.81706586007,14505.678825523008,12
U0254,717561.05,35878.052500000005,37705.1,16842.004979146906,9655.22,58297.65,20,0.46942361152815926,1,0,597133.93,4205.168521126761,2912.495,3939.226912236624,147.21,17680.58,142,184,50,28,80,26,0.2717391304347826,0.15217391304347827,0.43478260869565216,0.14130434782608695,59796.75416666667,49761.160833333335,6196.763333333332,-0.034308111219779,0.7869524006966104,0.038075119325119325,47245.898140952544,18872.967628021186,12
U0255,2849083.31,29677.951145833333,29020.36,12253.756289117646,5821.37,49555.75,96,0.4128909111314453,1,0,578680.14,5076.1415789473685,3641.135,3951.748883449167,344.71,17252.68,114,226,60,63,75,28,0.26548672566371684,0.27876106194690264,0.33185840707964603,0.12389380530973451,237423.60916666663,48223.345,187242.19666666666,0.7729860610808763,0.21688247721496026,0.018592436974789916,69603.16859508108,13886.956927025576,12
U0256,2314453.2,26300.60454545455,25268.935,13662.517377993758,5067.85,49662.68,88,0.5194754118439079,1,0,480854.68,4145.298965517241,2696.4399999999996,4155.390412914894,104.59,16539.92,116,221,63,57,65,36,0.2850678733031674,0.2579185520361991,0.29411764705882354,0.16289592760180996,192871.1,40071.223333333335,149580.75833333333,0.7454212008740679,0.23671380291885788,0.026689886480908153,71313.28829971988,10689.823554099847,12
U0257,813893.84,135648.97333333333,137189.745,23424.222256133642,110464.96,169637.77,6,0.17268263578060974,1,0,530190.59,4241.524719999999,2348.08,4294.438699032659,151.72,17869.91,125,147,26,34,46,41,0.17687074829931973,0.23129251700680273,0.3129251700680272,0.2789115646258503,67824.48666666668,44182.549166666664,20720.229166666668,0.21245114656134914,0.037548853438650845,0.02840909090909091,143510.47023234284,18016.655324330754,12
U0258,525856.0599999999,32866.003749999996,32402.105,3448.2864056704543,28115.43,39484.02,16,0.10491955249261038,1,0,514663.84,3989.642170542636,2672.23,3416.4790569310353,118.66,15874.82,129,157,32,20,66,39,0.20382165605095542,0.12738853503184713,0.42038216560509556,0.2484076433121019,43821.338333333326,42888.653333333335,416.41499999999724,0.03343593695932329,0.7918621374513574,0.11841343712473744,27457.858464061494,14553.589464173958,12
U0259,2200093.36,26507.14891566265,26941.73,13683.509692742502,5620.97,49873.13,83,0.5162195955619028,1,0,446236.42,3569.89136,2761.19,3279.511574647316,117.91,15823.11,125,228,65,61,76,26,0.2850877192982456,0.2675438596491228,0.3333333333333333,0.11403508771929824,183341.1133333333,37186.36833333333,142037.19583333333,0.7574270495604004,0.21994374351282608,0.03840277777777778,47498.8055246176,16382.58777340183,12
U0260,448535.3,34502.71538461538,35373.18,3506.3564804951357,29082.65,39067.31,13,0.10162552255404818,1,0,567441.6,4398.772093023255,2906.73,4195.554684212408,143.51,17958.84,129,166,31,32,78,25,0.18674698795180722,0.1927710843373494,0.46987951807228917,0.15060240963855423,37377.941666666666,47286.799999999996,-13925.376666666669,-0.13432502538238947,0.829374762997355,0.11830895819866409,30684.294127991998,15408.585354757146,12
U0261,373859.86,93464.965,81909.975,50275.302028606784,47707.16,162332.75,4,0.5379053212998773,1,0,606374.56,4628.8134351145045,3032.57,4265.720742121162,133.48,16877.9,131,158,32,32,57,37,0.20253164556962025,0.20253164556962025,0.36075949367088606,0.23417721518987342,31154.98833333333,50531.21333333334,-23600.085833333334,0.1338621995657054,0.10843023082701068,0.057479244611597556,58166.242578630816,19925.85196535045,12
U0262,974949.78,34819.635,33575.7,16759.11193302285,8220.57,59895.77,28,0.48131210832689225,1,0,536682.37,4626.572155172414,3252.9449999999997,4259.3553734703755,135.4,17100.78,116,158,21,36,75,26,0.13291139240506328,0.22784810126582278,0.47468354430379744,0.16455696202531644,81245.815,44723.53083333333,35770.66416666666,0.08372350701215679,0.8918891196292072,0.01984126984126984,57290.355497019416,16986.973492167705,12
U0263,645328.61,23901.059629629628,25478.51,8717.239662228336,7755.47,38700.09,27,0.36472189088310386,3,1,433340.17,3703.7621367521365,2390.41,3779.4113693712225,107.22,17770.06,117,165,31,46,61,27,0.18787878787878787,0.2787878787878788,0.3696969696969697,0.16363636363636364,53777.38416666666,36111.68083333333,16300.28,-0.3915538461685309,1.3373452074803502,0.07888621955959417,36983.41592829818,9913.481040371658,12
U0264,202961.56,856.3778902953586,840.18,204.63233632982224,505.33,1199.46,237,0.238950980225851,1,0,599365.03,4610.500230769231,3237.135,4106.31098807931,307.62,16326.63,130,383,266,32,55,30,0.6945169712793734,0.0835509138381201,0.14360313315926893,0.0783289817232376,16913.463333333333,49947.08583333334,-35658.225,-2.1180527001953706,2.970431609128315,0.01240515363233416,1611.441519353703,13723.311745470626,12
U0265,206412.63,863.6511715481172,878.07,202.25528103825968,503.19,1198.81,239,0.23418631005352755,1,0,483727.34,4280.772920353983,2664.76,3774.255431137965,148.91,16711.09,113,370,269,28,52,21,0.727027027027027,0.07567567567567568,0.14054054054054055,0.05675675675675676,17201.0525,40310.61166666667,-25759.65166666667,-1.5220086874131085,2.3559180640608686,0.013792321981977154,1997.8556842735395,13768.360901141055,12
U0266,724420.26,23368.39548387097,25242.55,9427.016532739239,5344.67,39107.18,31,0.40340880653298733,3,1,520548.96,3665.837746478873,2345.635,3586.1875118906255,135.48,16950.32,142,191,35,51,72,33,0.18324607329842932,0.2670157068062827,0.3769633507853403,0.17277486910994763,60368.355,43379.08,16060.959166666666,-0.5647643792349158,1.4702286340664894,0.054771591497597694,48664.3925440304,19313.4710628585,12
U0267,1030454.0,128806.75,137085.945,46257.574148643565,44054.11,176890.16,8,0.3591238358909263,1,0,505232.39,4141.249098360656,2694.0,4113.228286362056,155.43,17039.5,122,155,27,34,61,33,0.17419354838709677,0.21935483870967742,0.3935483870967742,0.2129032258064516,85871.16666666667,42102.699166666665,40060.03,0.19668394258065405,0.1324009850077102,0.048401863659216594,154253.50786182823,9980.727519448721,12
U0268,545960.55,21838.422000000002,23162.15,10051.573562340875,5738.22,37707.82,25,0.46027014050469733,3,1,576989.88,4404.502900763358,3359.12,3858.6080172052643,153.1,17480.43,131,170,36,43,56,35,0.21176470588235294,0.2529411764705882,0.32941176470588235,0.20588235294117646,45496.7125,48082.49,-4031.3733333333316,-0.30148336496182454,1.1182164089224658,0.0648767641027703,32508.306431324214,18743.030415763034,12
U0269,2116270.31,26453.378875000002,25738.555,12660.981586022368,5132.41,49956.97,80,0.4786149113823694,1,0,538599.43,4019.398731343284,2592.395,4271.8451035747985,110.54,17972.47,134,230,68,57,78,27,0.2956521739130435,0.24782608695652175,0.3391304347826087,0.11739130434782609,176355.85916666666,44883.285833333335,129462.30249999999,0.7097130372954711,0.2785469445044819,0.020984299516908212,58369.278710624116,14889.914215620438,12
U0270,2490696.44,29651.148095238095,31239.25,12896.58657681437,5090.16,49549.0,84,0.43494391972247215,1,0,616674.11,4636.647443609022,3409.41,4039.1733384143163,307.2,16889.06,133,240,65,76,75,24,0.2708333333333333,0.31666666666666665,0.3125,0.1,207558.03666666665,51389.50916666666,153098.72,0.7056973968285188,0.28142530003889915,0.023989139515455307,69681.57324993098,14821.700679102834,12
U0271,681395.76,97342.25142857143,80146.27,48390.09811807317,47239.36,166118.79,7,0.49711299469564085,1,0,551269.17,4340.702125984252,2923.93,4029.7076492014576,228.43,16404.73,127,146,25,35,57,29,0.17123287671232876,0.23972602739726026,0.3904109589041096,0.19863013698630136,56782.98,45939.0975,9600.826666666666,0.22552525034673895,0.10561497510650737,0.018055555555555554,86060.80006336904,14931.614192373616,12
U0272,812978.6499999999,116139.80714285713,107200.43,42106.37141848001,55298.54,176510.99,7,0.3625490041212769,1,0,429029.6,3865.1315315315314,2747.3,3562.0994307303454,169.68,16990.87,111,132,37,17,51,27,0.2803030303030303,0.12878787878787878,0.38636363636363635,0.20454545454545456,67748.22083333334,35752.46666666667,29756.350000000002,0.2228300493580502,0.024338574062405787,0.028506216006216004,143826.44787552243,13060.332627427313,12
U0273,1059743.05,33116.9703125,30218.114999999998,16943.06366835579,8029.35,58699.63,32,0.5116127323386411,1,0,548441.3,4186.574809160305,2857.05,4089.947541413505,105.72,17859.44,131,183,33,38,80,32,0.18032786885245902,0.20765027322404372,0.4371584699453552,0.17486338797814208,88311.92083333334,45703.44166666667,42144.625,0.17823674134650747,0.8196968342681011,0.004629629629629629,56411.95812931099,22579.40586788639,12
U0274,1092973.31,43718.932400000005,49816.75,14084.89626922763,9187.34,58255.11,25,0.32216926388686534,1,0,441315.83999999997,3474.927874015748,2364.41,3573.6883161250835,123.59,17497.38,127,165,31,24,74,36,0.18787878787878787,0.14545454545454545,0.4484848484848485,0.21818181818181817,91081.10916666668,36776.32,52393.49833333333,0.5036667079205239,0.39342940166751683,0.023981227106227104,50260.417247540645,15018.861305323566,12
U0275,436563.64,33581.81846153846,32607.73,3837.7811071934216,28016.93,39609.11,13,0.11428151550485167,1,0,587018.34,4622.1916535433065,2973.83,4305.62659116409,154.49,16331.72,127,157,37,39,62,19,0.2356687898089172,0.2484076433121019,0.39490445859872614,0.12101910828025478,36380.30333333334,48918.195,-15266.473333333333,-0.3991857212273832,1.2567084988781876,0.12209957440220598,22083.566943013342,25900.603114405552,12
U0276,1512353.64,37808.841,38066.32,14739.24554871785,14259.65,59049.1,40,0.38983595262065424,1,0,565355.32,4791.146779661017,3456.035,3989.197307632239,263.95,17500.01,118,172,28,27,85,32,0.16279069767441862,0.1569767441860465,0.4941860465116279,0.18604651162790697,126029.46999999999,47112.94333333333,77120.05500000001,0.4239071379560199,0.5392441754084022,0.026251526251526252,78604.36520740227,17935.44661731791,12
U0277,902618.75,36104.75,35107.53,15500.625489174892,8499.39,56876.97,25,0.4293237174935401,1,0,527523.6900000001,3878.8506617647063,2398.125,3698.9032813683207,128.52,15820.39,136,180,27,36,78,39,0.15,0.2,0.43333333333333335,0.21666666666666667,75218.22916666667,43960.3075,28235.528333333325,-0.5757127425245393,1.4543469990679585,0.021271008403361342,69036.10929924827,22252.272677235025,12
U0278,2136135.64,26372.044938271607,26399.31,12944.935271883081,5040.74,49901.79,81,0.49085822893836906,1,0,480232.22,4326.4163963963965,2780.69,3914.2236865446125,184.23,16000.47,111,218,65,57,69,27,0.2981651376146789,0.26146788990825687,0.3165137614678899,0.12385321100917432,178011.30333333334,40019.35166666667,136546.95583333334,0.7424807977250171,0.24865842153828424,0.013075804484473215,56151.95678220053,13121.495988514996,12
U0279,476214.72,22676.891428571427,20835.73,9735.866573167117,8041.24,39983.07,21,0.4293298578349478,3,1,583122.87,4520.332325581396,3174.7,3995.925218961051,130.32,16813.53,129,169,30,47,58,34,0.17751479289940827,0.2781065088757396,0.3431952662721893,0.20118343195266272,39684.56,48593.5725,-11231.451666666666,-0.34428448773861753,1.0587542027756227,0.06831908201877242,33138.97431767671,15413.468320630336,12
U0280,980126.0599999999,33797.45034482759,33850.85,12798.848718746005,9628.08,58172.38,29,0.3786927294266966,1,0,484399.66000000003,3614.9228358208957,2341.32,3381.839860619454,114.55,16111.89,134,182,36,27,78,41,0.1978021978021978,0.14835164835164835,0.42857142857142855,0.22527472527472528,81677.17166666666,40366.638333333336,39017.775833333326,0.033841573018461045,0.8648691736083577,0.018157768157768157,71292.5143797317,16889.107121496352,12
U0281,791656.89,21990.469166666666,23856.055,10847.634656899798,6194.73,38517.95,36,0.4932880046662548,3,1,641416.61,4517.01838028169,2886.0550000000003,4182.773555136404,147.91,16463.5,142,190,28,51,70,41,0.14736842105263157,0.26842105263157895,0.3684210526315789,0.21578947368421053,65971.4075,53451.38416666666,10645.1075,-0.10589281114441558,1.0777948240638369,0.08302068302068301,28131.940140349736,16918.4383090883,12
U0282,469757.97,117439.4925,122033.48999999999,54179.032926571854,49342.31,176348.68,4,0.46133572083148994,1,0,559773.01,4478.18408,3058.92,3976.330497530415,117.87,16592.03,125,142,24,39,43,36,0.16901408450704225,0.2746478873239437,0.3028169014084507,0.2535211267605634,39146.4975,46647.75083333333,-8251.095000000003,0.1563087206949464,0.09187514247129147,0.020930458430458432,82414.05000582497,11019.616800626269,12
U0283,2661628.27,27725.294479166667,29130.42,12867.499684708544,5092.6,49916.49,96,0.464106871592561,1,0,493046.52,4108.7210000000005,2734.44,3940.4476699919787,144.55,15407.95,120,241,60,51,90,40,0.24896265560165975,0.21161825726141079,0.37344398340248963,0.16597510373443983,221802.35583333333,41087.21,176891.97583333333,0.7600583371714272,0.2125540721716009,0.03132101923704091,79540.46170352412,14969.719812601097,12
U0284,196245.31,838.6551709401709,841.95,202.9851519997807,500.46,1194.06,234,0.2420364877405156,1,0,629298.09,4593.416715328467,2939.12,4149.006806496357,158.81,17176.36,137,389,273,37,52,27,0.7017994858611826,0.09511568123393316,0.13367609254498714,0.06940874035989718,16353.775833333333,52441.5075,-39740.38416666666,-2.474411475017396,3.2468755016606274,0.016915529652721303,1883.7313015610957,15005.958287690637,12
U0285,212211.34,859.1552226720647,854.51,203.93892013189645,503.69,1198.35,247,0.23737144901200108,1,0,494564.68,4121.372333333334,2445.995,4185.327409745577,173.1,17661.47,120,386,266,42,44,34,0.689119170984456,0.10880829015544041,0.11398963730569948,0.08808290155440414,17684.278333333332,41213.723333333335,-24517.734166666665,-1.434619097632061,2.3742470116527077,0.008260275263951735,2317.298713847002,18980.261748712594,12
U0286,469230.01,36094.61615384615,35472.78,2748.037428234129,31448.33,39925.27,13,0.07613427488801,1,0,487647.96,3839.747716535433,2124.49,4054.8400553193865,119.91,16985.97,127,166,29,30,74,33,0.1746987951807229,0.18072289156626506,0.4457831325301205,0.19879518072289157,39102.50083333333,40637.33,-4283.795833333333,-0.04656624116196293,0.8046298289327688,0.11175316019549765,23515.222130483315,12188.394834738196,12
U0287,535770.3,33485.64375,34774.39,3991.0494931832573,28133.38,38918.65,16,0.11918688268261998,1,0,448054.16,3797.0691525423726,2530.91,3432.125442730831,150.27,15286.07,118,149,32,36,51,30,0.21476510067114093,0.24161073825503357,0.3422818791946309,0.20134228187919462,44647.525,37337.846666666665,4851.659166666668,0.10513407313987355,0.6543353298545346,0.14620224546695135,29671.800184848453,10048.956596374783,12
U0288,206730.05,847.2543032786884,847.05,200.32663796643834,503.32,1195.0,244,0.23644216050743935,1,0,432317.83,3825.821504424779,2707.79,3276.453784711784,128.44,16192.04,113,377,284,21,42,30,0.753315649867374,0.05570291777188329,0.11140583554376658,0.07957559681697612,17227.504166666666,36026.48583333333,-21037.676666666666,-1.213460833406065,2.079885076024479,0.015836705052391327,1604.081835899552,17754.508903620386,12
U0289,667363.4199999999,133472.68399999998,136298.57,43478.7471019972,61750.62,175547.58,5,0.3257501520086103,1,0,488049.94,4477.522385321101,3076.72,3878.2710748583763,201.07,16615.66,109,129,37,27,42,23,0.2868217054263566,0.20930232558139536,0.32558139534883723,0.17829457364341086,55613.61833333334,40670.82833333333,11406.608333333337,0.13885589203116988,0.02409422657204092,0.05073051948051948,129885.65881457127,16832.96689384086,12
U0290,467866.1,116966.525,115716.04999999999,33799.176056144235,82748.8,153685.2,4,0.2889645225943426,1,0,623574.71,4688.531654135338,3229.26,4336.210527959831,305.83,16533.82,133,153,39,36,54,24,0.2549019607843137,0.23529411764705882,0.35294117647058826,0.1568627450980392,38988.84166666667,51964.559166666666,-16824.90166666666,0.16575683109618186,0.15893875361320364,0.04885912698412698,60234.59251839229,21188.307280058736,12
U0291,742300.61,23196.8940625,23192.645,8708.010339919647,5005.16,39327.97,32,0.375395529955753,3,1,543612.29,4383.970080645162,2760.42,4218.690363661019,127.71,16932.7,124,173,28,43,66,36,0.16184971098265896,0.24855491329479767,0.3815028901734104,0.20809248554913296,61858.38416666666,45301.02416666667,14144.289166666667,0.02928719586766808,0.7331948118750414,0.09665750915750916,49202.85025691267,21003.689380862445,12
U0292,820133.1,24852.51818181818,26028.17,7915.722800810129,9262.57,39068.08,33,0.3185078768638094,3,1,588640.33,4328.237720588235,3004.88,4187.126137438151,226.6,17431.27,136,185,34,57,62,32,0.1837837837837838,0.3081081081081081,0.33513513513513515,0.17297297297297298,68344.425,49053.36083333333,17091.659166666665,0.036211325155276246,0.8222791066071315,0.1053536619326093,38712.86767753902,19013.305302714372,12
U0293,592419.2,21157.82857142857,18589.129999999997,10533.90573273002,5298.86,38767.46,28,0.4978727234303692,3,1,490195.69,4189.706752136753,3222.83,3466.589174171168,262.5,16366.34,117,156,34,52,35,35,0.21794871794871795,0.3333333333333333,0.22435897435897437,0.22435897435897437,49368.26666666666,40849.64083333333,7242.622500000001,0.06482377417007266,0.6829235187064627,0.08061735377911848,43011.567525579005,20128.96166652078,12
U0294,1254054.58,29164.06,26378.14,14117.670227875518,8852.65,58217.5,43,0.48407767052582934,1,0,601511.98,4627.015230769231,3342.205,4038.6398407809234,299.9,17378.07,130,192,36,32,95,29,0.1875,0.16666666666666666,0.4947916666666667,0.15104166666666666,104504.54833333334,50125.99833333333,52134.84416666667,0.11406133801688427,0.8525906716548847,0.020843807608513492,61900.37032854956,15933.919752092525,12
U0295,200662.97,846.6791983122363,867.94,201.2348362088821,500.99,1197.17,237,0.23767542253314128,1,0,562856.98,4397.32015625,2452.05,4103.694910788505,120.74,17987.87,128,381,267,33,43,38,0.7007874015748031,0.08661417322834646,0.11286089238845144,0.09973753280839895,16721.914166666666,46904.74833333333,-32885.12,-1.9365226794524082,2.7623207526754388,0.010816250860744744,1955.3421624986,17952.034496744538,12
U0296,356232.73,118744.24333333333,110818.47,22273.983922929754,101517.11,143897.15,3,0.18757948425679263,1,0,568579.62,4512.536666666667,3045.505,4219.340076168689,112.42,17337.49,126,152,35,28,55,34,0.23026315789473684,0.18421052631578946,0.3618421052631579,0.2236842105263158,29686.060833333333,47381.635,-20626.190000000002,0.13825315934346996,0.10371884080476,0.04171118233618234,54537.47685633755,20288.382779103147,12
U0297,884392.1900000001,31585.43535714286,34301.2,14972.822841758252,10663.39,55743.78,28,0.4740419966499603,1,0,537904.4,3897.8579710144927,2393.435,3727.167475347638,117.29,17469.83,138,184,41,30,76,37,0.22282608695652173,0.16304347826086957,0.41304347826086957,0.20108695652173914,73699.34916666667,44825.36666666667,26983.478333333333,0.03237918396353563,0.9341750911178094,0.023830409356725146,55049.23544923225,11404.651646039662,12
U0298,1066934.18,36790.83379310345,43508.87,18058.08813567392,9711.7,59897.12,29,0.490831173797941,1,0,552071.0599999999,4214.282900763358,3063.54,3525.9498403499483,134.38,13829.36,131,177,27,42,75,33,0.15254237288135594,0.23728813559322035,0.423728813559322,0.1864406779661017,88911.18166666666,46005.92166666666,40597.63166666666,0.005284321604839502,0.8386794008319591,0.02180377492877493,63916.417169486675,10632.274298383656,12
U0299,1449870.24,36246.756,36679.135,13276.64084754176,9545.52,54697.69,40,0.3662849400244744,1,0,566112.33,4492.955,3024.23,4003.5903401269716,118.12,14707.91,126,186,34,28,90,34,0.1827956989247312,0.15053763440860216,0.4838709677419355,0.1827956989247312,120822.52,47176.0275,71147.37916666667,0.363934265910083,0.5269772526641868,0.022729700854700857,80908.81255553316,15223.344143531149,12
U0300,648056.05,92579.43571428572,75696.91,44537.81967462142,45033.42,169559.93,7,0.4810768107517088,1,0,573643.17,4156.834565217391,2946.575,3726.135241320867,127.37,16823.28,138,164,37,43,51,33,0.22560975609756098,0.2621951219512195,0.31097560975609756,0.20121951219512196,54004.67083333334,47803.5975,4275.334166666665,0.19579910940212175,0.1359957393113597,0.017686051693404634,100865.90867705614,18203.97745246058,12
U0301,378841.09,34440.09909090909,34217.45,1738.7599673126522,31325.57,37506.08,11,0.05048649722879631,1,0,527929.16,3881.8320588235297,2334.34,3870.724307233796,175.51,17351.54,136,166,33,36,72,25,0.19879518072289157,0.21686746987951808,0.43373493975903615,0.15060240963855423,31570.090833333335,43994.09666666667,-14732.936666666666,-0.1496942994594811,0.779779322739008,0.09100922225922226,27667.166645450958,18096.953648527964,12
U0302,562182.66,23424.2775,22436.489999999998,9697.51010484796,6455.95,39799.68,24,0.4139939899895721,3,1,434348.27,3447.208492063492,2404.0299999999997,3321.843906638617,133.57,17268.69,126,163,28,51,56,28,0.17177914110429449,0.3128834355828221,0.34355828220858897,0.17177914110429449,46848.555,36195.68916666667,8062.308333333335,-0.7827461978089706,1.5299050596252393,0.077702526231938,43174.82504834491,11154.996224094106,12
U0303,2709878.24,27098.782400000004,27321.47,13712.725893978193,5226.48,49990.29,100,0.5060273812884741,1,0,501537.82,4044.6598387096774,2752.54,3942.685258334448,267.96,17834.67,124,235,61,71,70,33,0.25957446808510637,0.3021276595744681,0.2978723404255319,0.14042553191489363,225823.18666666668,41794.818333333336,182399.04833333334,0.8032335415246458,0.18905648388016139,0.007756132756132756,55086.91250975387,15332.658894296563,12
U0304,838975.08,23304.86333333333,24219.010000000002,10397.344582353708,7172.93,39501.25,36,0.44614484254375414,3,1,550638.6,4078.8044444444445,2372.99,3943.144450018468,216.04,17536.98,135,194,31,61,75,27,0.15979381443298968,0.31443298969072164,0.3865979381443299,0.13917525773195877,69914.59,45886.549999999996,21291.6575,0.26618322944152434,0.6181019244218815,0.09212402340683401,37240.84894823181,15359.469293493303,12
U0305,592533.08,23701.3232,26376.86,8392.655655360586,6778.83,36450.57,25,0.3541007219107744,3,1,475554.02999999997,4099.603706896552,2858.75,3674.9543650860855,246.97,14993.96,116,157,25,50,57,25,0.1592356687898089,0.3184713375796178,0.3630573248407643,0.1592356687898089,49377.75666666666,39629.5025,6849.813333333333,-0.5487220473068043,1.450934535477698,0.07405706501101238,37373.54716006042,8069.943035677203,12
U0306,205507.66,838.8067755102041,827.05,195.38303965976982,500.84,1199.16,245,0.23292973467092956,1,0,491037.04,3836.226875,2387.635,3425.022786450955,273.76,15306.59,128,386,277,34,46,29,0.7176165803108808,0.08808290155440414,0.11917098445595854,0.07512953367875648,17125.638333333332,40919.753333333334,-23794.115,-1.395717115736775,2.3957171157367747,0.0,2142.0679156699084,15987.921361395596,12
U0307,541084.38,135271.095,130654.62000000001,29868.239550955015,110193.38,169581.76,4,0.2208028222951475,1,0,521575.98,3863.5257777777774,2719.63,3647.565619848285,144.3,17716.99,135,156,28,41,50,37,0.1794871794871795,0.26282051282051283,0.32051282051282054,0.23717948717948717,45090.36500000001,43464.665,34.91250000000764,0.17000869340688743,0.0746278384520122,0.03469551282051282,96617.46580627577,8297.748302771935,12
U0308,576809.23,33929.95470588235,33375.45,3368.8595335757122,28463.15,38243.64,17,0.09928865401614172,1,0,538014.7,4719.427192982455,3641.51,3857.530834328788,235.57,15643.98,114,150,31,24,61,34,0.20666666666666667,0.16,0.4066666666666667,0.22666666666666666,48067.43583333333,44834.55833333333,1748.262500000001,0.1495260612516571,0.5775187469949296,0.14443554131054132,33387.62571667981,18463.133291025137,12
U0309,830840.52,29672.875714285714,26475.72,16016.045299581529,9878.14,58334.78,28,0.5397537284150306,1,0,425359.98,4012.83,2291.26,3919.6700447206013,202.08,15635.69,106,149,26,27,66,30,0.174496644295302,0.18120805369127516,0.4429530201342282,0.20134228187919462,69236.71,35446.665,32770.495833333334,0.24344179477239783,0.6563216682923908,0.01908369408369408,41220.536145775026,16510.590598559076,12
U0310,575817.93,20564.926071428574,20897.13,9032.549636719143,5733.84,36935.84,28,0.43922110905462075,3,1,493045.94,3976.176935483871,2444.76,3913.7989599381954,118.13,16231.2,124,167,37,51,55,24,0.2215568862275449,0.30538922155688625,0.32934131736526945,0.1437125748502994,47984.82750000001,41087.16166666667,5083.054166666668,-0.3799254637978917,1.3130853672039589,0.06946362461068344,34155.00373403585,12820.049873932085,12
U0311,504457.89,100891.57800000001,116244.46,42503.895972010854,49415.96,153381.39,5,0.4212828941183857,1,0,517479.33999999997,4173.220483870968,2461.855,3843.9262073680375,112.22,15317.34,124,147,41,25,48,33,0.2789115646258503,0.17006802721088435,0.32653061224489793,0.22448979591836735,42038.1575,43123.278333333335,-3755.024166666666,0.1494733570842189,0.0911934015789513,0.026586328976034856,94974.88240306755,14061.14232122427,12
U0312,769364.21,128227.36833333333,139387.85499999998,39653.45786392023,77353.94,170892.14,6,0.3092433259710916,1,0,575553.81,4295.1776865671645,3061.72,3921.85721673987,179.61,17279.92,134,157,39,27,52,39,0.2484076433121019,0.17197452229299362,0.33121019108280253,0.2484076433121019,64113.684166666666,47962.8175,15038.93166666667,0.2383050570816034,0.09502827625172994,0.011312217194570137,100555.08017884956,16714.894896070782,12
U0313,1180824.84,33737.85257142857,36914.27,13961.503907697163,9927.72,57048.33,35,0.41382313465678844,1,0,536062.21,3970.831185185185,2504.15,4132.216146095859,125.95,17179.59,135,188,29,30,95,34,0.15425531914893617,0.1595744680851064,0.5053191489361702,0.18085106382978725,98402.07,44671.85083333333,52224.6675,0.11212225169546435,0.7759454884627256,0.022271825396825397,71063.66998610765,23826.41990452709,12
U0314,198860.84,818.357366255144,815.11,186.3498567113496,519.96,1199.53,243,0.22771207836021384,1,0,619179.27,4655.483233082707,3106.69,4218.218877081412,128.37,17431.45,133,388,266,39,44,39,0.6855670103092784,0.10051546391752578,0.1134020618556701,0.10051546391752578,16571.736666666668,51598.2725,-36705.35333333333,-2.2454241385771696,3.135196432642577,0.007743319101834283,1793.097062212515,14321.766638490662,12
U0315,506242.37,36160.169285714284,38010.18,4075.0401395181457,28295.15,39808.11,14,0.11269416653776736,1,0,440586.92,3671.5576666666666,2196.85,3646.2970329938453,141.2,17417.61,120,148,25,28,57,38,0.16891891891891891,0.1891891891891892,0.38513513513513514,0.25675675675675674,42186.864166666666,36715.57666666667,3126.8566666666634,0.14331064555757048,0.5771820774605706,0.1268383237133237,31671.429817230157,17198.857767420242,12
U0316,281807.39,35225.92375,34990.235,3376.080374123381,29674.61,39777.62,8,0.09584079038163991,1,0,505865.55,4437.417105263158,2374.84,4459.295486674505,143.31,17665.29,114,140,27,34,52,27,0.19285714285714287,0.24285714285714285,0.37142857142857144,0.19285714285714287,23483.94916666667,42155.4625,-19771.5125,-0.0031931510422649515,0.4945648723594118,0.07364718614718614,27455.268242965172,20999.29719099065,12
U0317,509084.11,33938.94066666667,35195.62,3297.8491829794298,28339.68,39985.49,15,0.0971700683108955,1,0,612995.04,4751.899534883722,3238.38,4432.863292944961,211.43,17969.73,129,153,35,31,58,29,0.22875816993464052,0.20261437908496732,0.3790849673202614,0.1895424836601307,42423.675833333335,51082.920000000006,-11396.254166666668,-0.0634304682121669,0.785282521072666,0.12233923483923485,32776.318787843105,16091.104136354348,12
U0318,958909.86,136987.12285714285,144836.81,28409.66544654871,87991.53,175429.38,7,0.20738931407571615,1,0,664719.84,4521.903673469387,3191.68,4138.651737233136,209.32,17713.15,147,176,42,37,65,32,0.23863636363636365,0.21022727272727273,0.3693181818181818,0.18181818181818182,79909.155,55393.32,20927.114166666663,0.2532883387738924,0.07888284723092703,0.04030509931245225,125390.82876308964,20070.283018160775,12
U0319,2157597.2600000002,30388.693802816906,32719.71,12475.250475260591,6362.65,49698.75,71,0.41052276074150273,1,0,511344.09,4157.269024390244,2701.67,3935.0752394326287,107.54,17422.17,123,213,51,56,75,31,0.23943661971830985,0.26291079812206575,0.352112676056338,0.14553990610328638,179799.77166666664,42612.0075,134994.15166666664,0.7162826136982412,0.271610479105129,0.021118769145084936,61319.76754837838,12982.825720254168,12
U0320,1209834.79,36661.6603030303,36081.34,15516.346946775699,9067.83,59464.7,33,0.4232308853042638,1,0,608900.76,4950.412682926829,3447.01,4281.956230791393,123.02,17618.88,123,177,34,26,84,33,0.192090395480226,0.14689265536723164,0.4745762711864407,0.1864406779661017,100819.56583333334,50741.73,46526.41416666666,0.38089544888357424,0.502417670223898,0.03193569094304388,58915.23810765235,18018.537467606166,12
U0321,972366.99,38894.6796,40305.43,13856.482976717516,9059.02,59659.01,25,0.3562565142384542,1,0,574352.63,4161.975579710145,2989.315,3873.9885107304526,108.32,17523.56,138,180,34,40,68,38,0.18888888888888888,0.2222222222222222,0.37777777777777777,0.2111111111111111,81030.5825,47862.71916666667,31947.979166666668,0.2840953025694219,0.625734558445518,0.018033273915626858,49939.51129519539,16165.800319306783,12
U0322,709412.94,141882.588,167102.18,49463.40989187836,59553.21,177324.96,5,0.348622128966793,1,0,457789.36,3752.3718032786883,2284.7200000000003,3731.687124683768,107.14,17349.33,122,144,31,27,55,31,0.2152777777777778,0.1875,0.3819444444444444,0.2152777777777778,59117.744999999995,38149.113333333335,18557.210833333327,0.20286001054243183,0.03746099818237075,0.03959412047647342,125506.61485955676,19483.071612518732,12
U0323,464807.48,33200.53428571428,32922.270000000004,3692.1562075124234,28904.15,38323.25,14,0.11120773466290589,1,0,433851.08,3740.0955172413796,2233.59,3740.30194275469,273.48,15240.16,116,144,30,28,51,35,0.20833333333333334,0.19444444444444445,0.3541666666666667,0.24305555555555555,38733.956666666665,36154.25666666667,-824.1808333333314,0.19453311201030735,0.5157131998162368,0.13814195064195064,27801.372768303216,14409.181694640105,12
U0324,435975.63,108993.9075,115969.23000000001,48595.248912731084,49761.24,154275.93,4,0.44585289239888093,1,0,472577.52,3971.2396638655464,2478.41,3594.021037585668,117.61,14220.8,119,145,33,38,50,24,0.22758620689655173,0.2620689655172414,0.3448275862068966,0.16551724137931034,36331.3025,39381.46,-7328.690833333331,0.14734844966702967,0.10265155033297034,0.04283043345543345,86755.4057711185,17113.78971206181,12
U0325,368123.52,33465.774545454544,33542.07,3495.4259797351265,28646.97,38590.93,11,0.104447783659915,1,0,554552.62,4298.857519379845,2840.71,4252.337196703388,162.17,17918.81,129,148,30,32,55,31,0.20270270270270271,0.21621621621621623,0.3716216216216216,0.20945945945945946,30676.960000000003,46212.71833333333,-16960.56666666667,-0.0008958050183692547,0.562869043696986,0.09232295482295483,30657.05503705201,11525.418665859495,12
U0326,194943.63999999998,874.186726457399,890.27,196.71999982952764,501.18,1199.85,223,0.22503201418617538,1,0,628277.47,4986.329126984127,3759.9449999999997,4344.842796369419,203.27,17842.74,126,364,265,22,43,34,0.728021978021978,0.06043956043956044,0.11813186813186813,0.09340659340659341,16245.303333333335,52356.45583333333,-37476.48583333333,-2.3340834583135055,3.2505332146295203,0.005228442728442729,2215.224080446011,20805.19130986279,12
U0327,1278507.1,34554.24594594595,34197.81,13337.770413414817,8242.62,59532.53,37,0.3859951229808174,1,0,576436.31,4434.125461538462,2912.635,4164.3713965093575,108.41,17898.02,130,192,26,34,97,35,0.13541666666666666,0.17708333333333334,0.5052083333333334,0.18229166666666666,106542.25833333335,48036.35916666667,56637.8975,0.1250665665651721,0.8113608382119781,0.015625,64295.378531368064,13735.026065874235,12
U0328,401457.68,133819.22666666665,151678.4,36247.581407390935,92107.41,157671.87,3,0.2708697569870199,1,0,533158.98,4982.794205607476,3773.02,3967.13545582386,323.32,16355.09,107,132,32,20,53,27,0.24242424242424243,0.15151515151515152,0.4015151515151515,0.20454545454545456,33454.806666666664,44429.915,-12645.10166666667,0.11731584626144816,0.047656135318610064,0.041995273245273246,80261.64638084646,14052.397708123757,12
U0329,589114.73,117822.946,113811.42,35222.923165253196,80203.2,162362.69,5,0.29894790752603656,1,0,512702.59,4308.425126050421,2728.54,4072.91993538552,115.91,17426.12,119,139,22,35,55,27,0.15827338129496402,0.2517985611510791,0.39568345323741005,0.19424460431654678,49092.894166666665,42725.215833333335,5347.074166666669,0.1623916700182759,0.08597562927512435,0.013235294117647059,93922.89385460167,15349.933013205602,12
U0330,202641.72,858.6513559322034,859.31,202.07141863408575,506.44,1196.33,236,0.23533581731167816,1,0,489884.4,4015.4459016393444,2318.075,4304.795464697165,130.6,17903.76,122,367,269,27,40,31,0.7329700272479565,0.07356948228882834,0.10899182561307902,0.08446866485013624,16886.81,40823.700000000004,-25381.617499999997,-1.543376496705694,2.4529118175726867,0.00855236957387495,2740.35378737524,23884.79418642557,12
U0331,650907.2,22445.075862068963,22319.51,9613.826024061655,7451.03,36778.2,29,0.42832673336197236,3,1,587880.7,5067.937068965517,3007.855,4718.811798159993,135.14,17591.15,116,163,27,42,63,31,0.1656441717791411,0.25766871165644173,0.38650306748466257,0.1901840490797546,54242.26666666666,48990.05833333333,4879.395833333332,-0.16858246020326928,1.0776827826228679,0.07042451335214493,36190.357659031804,17032.290641501477,12
U0332,797125.53,99640.69125,105428.64,33963.41885083439,43141.98,138611.29,8,0.34085892444904514,1,0,522259.68,4178.07744,2903.68,3977.480140755132,118.45,17290.29,125,151,23,45,50,33,0.152317880794702,0.2980132450331126,0.33112582781456956,0.2185430463576159,66427.1275,43521.64,20742.300000000007,0.21784417252539093,0.10827649614282309,0.03330662393162393,151331.49187617237,16127.769673806277,12
U0333,1195018.65,34143.39,35132.69,15819.078389919301,8158.19,58088.52,35,0.463313056785495,1,0,680780.26,4695.036275862069,2903.12,4375.85867000837,127.93,17325.23,145,194,34,42,78,40,0.17525773195876287,0.21649484536082475,0.4020618556701031,0.20618556701030927,99584.88750000001,56731.68833333333,41430.26833333333,0.2906132905369522,0.6193007992941099,0.01539351851851852,56873.03864203113,28512.776876188756,12
U0334,353913.67,35391.367,37186.135,3758.4598096503128,30230.54,39087.08,10,0.1061970793513094,1,0,566116.62,4224.750895522388,2477.26,4353.622455198972,103.27,17924.18,134,157,27,37,63,30,0.17197452229299362,0.2356687898089172,0.4012738853503185,0.1910828025477707,29492.805833333332,47176.385,-19605.935,-0.30275730605404344,0.9174631760077627,0.09257809184279771,28285.46398874757,17614.558889792635,12
U0335,2252546.92,26816.03476190476,25963.895,12388.935534572724,5008.54,49560.68,84,0.4619972954455079,1,0,541697.12,4265.331653543307,2900.93,4043.5813517456686,204.81,17536.52,127,239,57,50,90,42,0.2384937238493724,0.20920502092050208,0.37656903765690375,0.17573221757322174,187712.24333333332,45141.426666666666,138534.50999999998,0.6877926780454723,0.2782567222255105,0.03034495962127541,65299.0783570774,16710.811147003733,12
U0336,1153188.48,34945.10545454545,36123.23,16999.700164142985,9212.97,59793.87,33,0.48646870407231135,1,0,636164.47,5257.557603305785,3508.94,4375.336948521418,178.57,17625.7,121,168,27,28,72,41,0.16071428571428573,0.16666666666666666,0.42857142857142855,0.24404761904761904,96099.04,53013.70583333333,39391.230833333335,0.369978995703041,0.49939789731367784,0.030070970695970697,50431.27261549793,24177.520456114322,12
U0337,194116.32,843.984,838.5150000000001,205.82359827231716,501.64,1199.42,230,0.2438714457529019,1,0,439594.57,3789.6083620689656,2386.415,3645.3505416094176,115.16,15882.96,116,369,259,29,56,25,0.7018970189701897,0.07859078590785908,0.15176151761517614,0.06775067750677506,16176.36,36632.880833333336,-23689.069166666664,-1.583121903854522,2.3795628453569484,0.013470354544348797,2838.2365088234246,15988.681297605764,12
U0338,199329.49,859.1788362068966,854.02,200.48411186615485,511.35,1199.27,232,0.23334386674519622,1,0,570965.85,4880.05,3618.17,4297.229929260765,132.01,16600.88,117,370,270,21,50,29,0.7297297297297297,0.05675675675675676,0.13513513513513514,0.07837837837837838,16610.790833333333,47580.487499999996,-33151.596666666665,-2.0625615610061225,2.9284679580725625,0.013814050076216373,2365.7329694062278,16059.767073663037,12
U0339,279464.53,31051.614444444447,29851.82,3089.447338461651,28097.98,37458.46,9,0.09949393594297944,1,0,601130.47,4588.782213740458,2978.72,4284.548381542554,337.0,17778.95,131,159,29,36,61,33,0.18238993710691823,0.22641509433962265,0.3836477987421384,0.20754716981132076,23288.710833333334,50094.20583333333,-28158.857500000002,-0.4023359759746259,1.0311779796061764,0.08250385915827092,19362.552624350792,21194.10211350724,12
U0340,199845.08,857.7042060085836,849.13,198.0540161089606,501.72,1198.52,233,0.23091179304182935,1,0,506246.6,3986.193700787401,2560.05,3888.9523866341724,176.95,17906.93,127,379,257,29,59,34,0.6781002638522428,0.07651715039577836,0.15567282321899736,0.08970976253298153,16653.756666666668,42187.21666666667,-28042.752500000002,-1.6974667057684851,2.538404081130153,0.010871362433862433,1910.1312588421933,21985.016592399446,12
U0341,681109.03,18919.695277777777,16589.795000000002,9773.086897485793,5224.87,38979.02,36,0.5165562528358911,3,1,573617.36,4217.7747058823525,2541.525,4356.2965799995145,106.54,17971.75,136,182,45,44,57,36,0.24725274725274726,0.24175824175824176,0.3131868131868132,0.1978021978021978,56759.08583333334,47801.44666666666,8793.551666666666,0.10373198161814373,0.810202292877581,0.05765903808666967,31378.810814100325,15808.612430402574,12
U0342,746091.6799999999,32438.768695652172,36699.0,15830.07776053126,11259.75,52610.27,23,0.487998724891583,1,0,476631.22000000003,4255.6358928571435,2775.5150000000003,4028.75183400641,130.6,17265.97,112,143,32,19,58,34,0.22377622377622378,0.13286713286713286,0.40559440559440557,0.23776223776223776,62174.306666666664,39719.26833333333,21845.66333333333,0.12443673551607881,0.7088965978172546,0.007575757575757576,48163.50839789853,13977.110866861012,12
U0343,189106.48,848.0111210762333,831.74,202.45739804366596,500.93,1195.3,223,0.23874380065525785,1,0,535202.56,4316.149677419356,2946.555,3869.003527480953,107.44,16533.32,124,363,256,31,55,21,0.7052341597796143,0.08539944903581267,0.15151515151515152,0.05785123966942149,15758.873333333331,44600.21333333334,-29514.295833333334,-2.006056443313127,2.9683866789807922,0.005324543610547666,2383.7277431838224,20540.07940592084,12
U0344,623583.14,103930.52333333333,101108.76000000001,51010.73263128679,41179.99,166690.78,6,0.49081570067420477,1,0,562433.57,4046.2846762589925,2727.63,3775.4698136274424,105.08,17119.13,139,165,38,38,56,33,0.23030303030303031,0.23030303030303031,0.3393939393939394,0.2,51965.261666666665,46869.46416666667,2709.1866666666647,0.15614024746347735,0.09154130031436204,0.044224675107028044,109516.59489597006,14229.963344253216,12
U0345,424292.15,106073.0375,111009.225,46908.773277438115,44410.01,157863.69,4,0.4422308852750456,1,0,461090.73,3466.8475939849623,2240.04,3384.107268702498,124.63,17837.75,133,145,31,31,47,36,0.21379310344827587,0.21379310344827587,0.32413793103448274,0.2482758620689655,35357.67916666667,38424.2275,-4307.404999999998,0.19142549323148286,0.05857450676851711,0.011507936507936509,64629.94971531592,16388.952296701205,12
U0346,200764.98,872.8912173913044,872.1700000000001,195.5042870397302,504.11,1195.07,230,0.22397325479343033,1,0,443642.48,3728.0880672268904,2333.12,3378.9210023257565,105.7,15438.18,119,369,264,26,49,30,0.7154471544715447,0.07046070460704607,0.13279132791327913,0.08130081300813008,16730.414999999997,36970.206666666665,-23319.87166666667,-1.4584010363484963,2.2566862902680804,0.016406436678614095,2680.8294726259633,16062.571233544113,12
U0347,2308557.56,24823.199569892473,23315.17,12852.133098210223,5153.85,49699.55,93,0.517746838477595,1,0,507127.83,4122.990487804878,2514.3,3881.190257024392,104.92,17802.73,123,230,59,58,81,32,0.2565217391304348,0.25217391304347825,0.3521739130434783,0.1391304347826087,192379.79666666666,42260.652500000004,148080.32666666666,0.7441328592210473,0.24608029526854272,0.015277777777777779,55189.68761280076,16193.63692517422,12
U0348,2204863.68,28634.593246753248,27046.48,12806.32736032409,5657.83,49495.93,77,0.4472327317509965,1,0,525579.23,4171.26373015873,2600.1850000000004,3999.968394312483,128.73,17676.52,126,222,51,62,80,29,0.22972972972972974,0.27927927927927926,0.36036036036036034,0.13063063063063063,183738.64,43798.269166666665,136554.11583333334,0.703239965000518,0.279682279984243,0.021350250626566415,75386.01321952611,12657.061833607107,12
U0349,2945212.15,28049.639523809525,28129.59,11541.152497570829,5127.72,49692.18,105,0.4114545745863968,1,0,571700.5,4647.971544715447,2917.65,4238.769023874049,110.45,17802.63,123,247,65,68,86,28,0.2631578947368421,0.27530364372469635,0.3481781376518219,0.11336032388663968,245434.34583333333,47641.708333333336,195316.50166666668,0.7844704567566568,0.2056054081514813,0.016073517126148705,63358.39936090808,25610.970765829254,12
U0350,191503.45,851.1264444444445,866.28,205.79327366007414,500.4,1199.57,225,0.2417893075739193,1,0,451428.94,4141.54990825688,2877.3,3652.7981139315184,146.31,16121.46,109,355,245,32,49,29,0.6901408450704225,0.09014084507042254,0.13802816901408452,0.08169014084507042,15958.620833333334,37619.07833333333,-23425.115833333333,-1.4598440286796226,2.3443841506355967,0.008255633255633256,2755.8998306788308,14885.573600490956,12
U0351,1050611.81,38911.54851851852,40293.23,14131.194895407194,8736.09,55088.29,27,0.3631619771873631,1,0,514184.74,4249.460661157024,3157.88,3504.5282604367103,259.03,14214.07,121,167,28,30,84,25,0.16766467065868262,0.17964071856287425,0.5029940119760479,0.1497005988023952,87550.98416666668,42848.72833333333,43401.989166666666,0.46259738286793634,0.35982725449147296,0.011160714285714286,48752.71805655287,13751.878346591475,12
U0352,202154.65,845.8353556485356,844.01,197.38306121232756,502.39,1195.38,239,0.23335872625114626,1,0,573937.73,4189.326496350365,2398.32,4303.093117727606,140.01,17707.04,137,401,265,38,66,32,0.6608478802992519,0.09476309226932668,0.16458852867830423,0.0798004987531172,16846.220833333333,47828.144166666665,-33625.573333333334,-2.0561011488921945,2.9013929124666746,0.0146373339921727,2517.7107305084564,20738.695107140997,12
U0353,301386.39,33487.37666666667,33510.85,2281.531866794764,29522.55,36905.26,9,0.06813110174335633,1,0,556915.12,4317.171472868217,2615.29,4003.0710651023323,104.17,17542.72,129,153,26,28,56,43,0.16993464052287582,0.1830065359477124,0.3660130718954248,0.28104575163398693,25115.5325,46409.59333333333,-24383.10666666667,0.026907411267200494,0.384060924467086,0.08938492063492064,35136.58157435822,17768.181966114873,12
U0354,199728.6,828.749377593361,825.55,200.33871670463753,500.68,1194.69,241,0.24173618963842755,1,0,619368.8,5118.750413223141,2858.16,4922.500895988473,344.95,17812.62,121,379,270,36,48,25,0.712401055408971,0.09498680738786279,0.1266490765171504,0.06596306068601583,16644.05,51614.06666666667,-38531.020833333336,-2.436527276833545,3.2108310016167434,0.014723256726933198,2089.737537830572,23114.74682274277,12
U0355,200426.07,845.6796202531646,840.18,199.70899676594925,500.62,1194.82,237,0.23615207459553528,1,0,629365.37,4593.907810218978,2762.52,4342.483912294984,161.35,17647.48,137,385,269,31,57,28,0.6987012987012987,0.08051948051948052,0.14805194805194805,0.07272727272727272,16702.1725,52447.114166666666,-38197.095,-2.2785801196262856,3.114634993273556,0.010610702614379084,1512.9024001214293,25460.682758195286,12
U0356,1184079.42,32891.095,33335.47,13751.467996822012,8362.22,59590.67,36,0.4180909147847468,1,0,353524.22,3432.273980582524,2146.04,3436.2714641335183,128.35,16075.93,103,151,27,26,71,27,0.17880794701986755,0.17218543046357615,0.47019867549668876,0.17880794701986755,98673.28499999999,29460.351666666666,67709.85083333333,0.583039716108293,0.39713807934453155,0.026041666666666668,65020.86959846864,12167.84744936188,12
U0357,193858.91,846.5454585152838,836.1,200.13651598825248,505.15,1198.19,229,0.2364155568671557,1,0,552911.69,4893.023805309734,3267.42,4200.434724848498,176.34,17626.37,113,355,254,30,42,29,0.7154929577464789,0.08450704225352113,0.11830985915492957,0.08169014084507042,16154.909166666666,46075.974166666674,-31510.66416666667,-2.0532054867643836,2.9505619633087825,0.010606060606060605,1754.1389671882707,18793.34649571465,12
U0358,1057182.6,34102.664516129036,31960.67,14488.952803479586,9252.0,59189.89,31,0.42486277858514426,1,0,578029.72,4346.088120300752,3128.29,3975.086002316282,127.89,17489.97,133,179,41,28,77,33,0.22905027932960895,0.1564245810055866,0.4301675977653631,0.18435754189944134,88098.55,48169.14333333333,38733.456666666665,0.13264880588888386,0.7639659621991317,0.013217486651411136,72974.3573772287,20205.95694930327,12
U0359,2402331.29,25831.51924731183,23650.78,11954.316625793745,7147.41,49904.91,93,0.46278023802404794,1,0,588633.33,4265.458913043478,2948.615,3750.4892965629315,166.42,17237.13,138,250,68,55,84,43,0.272,0.22,0.336,0.172,200194.27416666667,49052.777500000004,146104.82166666668,0.7060514352307149,0.2687977591039506,0.03583931047166341,47837.536562301895,18520.279030546306,12
U0360,2328322.97,24769.393297872342,23203.52,12558.52282562272,5607.9,49996.91,94,0.5070177809604033,1,0,556353.59,4597.963553719008,3086.13,3908.5687219159618,104.92,16654.89,121,227,78,38,79,32,0.3436123348017621,0.16740088105726872,0.34801762114537443,0.14096916299559473,194026.91416666668,46362.799166666664,146392.17750000002,0.7258575890180613,0.2666729173083892,0.016666666666666666,59394.018210817325,13600.819336212773,12
U0361,464487.3,66355.32857142857,57929.09,19526.10730344157,45925.54,100527.49,7,0.2942658520999196,1,0,590170.74,4371.635111111111,3177.91,3955.8397882827603,113.76,17504.93,135,155,38,34,52,31,0.24516129032258063,0.21935483870967742,0.33548387096774196,0.2,38707.275,49180.895,-11511.324166666667,0.15703477139994507,0.09296522860005492,0.014285714285714285,79500.05198751707,18675.717187517006,12
U0362,616398.72,22829.58222222222,22720.71,9873.69770134672,5941.48,39908.61,27,0.43249576822022195,3,1,485441.44,3979.0281967213114,2911.74,3401.364768841431,257.1,17512.96,122,169,26,55,49,39,0.15384615384615385,0.3254437869822485,0.28994082840236685,0.23076923076923078,51366.56,40453.45333333333,10444.695833333331,0.11607402089805056,0.6240954241863024,0.06416900093370681,46633.70725633689,14171.280303471223,12
U0363,208468.13,865.0129875518672,883.57,191.20422474029525,505.49,1197.65,241,0.22104202768265419,1,0,552012.32,4416.098559999999,3374.81,3923.687487615918,120.77,17640.08,125,386,271,33,53,29,0.7020725388601037,0.08549222797927461,0.13730569948186527,0.07512953367875648,17372.344166666666,46001.02666666667,-32803.763333333336,-1.8871819692032898,2.6464365725011674,0.01837732598898794,1953.71856513516,11602.821311106216,12
U0364,190442.94,838.9556828193832,814.01,201.5950199089153,501.51,1189.68,227,0.24029281169112268,1,0,453150.26,3807.9853781512606,2368.91,3654.4961911403007,127.74,16004.27,119,364,251,31,54,28,0.6895604395604396,0.08516483516483517,0.14835164835164835,0.07692307692307693,15870.245,37762.52166666667,-24581.004166666666,-1.5613433749025827,2.3909980897957817,0.010860069049724223,2141.203346173276,12186.386222861247,12
U0365,197804.96,838.1566101694915,832.5550000000001,203.69229694005486,502.38,1193.51,236,0.24302414902969546,1,0,536403.23,4291.22584,2843.17,3812.502699853551,314.89,17637.64,125,383,267,35,46,35,0.6971279373368147,0.09138381201044386,0.12010443864229765,0.09138381201044386,16483.74666666667,44700.269166666665,-29805.78,-1.875448447490123,2.7695775199631583,0.010493716542878494,2366.018137847688,11754.54169700798,12
U0366,520235.82,20809.4328,19032.43,10093.638304872828,5408.56,39348.91,25,0.48505110167504556,3,1,646136.26,4336.484966442953,2974.68,4172.306608651153,100.51,17193.17,149,195,36,53,70,36,0.18461538461538463,0.2717948717948718,0.358974358974359,0.18461538461538463,43352.985,53844.68833333333,-14290.320833333331,-0.9301708568570627,1.7894417693105584,0.062406015037593986,29901.2675761965,16848.1440093797,12
U0367,624898.27,34716.570555555554,34335.44500000001,2993.9406753356166,30128.78,39451.83,18,0.08623952848523825,1,0,568055.48,4544.44384,3024.8,4446.2193573960685,101.56,17354.19,125,162,34,20,71,37,0.20987654320987653,0.12345679012345678,0.4382716049382716,0.22839506172839505,52074.855833333335,47337.956666666665,2292.7475,-0.05956166910329325,0.9307782266854249,0.14325263516439987,31232.73455167699,20901.710509595898,12
U0368,783336.81,130556.13500000001,151903.225,50583.28999621348,61670.38,173261.68,6,0.38744475697150105,1,0,563672.34,4473.59,2859.02,4247.974324576268,327.49,17989.1,126,148,24,27,64,33,0.16216216216216217,0.18243243243243243,0.43243243243243246,0.22297297297297297,65278.067500000005,46972.695,15355.705000000002,0.1720033634381971,0.14793618673513206,0.04263710826210826,119164.00087829081,14162.386276714875,12
U0369,324887.47,32488.746999999996,33066.32,3061.5458946096346,28698.71,37816.04,10,0.09423404031585567,1,0,524165.12,4160.040634920635,2535.385,3999.8900523328875,104.05,16567.05,126,149,39,33,54,23,0.26174496644295303,0.2214765100671141,0.3624161073825503,0.15436241610738255,27073.95583333333,43680.426666666666,-18642.20333333333,-0.14444683893775495,0.7728050508577705,0.09167603230103231,23389.268263063204,21588.644947325407,12
U0370,2331896.75,27115.07848837209,26147.305,12632.846002135258,6128.49,47288.09,86,0.4658974528712012,1,0,502207.71,4017.66168,2362.36,3727.890309224407,110.36,17135.89,125,227,57,62,75,33,0.2511013215859031,0.27312775330396477,0.3303964757709251,0.14537444933920704,194324.72916666666,41850.6425,151600.25833333333,0.7250125264383783,0.26791322210570623,0.009287925696594427,77218.70657407421,12081.899493872586,12
U0371,2294644.49,26075.50556818182,25533.629999999997,13661.382349447815,5029.28,49899.98,88,0.5239162981414204,1,0,460749.81,3387.86625,2359.505,3158.5204187394424,112.88,14687.07,136,237,53,72,70,42,0.22362869198312235,0.3037974683544304,0.29535864978902954,0.17721518987341772,191220.37416666665,38395.8175,149656.94166666668,0.7628934646102737,0.21766416600158514,0.025904280904280902,57223.69581973624,11175.91456132511,12
U0372,539159.66,33697.47875,32893.635,3368.7098107156203,28624.43,39664.71,16,0.09996919460081624,1,0,526576.75,4388.139583333334,2714.7,3998.640202855814,262.26,17463.44,120,154,33,27,68,26,0.21428571428571427,0.17532467532467533,0.44155844155844154,0.16883116883116883,44929.97166666667,43881.395833333336,332.9166666666676,-0.024207040003424458,0.9196281776765501,0.11642801642801642,23142.53549784459,16608.155059799803,12
U0373,172744.52000000002,86372.26000000001,86372.26000000001,30405.846149462766,64872.08,107872.44,2,0.35203254088132885,1,0,619214.41,4875.704015748031,3266.89,4322.170958786773,174.83,17545.89,127,153,35,30,64,24,0.22875816993464052,0.19607843137254902,0.41830065359477125,0.1568627450980392,14395.376666666669,51601.200833333336,-41410.815833333334,0.03767626927457154,0.11107266927971982,0.05737734487734488,34847.887170305105,10759.37957382763,12
U0374,771393.9,154278.78,154052.76,13741.15560982591,140657.19,172413.82,5,0.08906704868826361,1,0,687373.97,4840.66176056338,3180.375,4266.912438618173,300.66,17709.44,142,164,31,35,64,34,0.18902439024390244,0.21341463414634146,0.3902439024390244,0.2073170731707317,64282.825000000004,57281.16416666666,5675.073333333338,0.19703897788157368,0.05236234346613819,0.0170547385620915,141638.5627669263,19715.07358683496,12
U0375,659121.2,32956.06,35786.6,15819.427994723848,8274.66,58107.39,20,0.48001575415033987,1,0,529898.49,4308.117804878048,3015.26,3851.6301239421027,153.25,17189.94,123,162,30,30,69,33,0.18518518518518517,0.18518518518518517,0.42592592592592593,0.2037037037037037,54926.76666666666,44158.2075,8421.31,-0.2846577198087738,1.0510360769379907,0.03543523469994058,45785.31552008021,23544.508052513156,12
U0376,557123.35,22284.933999999997,23168.12,10952.06805860656,7084.54,39434.68,25,0.49145615861400177,3,1,466234.58,3853.178347107438,2136.42,3931.058916075147,104.21,17394.66,121,164,28,36,71,29,0.17073170731707318,0.21951219512195122,0.4329268292682927,0.17682926829268292,46426.94583333333,38852.88166666666,6438.049166666668,-0.5692495879242151,1.4189118048783618,0.06202731092436975,32358.923077343952,18364.342293202502,12
U0377,209206.61,846.9903238866397,840.14,205.11506748566947,505.39,1184.22,247,0.24216931610793924,1,0,531805.35,3939.2988888888885,2594.5,3787.477838036076,114.91,17758.08,135,396,277,34,43,42,0.6994949494949495,0.08585858585858586,0.10858585858585859,0.10606060606060606,17433.884166666667,44317.112499999996,-29271.121666666662,-1.69765332972628,2.5697502580666245,0.009746462687639158,2059.875536864295,8365.71230235018,12
U0378,195978.96,813.1907053941908,817.81,195.97084048590074,503.37,1197.51,241,0.2409900152399119,1,0,530951.38,4115.902170542636,2713.44,3933.1178241387265,179.77,17760.49,129,382,271,26,48,37,0.7094240837696335,0.06806282722513089,0.1256544502617801,0.0968586387434555,16331.58,44245.948333333334,-29771.769166666665,-1.8467107608340438,2.715500418992004,0.00814156681190995,1716.3258990381428,19319.74385362988,12
U0379,624692.71,20823.090333333334,19521.665,11693.187628474403,5001.43,39730.16,30,0.5615490996432984,3,1,532135.46,4361.76606557377,2986.71,3902.1025671433486,252.49,17206.39,122,167,35,43,65,24,0.20958083832335328,0.25748502994011974,0.38922155688622756,0.1437125748502994,52057.72583333333,44344.621666666666,6519.665833333335,-0.5004496395346837,1.397908127547091,0.07220568783068783,36270.30005002501,20979.285621916693,12
U0380,2067831.46,25847.89325,24343.32,12498.812686324944,5687.88,49825.41,80,0.4835524723596165,1,0,626467.29,4380.89013986014,2591.31,4302.782532254358,117.0,17921.01,143,239,58,54,89,38,0.24267782426778242,0.22594142259414227,0.3723849372384937,0.1589958158995816,172319.28833333333,52205.607500000006,118507.14333333333,0.6050330756943684,0.37514901769436676,0.012511022927689594,84993.6580548183,18680.431127683092,12
U0381,197072.48,856.8368695652174,860.29,192.36906687561358,501.87,1199.64,230,0.22451072509663006,1,0,514915.91,4516.806228070175,2573.425,4280.5969799259465,222.18,17188.67,114,363,258,22,49,34,0.7107438016528925,0.06060606060606061,0.1349862258953168,0.09366391184573003,16422.70666666667,42909.659166666665,-30476.948333333334,-1.8183362575473243,2.5841648144200167,0.01855957247057653,1993.2530886939267,20417.425552815268,12
U0382,605526.61,21625.950357142858,19402.940000000002,10912.240654283436,5297.81,39303.87,28,0.5045901092933573,3,1,507529.91,4452.016754385964,3440.02,3787.675738714093,139.49,17217.56,114,163,26,43,69,25,0.15950920245398773,0.26380368098159507,0.4233128834355828,0.15337423312883436,50460.550833333335,42294.159166666665,6206.151666666668,0.15002469517477846,0.7401509242371204,0.07533908085378674,23478.290723131464,13085.369667291136,12
U0383,202789.45,859.2773305084746,857.4749999999999,198.7809768673372,509.41,1197.1,236,0.23133506472201376,1,0,506486.23,3988.0805511811022,2717.44,3600.7835154463273,125.72,17373.61,127,380,267,31,49,33,0.7026315789473684,0.08157894736842106,0.12894736842105264,0.0868421052631579,16899.120833333334,42207.18583333333,-25884.5575,-1.5586168985741506,2.524082886172894,0.0026041666666666665,2111.879732243974,15448.615015733145,12
U0384,2741887.26,27978.441428571427,28780.035,12909.208741752542,5459.11,49340.6,98,0.4613984225929658,1,0,610905.51,4332.663191489361,2687.6,4025.5325993996157,171.95,17156.42,141,256,56,68,92,40,0.21875,0.265625,0.359375,0.15625,228490.60499999998,50908.7925,177581.8125,0.7387489413812599,0.26125105861874,0.0,98646.98342670637,23240.975857741636,12
U0385,1209804.96,40326.832,41860.744999999995,13359.160996089173,8898.93,59988.37,30,0.3312722654754822,1,0,468862.64,3973.4122033898307,2812.46,3702.9663760828607,196.03,15406.59,118,165,36,32,66,31,0.21818181818181817,0.19393939393939394,0.4,0.18787878787878787,100817.08,39071.886666666665,61745.19333333333,0.5165836734046084,0.4000829932620582,0.0,65171.97496518395,9773.10900926557,12
U0386,2831565.34,28035.3003960396,27314.52,13120.465673374092,5663.5,49019.63,101,0.46799804132748124,1,0,632621.76,4866.321230769231,3605.25,4094.230204860527,139.79,17602.48,130,244,64,71,71,38,0.26229508196721313,0.29098360655737704,0.29098360655737704,0.1557377049180328,235963.77833333335,52718.48,180721.7383333333,0.7433734652346957,0.23929065268024083,0.020955433455433454,70383.21575270445,15064.231040287576,12
U0387,401855.95,100463.9875,89591.67,54890.105935804364,46911.66,175760.95,4,0.5463659894626854,1,0,569013.92,4310.711515151515,3173.9849999999997,3932.6770212506,123.3,17924.71,132,148,29,29,48,42,0.19594594594594594,0.19594594594594594,0.32432432432432434,0.28378378378378377,33487.995833333334,47417.82666666667,-14794.923333333332,0.12549821351781468,0.20783511981551864,0.01103988603988604,57170.7744372721,15212.791538224626,12
U0388,196568.54,843.6418025751074,861.92,206.72332833677305,501.55,1196.59,233,0.2450368482284506,1,0,580409.49,4680.721693548387,2940.66,4053.6448574652954,162.05,17268.68,124,372,268,30,42,32,0.7204301075268817,0.08064516129032258,0.11290322580645161,0.08602150537634409,16380.711666666668,48367.4575,-34328.755,-2.0882028434281414,2.933252400760931,0.011615813065088429,2196.4067094226803,15510.11994406416,12
U0389,373386.97,33944.27,34449.53,3486.199913323961,29396.28,39667.39,11,0.10270363490874782,1,0,603826.72,4717.39625,3464.245,4093.7706660078234,113.63,17624.0,128,155,32,27,66,30,0.2064516129032258,0.17419354838709677,0.4258064516129032,0.1935483870967742,31115.58083333333,50318.89333333333,-21372.918333333335,-0.21641414423665414,0.76186523500178,0.09069302157537451,30726.97903164237,20628.120936846615,12
U0390,2302825.06,28429.93901234568,30127.56,13155.887706292151,5050.39,48927.46,81,0.4627476583955814,1,0,622962.11,4719.4099242424245,3386.62,4197.957580746537,146.34,17514.8,132,231,73,46,75,37,0.31601731601731603,0.19913419913419914,0.3246753246753247,0.16017316017316016,191902.08833333335,51913.50916666666,137622.29166666666,0.6822929713467486,0.3033045645140417,0.020377391786060517,59619.85591676299,25483.17222110967,12
U0391,426530.10000000003,32810.00769230769,31088.53,4054.916157947769,28505.74,39274.91,13,0.12358778443378556,1,0,545223.64,4259.5596875,3225.675,3706.277836638662,110.42,17224.85,128,163,25,32,68,38,0.15337423312883436,0.19631901840490798,0.4171779141104294,0.2331288343558282,35544.175,45435.30333333334,-11294.739166666664,-0.27638218196918357,1.0875935334073905,0.09611055117053569,22220.15968954135,15102.3561153913,12
U0392,408246.35,102061.5875,95389.72,35814.261575771154,69335.55,148131.36,4,0.3509083334194773,1,0,499302.74,4126.468925619834,2885.3,3774.7994708593023,221.92,16411.36,121,144,33,28,49,34,0.22916666666666666,0.19444444444444445,0.3402777777777778,0.2361111111111111,34020.52916666667,41608.56166666667,-9622.94916666667,0.148599187776379,0.09815567335231083,0.02261029411764706,76792.39750039896,8811.585159490918,12
U0393,509222.93,33948.19533333333,33707.98,3607.6762774808503,28977.55,39527.04,15,0.10627004593491648,1,0,453719.1,3544.68046875,2448.7200000000003,3245.2190142175536,187.45,15415.79,128,155,32,32,70,21,0.2064516129032258,0.2064516129032258,0.45161290322580644,0.13548387096774195,42435.244166666664,37809.924999999996,2110.8424999999997,0.1364015955732759,0.5670010381904925,0.11256272322448795,29950.085365370363,11341.744198229106,12
U0394,228072.78999999998,114036.39499999999,114036.39499999999,3051.0879790740164,111878.95,116193.84,2,0.02675538786607571,1,0,547673.91,4149.044772727273,2651.51,3858.947834785754,153.14,15658.97,132,150,36,38,55,21,0.24,0.25333333333333335,0.36666666666666664,0.14,19006.06583333333,45639.4925,-27811.153333333335,0.06535320368554268,0.014180732241959539,0.0124777183600713,65838.94335066449,18962.791333573674,12
U0395,1225138.56,34031.62666666667,34000.295,16298.643178499595,8844.36,59452.9,36,0.47892636276666156,1,0,478139.15,4086.659401709402,2686.6,3658.2993429344037,152.73,15386.28,117,177,29,30,87,31,0.1638418079096045,0.1694915254237288,0.4915254237288136,0.1751412429378531,102094.88,39844.92916666667,56961.25,0.4989152782512522,0.36523223431390384,0.04398301503564661,49711.6165910208,9247.582250542777,12
U0396,2769880.72,29466.81617021277,32606.905,12939.044696867446,5533.45,49387.82,94,0.4391056238355057,1,0,598016.08,4565.008244274809,3210.2,3838.3256390038855,244.09,16650.61,131,241,65,62,82,32,0.2697095435684647,0.2572614107883817,0.34024896265560167,0.13278008298755187,230823.39333333334,49834.67333333333,179472.77333333335,0.6976084195711681,0.29655582046805357,0.010030864197530864,90353.51558099204,13233.98632114941,12
U0397,1198161.86,34233.196,34816.66,14959.717706031557,9825.5,59693.18,35,0.43699448062142826,1,0,624253.04,4590.095882352942,3240.335,4054.3219900011177,144.48,17409.84,136,183,34,34,88,27,0.18579234972677597,0.18579234972677597,0.4808743169398907,0.14754098360655737,99846.82166666666,52021.08666666667,44812.615,0.03356116170580233,0.8501297875975989,0.022084859584859586,65463.15470232088,16587.959386946543,12
U0398,2695903.7399999998,28082.330625,29282.545,13252.08354358512,5481.4,49127.96,96,0.47190112959454983,1,0,531633.8,4357.6540983606565,3310.235,3737.5516308408705,113.63,16845.67,122,237,51,70,77,39,0.21518987341772153,0.29535864978902954,0.32489451476793246,0.16455696202531644,224658.645,44302.81666666667,178173.37,0.7102356253057897,0.28077426965170954,0.015380948189872673,98344.47125182505,18823.233645659744,12
U0399,381126.38,95281.595,77399.12,44589.44321873919,65158.78,161169.36,4,0.4679754071994616,1,0,629657.22,4734.264812030075,3457.58,3789.5453013776373,140.01,15773.96,133,155,31,35,53,36,0.2,0.22580645161290322,0.3419354838709677,0.23225806451612904,31760.531666666666,52471.435,-23209.26,0.12200661265410968,0.04466005401255697,0.025606946659578234,75228.06342238004,22731.099441940572,12
U0400,312032.98,34670.33111111111,34366.98,2064.8109683845423,31213.19,37688.71,9,0.05955555952919105,1,0,492153.12,4317.132631578947,3034.29,4036.20425028708,140.7,17532.21,114,142,30,31,59,22,0.2112676056338028,0.21830985915492956,0.4154929577464789,0.15492957746478872,26002.748333333337,41012.76,-17925.68333333333,-0.09163299998291258,0.6383148404945831,0.09890664890664891,25660.13430814274,18305.809797586124,12
U0401,376593.87,94148.4675,89775.10500000001,35852.27848379455,59137.36,137906.3,4,0.3808057574999248,1,0,570805.2,4530.2,2951.865,4291.0632508883855,161.75,17878.12,126,152,28,32,63,29,0.18421052631578946,0.21052631578947367,0.4144736842105263,0.19078947368421054,31382.8225,47567.1,-19558.467500000002,0.12324826997299565,0.12212840469925708,0.039285714285714285,57155.90195524425,20511.54191404661,12
U0402,739504.13,18961.644358974358,20530.65,9501.21237080405,5746.48,37547.65,39,0.5010753387697213,3,1,511328.79,4123.619274193548,2586.1400000000003,4087.488316147727,125.67,17968.75,124,181,31,51,70,29,0.1712707182320442,0.281767955801105,0.3867403314917127,0.16022099447513813,61625.34416666667,42610.732500000006,15427.810833333337,0.1813635156567237,0.6165392222442794,0.07722492290990743,37870.45500094127,15149.016771033586,12
U0403,203896.96,871.3545299145298,890.665,205.74223339132644,504.09,1198.0,234,0.23611770677488467,1,0,571665.41,4172.740218978102,2242.78,4205.489146495024,111.38,16804.15,137,382,266,39,41,36,0.6963350785340314,0.10209424083769633,0.10732984293193717,0.09424083769633508,16991.413333333334,47638.78416666667,-32286.6825,-1.959910903533423,2.8578770437598187,0.010587905195748334,1207.9296065682981,22764.46222633805,12
U0404,481198.16,96239.632,81230.04,22745.32692239265,78509.04,127259.9,5,0.2363405433885351,1,0,543818.26,3829.7060563380282,2404.63,3934.6259733409615,124.74,17840.83,142,161,29,41,58,33,0.18012422360248448,0.2546583850931677,0.36024844720496896,0.20496894409937888,40099.846666666665,45318.18833333333,-7874.439166666668,0.17520522595176835,0.07225855699690432,0.014204545454545456,93809.26318008137,16592.57075756871,12
U0405,199492.69,863.6047186147186,867.58,204.5125219931183,501.76,1199.54,231,0.2368126500294839,1,0,544666.4,4157.758778625955,2710.73,3848.0398364651987,121.56,15003.2,131,373,266,31,47,29,0.7131367292225201,0.08310991957104558,0.1260053619302949,0.0777479892761394,16624.390833333335,45388.86666666667,-31359.819166666664,-1.9822197515795124,2.822572146780693,0.010732245484400658,1624.2080625476217,20911.596226172227,12
U0406,459324.18,35332.62923076923,33813.03,3303.472264210444,30903.33,39966.92,13,0.09349636118598366,1,0,610421.6,4768.91875,3472.37,4443.8848444134865,155.65,17858.82,128,162,29,24,68,41,0.17901234567901234,0.14814814814814814,0.41975308641975306,0.25308641975308643,38277.015,50868.46666666667,-15306.855000000003,-0.16910398595511844,0.9550840915736636,0.11809732664995821,23516.89829261987,24404.20572090815,12
U0407,699152.59,23305.086333333333,25658.690000000002,9342.87776595534,5233.46,37000.57,30,0.40089436410249185,3,1,593485.3200000001,4864.633770491804,3130.63,4355.443427764473,158.48,16869.72,122,168,24,46,60,38,0.14285714285714285,0.27380952380952384,0.35714285714285715,0.2261904761904762,58262.71583333333,49457.11000000001,6473.949166666666,-0.8687019811253576,1.7214592606736447,0.09968116034292505,39261.59649669276,18499.563302950497,12
U0408,2674360.19,29715.113222222222,31961.059999999998,12229.701056621354,7571.2,49638.54,90,0.41156501626503866,1,0,574771.64,4321.5912781954885,2700.34,4265.5482715636945,162.35,17871.65,133,239,70,63,78,28,0.2928870292887029,0.26359832635983266,0.3263598326359833,0.11715481171548117,222863.34916666665,47897.636666666665,172948.37416666668,0.6926453833484086,0.2857170154478652,0.012618010167029773,84962.38353062182,18759.181478010043,12
U0409,2562979.27,26422.466701030928,27178.77,13130.272101328064,5277.74,47969.08,97,0.4969358936051099,1,0,535186.99,4386.778606557377,2884.66,4249.86236212233,216.9,17277.1,122,228,49,72,79,28,0.2149122807017544,0.3157894736842105,0.34649122807017546,0.12280701754385964,213581.60583333333,44598.91583333333,167871.53166666665,0.7759875052824782,0.21749938257144716,0.007246376811594203,51413.10569025841,19823.78690359339,12
U0410,376208.61,75241.722,53438.52,36655.23644412924,41315.32,115405.96,5,0.48716636820365755,1,0,551558.15,4275.644573643411,2648.37,4004.8168409661325,113.18,16135.23,129,149,43,30,48,28,0.28859060402684567,0.20134228187919462,0.3221476510067114,0.18791946308724833,31350.7175,45963.17916666667,-15810.9275,0.008197804614057206,0.15790594393621482,0.021708919735235522,96326.1795343626,16028.630942705708,12
U0411,2709500.67,27095.006699999998,27499.965,12472.89503304294,5243.64,49963.52,100,0.4603392488935218,1,0,549584.02,3764.274109589041,2445.4399999999996,3696.4385270950534,224.68,17957.66,146,261,80,73,67,41,0.3065134099616858,0.2796934865900383,0.2567049808429119,0.15708812260536398,225791.7225,45798.668333333335,178769.2325,0.7722643037151026,0.22236217580667347,0.006666666666666667,59252.66815343809,21870.65057014156,12
U0412,199107.13,858.2203879310345,868.9449999999999,194.7174840241558,500.93,1198.83,232,0.22688517630485733,1,0,604725.11,4651.731615384615,3548.025,4003.620197755291,110.29,17434.91,130,378,258,25,59,36,0.6825396825396826,0.06613756613756613,0.15608465608465608,0.09523809523809523,16592.260833333334,50393.75916666666,-35668.07916666666,-2.210041668501614,3.0950845330464882,0.010089487832484437,2264.1321929984497,12203.731763874119,12
U0413,1039038.89,37108.53178571429,41865.215,13949.909951889387,9451.15,55611.31,28,0.3759219047642219,1,0,466707.97000000003,4058.330173913044,3137.88,3541.736911951136,339.79,17231.97,115,161,22,33,70,36,0.13664596273291926,0.20496894409937888,0.43478260869565216,0.2236024844720497,86586.57416666667,38892.33083333333,43348.95666666667,0.39799461115260754,0.46544787413523575,0.04437321937321937,47645.97230634476,18773.3090024469,12
U0414,1383330.16,34583.254,34805.185,15184.535410989327,10669.12,59417.33,40,0.4390719106706768,1,0,565746.06,4253.72977443609,2953.05,3924.417932835945,130.29,17827.28,133,185,38,27,83,37,0.20540540540540542,0.14594594594594595,0.4486486486486487,0.2,115277.51333333335,47145.505000000005,67397.65166666667,0.5460362330789649,0.44376121448375844,0.005208333333333333,36562.62800135737,16805.417621391945,12
U0415,601461.04,21480.75142857143,24743.010000000002,9567.282939791994,6037.67,35895.61,28,0.4453886527948274,3,1,641768.42,4551.5490780141845,2776.09,4103.786739595152,100.99,17562.74,141,184,31,42,73,38,0.16847826086956522,0.22826086956521738,0.3967391304347826,0.20652173913043478,50121.753333333334,53480.70166666667,-3358.9483333333337,-0.49747202168868593,1.4141386883553526,0.059229805282436855,38192.311187259416,12685.25181496416,12
U0416,385068.48,128356.15999999999,125059.43,34322.198211211646,95801.28,164207.77,3,0.2673981382055341,1,0,541117.91,4130.6710687022905,2421.29,3981.5184056681487,155.19,17997.24,131,152,28,39,52,33,0.18421052631578946,0.2565789473684211,0.34210526315789475,0.21710526315789475,32089.039999999997,45093.15916666667,-14888.89166666667,0.07544769049910291,0.00788564283423042,0.03622685185185185,111159.69529222,16370.49598660149,12
U0417,414875.01,34572.9175,34059.425,2779.7696249546416,30353.87,38814.91,12,0.08040309658433198,1,0,496715.76,4395.714690265487,2885.96,4003.7970604970437,216.17,17937.01,113,145,26,29,59,31,0.1793103448275862,0.2,0.4068965517241379,0.21379310344827587,34572.9175,41392.98,-10424.536666666667,0.013214442009165708,0.6160367882834668,0.1316197691197691,33096.50706185421,16662.8158913634,12
U0418,433102.75,144367.58333333334,136114.77,30430.745816641313,118914.46,178073.52,3,0.21078655688499767,1,0,505024.2,4208.535,3035.8549999999996,3753.961099088613,227.91,14756.69,120,137,32,34,45,26,0.23357664233576642,0.24817518248175183,0.3284671532846715,0.1897810218978102,36091.895833333336,42085.35,-6912.810000000005,0.13145143488266234,0.03521523178400433,0.01966374269005848,91003.29241721427,14661.504538516689,12
U0419,511418.05,20456.721999999998,23988.93,7927.384981862977,5353.46,32117.71,25,0.38751980800555325,3,1,562800.48,4296.186870229008,2611.45,4000.916916496495,118.79,16371.55,131,176,32,45,65,34,0.18181818181818182,0.2556818181818182,0.3693181818181818,0.19318181818181818,42618.17083333333,46900.04,-7198.625000000001,-0.3437969568971078,1.2077382640791285,0.042286220043572985,26098.108659800153,15667.678258461097,12
U0420,190329.09,845.9070666666667,857.1,213.08172841893318,502.54,1199.36,225,0.25189732633230144,1,0,599685.95,4875.495528455284,3181.6,4366.386825613802,167.57,17623.12,123,365,261,25,51,28,0.7150684931506849,0.0684931506849315,0.13972602739726028,0.07671232876712329,15860.7575,49973.82916666666,-37919.075000000004,-2.4533647811423185,3.232773135579732,0.015215215215215216,2690.3720643675933,16961.118901726364,12
U0421,318694.83999999997,106231.61333333333,111621.91,50218.09409012884,53535.81,153537.12,3,0.4727226906792295,1,0,601943.91,5016.199250000001,3172.87,4485.561451312545,152.99,17354.86,120,139,25,40,47,27,0.17985611510791366,0.28776978417266186,0.3381294964028777,0.19424460431654678,26557.903333333335,50161.9925,-27237.470833333336,0.07650147941611089,0.0808134717041455,0.04517496392496392,76699.84436949062,18511.01186005539,12
U0422,1059254.38,39231.6437037037,45653.46,15041.639395744873,13073.13,57940.06,27,0.3834057912369563,1,0,525089.98,4269.024227642276,3115.39,3780.7190582996473,111.89,17388.01,123,167,32,26,74,35,0.19161676646706588,0.15568862275449102,0.4431137724550898,0.20958083832335328,88271.19833333335,43757.49833333333,41222.541666666664,0.3933241295343984,0.42028513866336686,0.027374892264598147,68981.37977578322,13877.636239775939,12
U0423,1287660.43,34801.63324324324,36812.41,13892.678037831267,8640.39,59262.22,37,0.39919615096020067,1,0,526030.96,4534.749655172413,3382.5299999999997,3704.436502458835,101.96,14745.25,116,172,38,26,86,22,0.22093023255813954,0.1511627906976744,0.5,0.12790697674418605,107305.03583333333,43835.91333333333,60599.95416666666,0.5213999292523428,0.37276437528663314,0.03600750241617114,55741.97026749127,15865.902481376006,12
U0424,335663.01,33566.301,32500.58,3920.574330518568,28067.3,38573.08,10,0.11680090488727274,1,0,479616.15,3717.954651162791,2353.24,3691.6474748831324,103.27,17745.25,129,160,31,35,62,32,0.19375,0.21875,0.3875,0.2,27971.9175,39968.012500000004,-14008.919166666667,-0.1577242925426114,0.8840853374015634,0.08882906309376898,20029.180932303443,16410.581133361444,12
U0425,952268.13,29758.3790625,30614.03,15046.529756596081,8464.71,57852.21,32,0.5056232977271586,1,0,560202.59,4342.655736434108,2618.35,4333.612421842915,130.96,17802.19,129,176,27,33,80,36,0.1534090909090909,0.1875,0.45454545454545453,0.20454545454545456,79355.6775,46683.549166666664,29714.690000000002,0.19678174531802298,0.751427006106352,0.022072016605685335,45846.88150867013,12764.45066751438,12
U0426,574304.09,22972.1636,25054.6,11856.139151844107,6043.82,39474.99,25,0.5161089463877973,3,1,484874.0,3974.377049180328,2616.145,3668.02068349425,108.21,17666.01,122,167,28,50,63,26,0.16766467065868262,0.2994011976047904,0.3772455089820359,0.15568862275449102,47858.674166666664,40406.166666666664,5750.830833333334,-1.3060597335854751,2.2094955562602863,0.0829229797979798,54028.572503240015,12766.221232057049,12
U0427,2389869.97,27789.18569767442,29041.96,12891.222160605215,6256.22,48769.05,86,0.463893483632521,1,0,578188.7,4189.773188405797,2340.6549999999997,4379.633340779134,192.76,17551.74,138,241,64,55,86,36,0.26556016597510373,0.22821576763485477,0.35684647302904565,0.14937759336099585,199155.83083333334,48182.39166666666,148488.25166666668,0.7077158282745679,0.28068132968594356,0.01945847362514029,61671.47859546812,26986.762258213945,12
U0428,792902.13,24027.337272727273,25602.51,10125.565330338126,5956.86,39747.99,33,0.4214185373687395,3,1,576250.46,4501.95671875,2966.815,4004.6028847517923,234.78,17810.11,128,177,27,51,66,33,0.15254237288135594,0.288135593220339,0.3728813559322034,0.1864406779661017,66075.1775,48020.871666666666,15783.263333333336,0.010861987917358614,0.9397281742468091,0.10631171946961421,33160.24708318466,15643.626436555172,12
U0429,310014.69,34446.07666666667,35427.17,3646.2928629876956,28638.56,38412.8,9,0.10585509921123176,1,0,632637.65,4651.747426470589,3143.115,4298.469154393524,113.01,17549.9,136,165,39,38,60,28,0.23636363636363636,0.23030303030303031,0.36363636363636365,0.1696969696969697,25834.5575,52719.80416666667,-30354.521666666667,-0.15225112034396965,0.634874386424392,0.08935283627621089,34280.221054349095,21215.680165317888,12
U0430,607393.78,86770.54000000001,61921.44,51518.625039101156,40354.64,166942.07,7,0.5937340604207505,1,0,533184.14,4198.30031496063,3278.76,3616.7188155970252,136.24,17941.17,127,148,34,32,55,27,0.22972972972972974,0.21621621621621623,0.3716216216216216,0.18243243243243243,50616.14833333334,44432.011666666665,4780.364166666673,0.16007510846720727,0.08992489153279275,0.016835016835016835,112904.75551369973,17915.30395631919,12
U0431,1314296.55,34586.75131578947,30764.155,13981.52407071893,9696.67,57108.75,38,0.4042450805241171,1,0,480161.27999999997,3780.7974803149605,1878.97,3756.940929917219,215.63,16486.78,127,188,26,42,89,31,0.13829787234042554,0.22340425531914893,0.4734042553191489,0.16489361702127658,109524.71250000001,40013.44,64977.40666666667,0.5053769427260534,0.37683031808325373,0.039873702006054945,57791.54527003081,16331.430002748466,12
U0432,477335.9,21697.086363636365,19854.55,9285.145104112496,5363.59,39730.77,22,0.4279443307961436,3,1,565469.4400000001,4383.4840310077525,2893.63,4097.084277695146,159.53,17619.15,129,168,34,47,55,32,0.20238095238095238,0.27976190476190477,0.3273809523809524,0.19047619047619047,39777.99166666666,47122.45333333334,-8595.603333333334,-0.11939031484090813,0.841682536183563,0.05273321449792038,33576.34944550942,14343.192427623087,12
U0433,203206.28,853.8078991596639,847.925,206.86083893122824,503.54,1199.66,238,0.24228030583322682,1,0,511922.9,4230.767768595041,2738.77,4058.8769004100727,118.78,16375.63,121,380,265,29,57,29,0.6973684210526315,0.07631578947368421,0.15,0.07631578947368421,16933.856666666667,42660.24166666667,-28064.691666666666,-1.6782284856746117,2.5452448651275366,0.010645604395604394,1728.617826564088,22481.776161784433,12
U0434,1026674.34,114074.92666666667,103965.82,44357.6206590043,47689.78,167759.52,9,0.38884636576291437,1,0,564341.83,3839.0600680272105,2377.13,3817.7487742874446,252.96,17837.1,147,176,31,43,67,35,0.17613636363636365,0.24431818181818182,0.3806818181818182,0.19886363636363635,85556.19499999999,47028.48583333333,36888.9075,0.23747727791814796,0.08988422418952154,0.024184727309727306,143381.71076898475,16168.589921546518,12
U0435,692504.96,23083.498666666666,23800.56,10168.753363885668,6712.16,39486.79,30,0.44052045622398145,3,1,413543.47,3596.030173913043,2586.9,3436.7994251585505,108.25,14629.33,115,162,26,51,58,27,0.16049382716049382,0.3148148148148148,0.35802469135802467,0.16666666666666666,57708.746666666666,34461.95583333333,21385.638333333336,0.019891802401173678,0.9201673692122784,0.10729166666666666,27950.39137442536,17293.93297946866,12
U0436,433511.31,18848.317826086957,17743.31,9006.942174952888,6734.6,35635.8,23,0.477864510671974,3,1,479951.92,3720.557519379845,2278.27,3640.161756665155,140.53,17058.43,129,166,28,35,66,37,0.1686746987951807,0.21084337349397592,0.39759036144578314,0.22289156626506024,36125.9425,39995.99333333333,-6203.844166666667,-0.13952080198620456,0.9179369570886724,0.06130612808244387,24760.746737118236,18132.169994710475,12
U0437,822569.73,21646.571842105262,22261.96,9484.360431232226,7456.77,38260.82,38,0.43814607229325664,3,1,548457.83,4032.7781617647056,2874.2250000000004,3774.8525300292786,132.6,17629.53,136,192,31,52,70,39,0.16145833333333334,0.2708333333333333,0.3645833333333333,0.203125,68547.4775,45704.81916666666,20250.2425,-0.18432173688582124,1.135024759368711,0.09131944444444444,45088.5866561504,22106.670357934734,12
U0438,570521.09,142630.2725,145253.215,14038.650680677674,123497.0,156517.66,4,0.09842686573201125,1,0,511645.41,4373.037692307692,2972.85,3667.987265724376,217.96,14471.63,117,140,29,29,51,31,0.20714285714285716,0.20714285714285716,0.36428571428571427,0.22142857142857142,47543.42416666667,42637.1175,3749.6425000000017,0.16060730694380934,0.088657232217128,0.020833333333333332,95038.91494443789,18959.690200934252,12
U0439,2282147.71,28174.663086419754,29774.02,13467.433458012856,5764.68,48667.29,81,0.4779980302410142,1,0,450845.4,3725.995041322314,2561.74,3513.6044214794874,147.42,17603.68,121,222,54,68,75,25,0.24324324324324326,0.3063063063063063,0.33783783783783783,0.11261261261261261,190178.97583333333,37570.450000000004,149602.5625,0.7757746135622757,0.20638563990333988,0.030012614019966962,47979.61470426059,13873.4224249403,12
U0440,2633684.83,27151.39,25290.7,11845.318212537775,5408.28,49934.75,97,0.43626931116741263,1,0,546316.49,4138.761287878788,3196.2200000000003,3557.2816302874826,161.1,17198.87,132,241,67,62,85,27,0.27800829875518673,0.2572614107883817,0.35269709543568467,0.11203319502074689,219473.73583333334,45526.37416666667,170450.96666666667,0.7716281957134843,0.2116842127817764,0.020359848484848484,68467.8429212838,22074.847551599396,12
U0441,2130201.22,23668.902444444448,24245.905,13340.691954307984,5384.78,49352.48,90,0.5636379627496967,1,0,478649.98,4162.173739130435,2435.03,4075.561734085396,109.78,17918.23,115,218,60,54,75,29,0.27522935779816515,0.24770642201834864,0.3440366972477064,0.13302752293577982,177516.76833333334,39887.49833333333,136464.095,0.7549596349786838,0.2369840793961043,0.016407279314888012,54901.26664938414,10425.089458139684,12
U0442,2398475.86,29249.705609756096,31124.635,12537.964380757683,5266.92,49380.7,82,0.42865266912552125,1,0,564768.86,4518.15088,3122.67,4404.7916843615885,110.58,17486.92,125,226,68,61,67,30,0.3008849557522124,0.26991150442477874,0.29646017699115046,0.13274336283185842,199872.9883333333,47064.07166666666,150383.40166666664,0.6807734285400638,0.30058684399620483,0.02278874269005848,89755.09847153236,10270.419388982951,12
U0443,350665.14,35066.514,35330.119999999995,3207.6284584970253,29511.01,38687.29,10,0.09147269268045935,1,0,448359.31,3767.725294117647,2245.23,3500.5230767995913,130.08,14405.26,119,146,32,28,59,27,0.2191780821917808,0.1917808219178082,0.4041095890410959,0.18493150684931506,29222.095,37363.27583333333,-11096.576666666668,0.01694359881915856,0.616028280143188,0.09485103676280147,30630.935974679855,16436.71146262949,12
U0444,620685.8200000001,103447.63666666667,80810.92,60573.82841029637,41981.19,179802.6,6,0.5855506260184552,1,0,525944.45,4419.701260504201,3353.0,3811.398924971267,108.27,14709.31,119,139,37,34,40,28,0.26618705035971224,0.2446043165467626,0.28776978417266186,0.2014388489208633,51723.81833333333,43828.70416666666,5249.626666666665,0.1804813109208366,0.06499053941067802,0.03049242424242424,97194.04271617117,13296.038880850914,12
U0445,197150.58,868.5047577092511,895.96,198.67503648074887,507.91,1199.11,227,0.22875526554945969,1,0,533118.4,4100.91076923077,2770.55,3578.460774247835,104.5,16900.19,130,375,260,32,45,38,0.6933333333333334,0.08533333333333333,0.12,0.10133333333333333,16429.215,44426.53333333333,-30756.580833333337,-1.8984295480939795,2.7340607659566127,0.012596386241897078,2262.622765386544,7913.633938375344,12
U0446,194497.64,838.3518965517242,846.155,200.4576369768974,501.63,1194.73,232,0.23910918291162914,1,0,564148.66,4241.719248120301,3492.08,3574.90978903974,117.37,17689.74,133,384,272,43,44,25,0.7083333333333334,0.11197916666666667,0.11458333333333333,0.06510416666666667,16208.136666666665,47012.388333333336,-33112.16,-2.1031818167934824,2.9686258103369596,0.01297054979620769,2394.4050265693577,17456.64330456243,12
U0447,203042.18,886.6470742358078,928.64,196.20242611367883,504.37,1192.59,229,0.22128582139943756,1,0,572836.31,4181.2869343065695,2670.53,3914.0901387052454,183.4,17730.64,137,386,266,39,49,32,0.689119170984456,0.10103626943005181,0.12694300518134716,0.08290155440414508,16920.181666666667,47736.35916666667,-31606.904166666664,-1.8911807086425452,2.8371802177668712,0.007876550076216371,2048.5476339052475,14934.794539324761,12
U0448,1619525.43,37663.382093023254,38096.08,14770.42046273058,9347.72,59555.77,43,0.39216925411132014,1,0,519750.68,4060.5521875,2225.175,4362.744992088355,159.35,17254.28,128,193,40,29,87,37,0.20725388601036268,0.15025906735751296,0.45077720207253885,0.19170984455958548,134960.45249999998,43312.556666666664,88646.67416666668,0.5705637583761569,0.3253611058774331,0.030508109040717737,72913.99295624426,18054.67159521543,12
U0449,199246.05,840.7006329113924,849.45,206.71081468478752,501.4,1199.0,237,0.2458792185857368,1,0,412787.14,3589.453391304348,2401.85,3354.607768220722,145.8,17380.61,115,372,261,31,46,34,0.7016129032258065,0.08333333333333333,0.12365591397849462,0.0913978494623656,16603.837499999998,34398.92833333334,-19676.945833333335,-1.200437112075518,2.0921250646531333,0.0075880758807588084,2307.97052630907,14254.793071613003,12
U0450,3042563.59,28171.88509259259,31324.685,13646.792820156046,5441.0,49617.42,108,0.48441177348633596,1,0,505101.73,3946.107265625,2784.465,3315.495033213372,118.0,16055.28,128,258,65,75,82,36,0.25193798449612403,0.29069767441860467,0.3178294573643411,0.13953488372093023,253546.96583333332,42091.81083333333,208434.18000000002,0.8074631304099643,0.18141358563436402,0.017698135198135196,91395.26986130443,11689.212796286278,12
U0451,485394.4,34671.02857142857,36415.104999999996,3418.2590452627906,29070.23,38133.04,14,0.09859122114651316,1,0,645510.7,4514.060839160838,3056.45,3995.1677435511965,101.29,17837.25,143,174,29,42,57,46,0.16666666666666666,0.2413793103448276,0.3275862068965517,0.26436781609195403,40449.53333333333,53792.55833333333,-16330.661666666669,-0.22235216735281424,0.9856702513606977,0.12053343221106379,25171.883011839847,14884.289258876486,12
U0452,716331.37,18367.471025641025,16428.57,9007.858725230693,5335.83,37811.12,39,0.4904245506992065,3,1,643471.22,4563.625673758865,2862.43,4305.565409514146,222.55,17982.66,141,193,36,59,60,38,0.18652849740932642,0.30569948186528495,0.31088082901554404,0.19689119170984457,59694.28083333333,53622.60166666666,3575.246666666664,-0.46990790668080756,1.4198297009046772,0.07060180424151012,31579.18148793182,16358.273858325601,12
U0453,388530.37,129510.12333333334,116593.06,27066.53779653085,111321.96,160615.35,3,0.2089916764797371,1,0,585270.45,4645.003571428571,3041.1800000000003,4498.269745176332,214.88,17754.16,126,146,32,29,52,33,0.2191780821917808,0.19863013698630136,0.3561643835616438,0.22602739726027396,32377.530833333334,48772.537500000006,-18558.6125,0.11243486027785872,0.05258523275808085,0.024382480264833205,76966.8718362656,20819.224349627235,12
U0454,204681.58,842.3110288065843,825.96,199.61419795023932,505.56,1199.78,243,0.2369839538169881,1,0,475179.65,4026.946186440678,2283.235,3806.3141856409893,158.95,17637.91,118,380,270,34,43,33,0.7105263157894737,0.08947368421052632,0.11315789473684211,0.0868421052631579,17056.798333333336,39598.30416666667,-25043.693333333333,-1.52272982888893,2.377992310723363,0.015707251728757105,1831.383744151517,17304.724569520135,12
U0455,93776.43,93776.43,93776.43,0.0,93776.43,93776.43,1,0.0,1,0,521279.38,3670.9815492957746,2296.67,3850.2698988953266,160.19,17371.99,142,154,43,26,46,39,0.2792207792207792,0.16883116883116883,0.2987012987012987,0.2532467532467532,7814.702499999999,43439.948333333334,-37949.51833333333,0.030354669078360087,0.048924589401978025,0.03353443941679236,27070.923552071046,14098.034900119192,12
U0456,1506757.66,39651.51736842105,42990.885,13905.397400232501,12115.0,59661.81,38,0.35069017084594417,1,0,483728.39,3932.751138211382,2330.9,3999.2287628264485,139.16,17824.34,123,179,32,30,90,27,0.1787709497206704,0.16759776536312848,0.5027932960893855,0.15083798882681565,125563.13833333332,40310.699166666665,84413.06416666666,0.5294089586903258,0.37832690417361353,0.01011029411764706,90412.5987761438,15435.596612549049,12
U0457,583562.6,34327.211764705884,34562.08,2869.6151729766716,29558.06,37955.91,17,0.08359592945230454,1,0,510006.79,4112.957983870968,2777.5699999999997,3676.5013163093454,253.6,17573.91,124,154,35,28,64,27,0.22727272727272727,0.18181818181818182,0.4155844155844156,0.17532467532467533,48630.21666666667,42500.565833333334,3680.5124999999994,0.05247280689242339,0.7427084530767032,0.13778744403744403,35392.75529040508,16793.05609899491,12
U0458,201729.95,877.0867391304348,888.225,201.36443745787489,502.59,1199.2,230,0.22958326522814893,1,0,633528.61,4557.759784172662,2893.27,4019.6062364552517,265.61,16225.86,139,382,263,34,58,27,0.6884816753926701,0.08900523560209424,0.1518324607329843,0.07068062827225131,16810.829166666666,52794.050833333335,-38150.68583333333,-2.335818850392582,3.198070216992234,0.013189752252252253,2613.7822782406147,12902.791993959685,12
U0459,434445.21,21722.2605,24722.31,10540.325005490242,6451.51,37844.2,20,0.48523149814404637,3,1,519626.17,4366.606470588235,3011.4,3949.3784119698125,183.0,16765.97,119,155,31,36,62,26,0.2,0.23225806451612904,0.4,0.16774193548387098,36203.7675,43302.18083333333,-8858.903333333334,-0.027845969614869636,0.7609658735337638,0.056469910378579104,25971.160651232192,20464.807494561115,12
U0460,207138.86000000002,870.3313445378152,883.475,198.1718323320198,502.4,1199.68,238,0.22769699560488413,1,0,522292.15,3927.0086466165417,2555.29,3655.23793262424,126.39,16321.6,133,393,267,29,63,34,0.6793893129770993,0.0737913486005089,0.16030534351145037,0.08651399491094147,17261.571666666667,43524.34583333333,-28048.23583333333,-1.6752801472403795,2.57035599716667,0.010218253968253968,2149.1085757792403,20821.766655870422,12
U0461,907524.23,31293.93896551724,34184.03,15983.926717686325,8193.02,59341.62,29,0.5107674919190901,1,0,645886.18,4893.077121212122,3381.34,4165.57553201529,195.58,17330.77,132,175,37,32,80,26,0.21142857142857144,0.18285714285714286,0.45714285714285713,0.14857142857142858,75627.01916666667,53823.848333333335,21147.12833333333,-0.0027449617989976083,0.9950383919908998,0.009837962962962963,37450.05319112631,13440.484990518105,12
U0462,365556.95999999996,33232.450909090905,32438.19,4029.697942830093,28613.46,39339.2,11,0.12125792207904078,1,0,482919.62,4058.148067226891,2434.46,3740.1858948671497,157.89,17797.19,119,147,36,30,54,27,0.24489795918367346,0.20408163265306123,0.3673469387755102,0.1836734693877551,30463.079999999998,40243.301666666666,-11914.945833333337,0.10437963054981014,0.3894091884761875,0.09734843723814311,36004.30277704193,13055.241937269235,12
U0463,2351251.36,31350.01813333333,32131.71,11545.917292688435,5112.49,49741.3,75,0.36829060970819927,1,0,534310.9400000001,4174.3042187500005,2783.1000000000004,3908.8055891267295,120.35,17185.87,128,225,45,60,88,32,0.2,0.26666666666666666,0.39111111111111113,0.14222222222222222,195937.6133333333,44525.91166666666,149536.27666666667,0.7243376880667322,0.2662860330749438,0.017015392015392015,67099.1912937545,19766.57988424025,12
U0464,597978.85,21356.3875,21631.07,9844.638966825445,7758.83,37431.53,28,0.4609692986150136,3,1,583821.41,4230.589927536232,2876.7,3815.3793092553924,188.59,16803.36,138,178,32,36,72,38,0.1797752808988764,0.20224719101123595,0.4044943820224719,0.21348314606741572,49831.57083333333,48651.78416666667,570.3241666666639,-0.5881763428153536,1.5710021359983382,0.05965099715099715,42379.084197943994,13722.615621638119,12
U0465,219221.68,73073.89333333333,56297.56,35352.35831151627,49233.11,113691.01,3,0.48378917146583683,1,0,539716.87,4573.871779661017,2924.2349999999997,3974.9179421309545,158.23,15740.5,118,136,29,32,47,28,0.21323529411764705,0.23529411764705882,0.34558823529411764,0.20588235294117646,18268.47333333333,44976.40583333333,-29877.23833333334,0.07600219965204814,0.0869072417454148,0.04765003515003515,42701.41859502228,14737.560113835581,12
U0466,196164.7,834.7434042553192,811.51,211.9709035999444,503.07,1193.61,235,0.25393540400483333,1,0,488126.51,4001.0369672131146,2868.29,3736.721614239604,134.61,17909.38,122,375,258,36,58,23,0.688,0.096,0.15466666666666667,0.06133333333333333,16347.058333333334,40677.20916666667,-26446.33666666667,-1.647694427184632,2.5136889511767078,0.01087978372461131,2043.359307841483,14175.309986802251,12
U0467,513211.71,32075.731875,32071.145,2929.4568868676415,28077.91,36508.33,16,0.09132938566402209,1,0,695751.9,4607.628476821193,3152.06,3972.7833745050416,196.96,17882.83,151,185,41,30,72,42,0.22162162162162163,0.16216216216216217,0.3891891891891892,0.22702702702702704,42767.6425,57979.325000000004,-19835.46,-0.36243897897315575,1.1093718996659911,0.13157771880682098,29182.905932628106,24818.378201294698,12
U0468,199084.28,840.0180590717299,841.55,194.99814442953704,501.28,1195.58,237,0.23213565747029488,1,0,599194.44,4644.918139534883,3050.49,4237.273043589025,114.88,17546.65,129,384,277,26,49,32,0.7213541666666666,0.06770833333333333,0.12760416666666666,0.08333333333333333,16590.356666666667,49932.869999999995,-33818.519166666665,-2.0580515923961498,3.0260371108390185,0.0054659498207885295,2207.7140133521634,14989.120774467789,12
U0469,620196.86,22149.887857142858,23465.824999999997,10691.16007322469,5984.86,38167.49,28,0.48267332738558416,3,1,575041.77,4228.248308823529,2993.5150000000003,3840.75749113183,152.81,16970.45,136,182,35,59,57,31,0.19230769230769232,0.3241758241758242,0.3131868131868132,0.17032967032967034,51683.07166666666,47920.1475,-36.100000000000364,-0.3659657575768698,1.2139374912606573,0.0853663901458019,32675.89316061191,18278.802515783696,12
U0470,207576.69,872.1709663865546,906.185,207.67939758009442,501.26,1194.56,238,0.23811776083365851,1,0,586817.01,4132.514154929578,2884.6,3673.034757420847,118.37,15309.1,142,397,274,32,52,39,0.690176322418136,0.08060453400503778,0.1309823677581864,0.0982367758186398,17298.0575,48901.4175,-33955.025,-2.017860629368235,2.8971882595601497,0.007391404687419868,2131.4566023267453,17443.876674815834,12
U0471,976716.14,122089.5175,129868.38,38988.57086700253,50960.1,176857.12,8,0.3193441309734272,1,0,496403.36,3971.2268799999997,2895.99,3661.0165221958496,146.27,17657.04,125,145,34,37,45,29,0.23448275862068965,0.25517241379310346,0.3103448275862069,0.2,81393.01166666667,41366.94666666666,37457.64916666667,0.24635862210272208,0.08560024400079162,0.02863247863247863,146316.2570806045,24726.90018592131,12
U0472,692292.23,20978.552424242425,21587.58,9963.660686032403,5952.77,39235.27,33,0.4749451003358354,3,1,504178.89,4201.49075,2653.725,4131.282806382646,299.09,17530.67,120,171,40,41,67,23,0.23391812865497075,0.23976608187134502,0.391812865497076,0.13450292397660818,57691.019166666665,42014.9075,13183.671666666667,0.042855145002421824,0.7841419723972801,0.07871006308506308,38665.13332111679,14072.839211288678,12
U0473,2079642.65,26324.590506329114,24330.82,12538.296863171761,5057.5,49837.86,79,0.47629598873179924,1,0,639481.73,4736.901703703704,3279.68,4013.320615561613,287.52,17582.67,135,232,47,62,83,40,0.2025862068965517,0.2672413793103448,0.3577586206896552,0.1724137931034483,173303.55416666667,53290.144166666665,119573.87166666666,0.6134812110552396,0.3825694815125833,0.017676767676767676,86592.78285163142,21066.032299896462,12
U0474,2646969.26,28462.035053763437,28831.67,12728.022422658307,5149.32,49420.65,93,0.4471929852737401,1,0,514585.12,4149.88,2987.37,3810.56030927617,120.93,17539.02,124,225,64,62,68,31,0.28444444444444444,0.27555555555555555,0.3022222222222222,0.13777777777777778,220580.77166666664,42882.09333333333,176073.60333333336,0.7769071099723375,0.2092743825493628,0.014642220524573465,71992.96766759727,19293.60463998243,12
U0475,680637.47,21269.9209375,21692.525,10226.08017691809,5278.33,39144.27,32,0.4807765955955656,3,1,551891.25,4058.0238970588234,2821.835,3622.6385409430764,102.54,16245.91,136,182,33,59,58,32,0.1813186813186813,0.3241758241758242,0.31868131868131866,0.17582417582417584,56719.78916666666,45990.9375,10728.851666666667,-0.11779821011855264,1.1177982101185526,0.04744397759103641,33700.269889603514,22672.003003830763,12
U0476,562758.19,35172.386875,34706.055,14375.54330678634,10745.94,57674.97,16,0.4087167401483423,1,0,683520.9,5025.888970588236,3208.87,4449.599121341704,127.33,17773.55,136,171,30,27,80,34,0.17543859649122806,0.15789473684210525,0.4678362573099415,0.19883040935672514,46896.51583333333,56960.075000000004,-10838.040833333334,0.011020720242779065,0.6528642482299865,0.011111111111111112,44444.26273766001,17513.689685317335,12
U0477,74242.76,74242.76,74242.76,0.0,74242.76,74242.76,1,0.0,1,0,523954.42,4225.438870967741,2879.575,3961.40080799857,102.48,17927.39,124,143,31,35,52,25,0.21678321678321677,0.24475524475524477,0.36363636363636365,0.17482517482517482,6186.8966666666665,43662.86833333333,-40005.245,0.009000922559093079,0.05845412850132906,0.02538807189542484,21432.03873569039,21557.644047974274,12
U0478,726473.61,22014.351818181818,25465.41,8785.86629964657,6810.36,37820.51,33,0.399097205868685,3,1,454921.8,3822.872268907563,2139.33,3916.621992760728,174.5,17327.74,119,163,32,41,56,34,0.19631901840490798,0.25153374233128833,0.34355828220858897,0.2085889570552147,60539.4675,37910.15,21948.093333333334,0.26021809767257215,0.7312762201706139,0.07595752201015359,23245.96419122336,18301.46734827963,12
U0479,874978.51,23025.750263157894,22120.695,8812.745971557177,8347.81,38673.53,38,0.3827343678637007,3,1,620819.59,4812.55496124031,3428.05,4178.660922206629,105.67,17670.26,129,190,29,58,70,33,0.15263157894736842,0.30526315789473685,0.3684210526315789,0.1736842105263158,72914.87583333334,51734.96583333333,17311.570833333335,-0.005147275079278257,0.9659217450868863,0.10827283691254279,34558.19517105825,14807.466748737064,12
U0480,487591.62,34827.97285714286,35058.91,3473.694915150875,29550.16,39869.98,14,0.09973864770709606,1,0,503362.98,3728.6146666666664,2354.62,3667.9856097468746,126.11,16894.94,135,164,31,36,63,34,0.18902439024390244,0.21951219512195122,0.38414634146341464,0.2073170731707317,40632.635,41946.915,-6932.486666666665,0.0490159229935083,0.6342063351378493,0.13720355044851948,33219.084393366276,17198.619152652132,12
U0481,1035011.22,30441.506470588236,29095.455,14362.139830033319,8494.87,58314.72,34,0.471794648005007,1,0,519557.83999999997,4810.72074074074,3199.7,4388.0149279857305,115.18,17652.37,108,153,26,33,78,16,0.16993464052287582,0.21568627450980393,0.5098039215686274,0.10457516339869281,86250.935,43296.486666666664,41645.636666666665,0.2255555595818556,0.6465623956983788,0.01993839493839494,51750.64825166744,14761.084235602462,12
U0482,531793.24,33237.0775,32461.96,2913.7570228498244,28803.04,39068.23,16,0.08766586120123902,1,0,514529.56,3988.6012403100776,2387.83,3686.304857712363,138.68,17256.55,129,162,36,29,67,30,0.2222222222222222,0.17901234567901234,0.41358024691358025,0.18518518518518517,44316.10333333333,42877.46333333333,-968.5833333333321,-0.00932364482633504,0.7828054248820194,0.11625595265301147,26346.4058877716,15568.863300101924,12
U0483,716941.72,22404.42875,25604.59,10535.016869648833,5486.9,39526.9,32,0.47022028489116613,3,1,462464.77,3919.192966101695,2495.76,3869.109770489584,102.49,17184.09,118,170,22,55,67,26,0.12941176470588237,0.3235294117647059,0.3941176470588235,0.15294117647058825,59745.14333333333,38538.730833333335,17191.01,-0.09383953716663318,1.0125465554319695,0.11153436346934799,30321.860879644493,17574.722179179782,12
U0484,200701.32,846.8410126582279,856.27,187.5031431234516,506.94,1193.26,237,0.2214148114235523,1,0,524553.56,4445.369152542374,3188.335,3930.908379832004,143.12,17762.49,118,374,271,25,50,28,0.7245989304812834,0.06684491978609626,0.13368983957219252,0.0748663101604278,16725.11,43712.79666666667,-27535.435833333333,-1.677585125802409,2.645991686982273,0.004633204633204633,1539.4323303029007,14552.21393934041,12
U0485,640815.91,22097.100344827588,21580.55,10523.631084055705,5766.41,39495.25,29,0.476244888235711,3,1,640548.48,4709.915294117647,3331.6499999999996,3970.2174086401797,172.9,16367.37,136,183,34,37,65,47,0.18579234972677597,0.20218579234972678,0.3551912568306011,0.2568306010928962,53401.325833333336,53379.04,-1320.9575000000004,-1.1254004374617808,2.032927327101449,0.06849876846006876,30637.803319274004,11790.867376699183,12
U0486,259213.15,129606.575,129606.575,46930.387153570875,96421.78,162791.37,2,0.3620988144588411,1,0,503765.01,4062.621048387097,2568.77,3852.0014739008952,111.49,17898.46,124,146,29,31,59,27,0.19863013698630136,0.21232876712328766,0.4041095890410959,0.18493150684931506,21601.095833333333,41980.4175,-23322.729166666668,0.11436894288097958,0.04724495182052705,0.05122692351794519,52396.13249991496,19096.222713828716,12
U0487,2140317.02,26753.96275,28167.879999999997,13313.586906359886,5442.53,49738.2,80,0.4976304643453197,1,0,526399.47,4018.316564885496,2770.56,3931.899316509432,115.25,17466.86,131,226,65,58,75,28,0.28761061946902655,0.25663716814159293,0.33185840707964603,0.12389380530973451,178359.75166666668,43866.6225,131477.07333333333,0.7206072044670209,0.2633806764016139,0.026274651274651274,43958.18689020011,13966.453188411622,12
U0488,209634.3,838.5372,818.9749999999999,209.64531574307128,500.97,1197.7,250,0.2500131368567444,1,0,598632.68,4245.621843971631,2851.61,3730.479158573065,208.05,16115.41,141,407,283,27,62,35,0.6953316953316954,0.06633906633906633,0.15233415233415235,0.085995085995086,17469.524999999998,49886.05666666667,-34060.97083333333,-1.997979320536526,2.899901217642618,0.013595201095201096,1698.4692300608904,22767.79838273518,12
U0489,834077.21,22542.627297297295,23965.41,8253.493697971064,5223.19,37935.9,37,0.3661282950350956,3,1,538431.27,4486.92725,3058.745,3951.874089147098,154.26,16554.55,120,173,29,52,62,30,0.1676300578034682,0.30057803468208094,0.3583815028901734,0.17341040462427745,69506.43416666666,44869.2725,21419.605833333335,0.21851833113384658,0.6666928571623134,0.0903879563419037,42915.88838556658,10116.527306895678,12
U0490,437980.55,33690.81153846154,33250.18,3698.349313042344,28002.31,39952.78,13,0.10977323323958216,1,0,528447.05,4194.024206349207,2967.625,4083.180179802865,419.3,17425.7,126,157,31,27,64,35,0.19745222929936307,0.17197452229299362,0.40764331210191085,0.2229299363057325,36498.379166666666,44037.25416666667,-9721.679166666667,-0.04679341416837653,0.7547691819571122,0.10670593023534199,27376.59828683431,12996.927370774609,12
U0491,212207.34,855.6747580645161,855.505,196.25850616481952,507.29,1199.01,248,0.22936110281988945,1,0,570303.56,4674.619344262295,2885.045,4562.9720538576075,128.63,17914.68,122,385,280,34,40,31,0.7272727272727273,0.08831168831168831,0.1038961038961039,0.08051948051948052,17683.945,47525.29666666667,-30583.560833333337,-1.7345483049642727,2.691128440789331,0.0045343137254901964,1743.103515908544,19400.933120402573,12
U0492,1439261.28,35981.532,35063.72,14101.130524731116,13517.64,59435.43,40,0.39189911437709535,1,0,551502.91,4308.616484375,3212.395,3429.3278240629415,150.63,14556.03,128,183,31,33,86,33,0.16939890710382513,0.18032786885245902,0.46994535519125685,0.18032786885245902,119938.44,45958.575833333336,73408.93000000001,0.26095913683843963,0.7353064052816767,0.008597883597883597,64392.23436882431,8613.806079780463,12
U0493,2377804.55,27020.50625,26311.29,13891.38026615391,5086.32,49831.34,88,0.5141051073443123,1,0,509310.78,4174.678524590164,2423.9300000000003,4145.903320961524,153.73,16817.27,122,230,57,52,80,41,0.24782608695652175,0.22608695652173913,0.34782608695652173,0.1782608695652174,198150.37916666665,42442.565,151846.12833333333,0.728625494566531,0.25437726872023875,0.02759172717696745,78609.2147004042,11278.24408076533,12
U0494,191517.52,829.0801731601731,824.24,200.1397055797153,500.58,1198.68,231,0.2413997006065776,1,0,561028.46,4282.66,2984.4,3948.9000823522406,100.42,17710.16,131,374,269,33,46,26,0.7192513368983957,0.08823529411764706,0.12299465240641712,0.06951871657754011,15959.793333333335,46752.371666666666,-33179.405,-2.1294443670432854,2.977015760506491,0.010829738854920702,2203.5798711408147,12813.41500226713,12
U0495,2444423.85,26569.82445652174,26678.989999999998,12920.898416903328,5083.28,48474.12,92,0.4862997284023007,1,0,618131.87,4233.77993150685,2778.825,3769.9574126389048,206.72,14801.54,146,257,69,71,79,38,0.26848249027237353,0.27626459143968873,0.30739299610894943,0.14785992217898833,203701.98750000002,51510.989166666666,149083.11166666666,0.709867296082157,0.2741446886229156,0.025917230917230916,67583.386063572,17757.223408344642,12
U0496,288555.33,144277.665,144277.665,8725.916882944162,138107.51,150447.82,2,0.060480025670946104,1,0,587289.07,4415.707293233082,3032.65,3955.6320783557285,114.28,15959.9,133,153,33,38,56,26,0.21568627450980393,0.24836601307189543,0.3660130718954248,0.16993464052287582,24046.2775,48940.75583333333,-28471.54666666666,0.09213213430269139,0.07316029067229328,0.04836101398601398,56221.59834236179,15944.535159397494,12
U0497,2646002.53,27852.658210526315,27535.58,13281.586251877749,5797.21,49444.76,95,0.47685165816088093,1,0,614875.03,4423.561366906475,3351.23,3853.40300645204,119.05,17886.98,139,249,65,70,80,34,0.26104417670682734,0.28112449799196787,0.321285140562249,0.13654618473895583,220500.21083333335,51239.58583333334,167328.48,0.7385176570780371,0.25131760288325705,0.010567632850241546,58026.729616538956,12976.77277784529,12
U0498,781465.02,24420.781875,26396.265,8125.546026118925,6501.18,36224.72,32,0.33273078919873544,3,1,488521.16,3939.686774193548,2431.925,3686.9935285476304,105.52,15756.06,124,171,28,56,57,30,0.16374269005847952,0.32748538011695905,0.3333333333333333,0.17543859649122806,65122.085,40710.09666666667,23322.046666666665,0.1857710972320493,0.645308236685583,0.10920742484209978,50342.85350552215,13700.637241514341,12
U0499,2100101.37,26583.56164556962,25412.27,12488.766828738373,5205.23,49956.23,79,0.4697928364621425,1,0,452153.19,3897.872327586207,2484.31,3637.415859188894,168.63,17738.64,116,217,58,50,79,30,0.2672811059907834,0.2304147465437788,0.3640552995391705,0.1382488479262673,175008.4475,37679.4325,134116.52583333335,0.7352497569119173,0.24482617003407614,0.030103451563691836,59788.25278885661,12010.538406493559,12
U0500,492954.98,32863.66533333333,31964.19,3505.5945389005733,28420.06,39635.21,15,0.10667083246325781,1,0,488730.65,4106.9802521008405,2596.76,3949.002999981363,111.72,17433.5,119,158,24,26,71,37,0.1518987341772152,0.16455696202531644,0.44936708860759494,0.23417721518987342,41079.581666666665,40727.55416666666,-3149.460833333332,-0.006236285740307673,0.7804056240515881,0.12587834279010748,30816.270571239067,14101.4648102609,12
U0501,573312.05,20475.430357142857,20881.215,10570.219916186783,5305.34,39992.29,28,0.5162392062982627,3,1,524623.27,4335.729504132231,3110.25,4045.580780924384,219.22,15876.16,121,168,36,50,54,28,0.21428571428571427,0.2976190476190476,0.32142857142857145,0.16666666666666666,47776.00416666667,43718.605833333335,2123.25,-0.3035832591345167,1.1993645466689808,0.08788179413179413,26531.973571632898,18899.50346826097,12
U0502,201862.51,837.60377593361,822.39,201.04013335509134,503.02,1198.02,241,0.2400181793963476,1,0,633417.0,5027.119047619048,3356.285,4177.2971112537225,151.93,15467.89,126,381,266,41,47,27,0.6981627296587927,0.10761154855643044,0.12335958005249344,0.07086614173228346,16821.875833333335,52784.75,-39663.4425,-2.421728914270616,3.206698326353099,0.012593119685150046,1690.3877804352164,16813.39559785968,12
U0503,208102.06,829.0918725099601,804.55,202.89332666817728,504.98,1197.45,251,0.24471754385186048,1,0,517380.66,4275.873223140496,2702.94,3792.7672258089287,253.21,17175.43,121,386,280,32,42,32,0.7253886010362695,0.08290155440414508,0.10880829015544041,0.08290155440414508,17341.838333333333,43115.055,-26968.463333333333,-1.5487390168756867,2.486956549032934,0.005050505050505051,1976.604092412648,18033.375859511416,12
U0504,314453.15,104817.71666666667,93819.1,58278.63525071459,52822.05,167812.0,3,0.5559998548341581,1,0,559120.45,4334.267054263565,2858.31,4206.514584640078,119.17,17916.23,129,157,32,22,63,40,0.20382165605095542,0.14012738853503184,0.4012738853503185,0.25477707006369427,26204.42916666667,46593.37083333333,-23901.9475,0.12096355205370535,0.12903644794629468,0.038577741702741704,53523.991680538835,24522.393448543186,12
U0505,200678.38,846.7442194092827,864.23,200.0055285865168,502.14,1199.56,237,0.23620536639275483,1,0,523318.44,4324.945785123967,2784.55,4274.603422912421,109.51,17879.72,121,383,258,33,57,35,0.6736292428198434,0.08616187989556136,0.14882506527415143,0.09138381201044386,16723.198333333334,43609.87,-28572.7,-1.690859280843221,2.5864486963648705,0.01290885040885041,1799.4976885576282,16931.741481697518,12
U0506,389727.02999999997,129909.01,140160.44,28352.137250741787,97857.01,151709.58,3,0.21824611896235518,1,0,619546.17,4840.204453125,2442.37,4836.488616467873,131.27,17472.3,128,150,27,30,55,38,0.18,0.2,0.36666666666666664,0.25333333333333335,32477.252500000002,51628.8475,-20582.95583333333,0.11311631708122034,0.053550349585446334,0.020179738562091504,78050.58965993195,18784.006963546566,12
U0507,2470282.0,28071.386363636364,28092.295,13198.334535742486,6615.83,49875.4,88,0.4701703850594138,1,0,497480.81,4441.792946428572,2814.4700000000003,4182.437866120418,285.58,17805.06,112,221,67,44,85,25,0.3031674208144796,0.19909502262443438,0.38461538461538464,0.11312217194570136,205856.83333333334,41456.73416666667,162717.6625,0.7652729738390867,0.22741005171016546,0.027902802535155476,71173.23060520647,14494.762677203264,12
U0508,2138493.0,30119.61971830986,33045.76,11685.681080093214,5184.68,47393.01,71,0.38797571780062795,1,0,518481.23,4356.98512605042,2882.09,3978.9086576067234,182.83,17116.79,119,207,58,53,76,20,0.28019323671497587,0.2560386473429952,0.3671497584541063,0.0966183574879227,178207.75,43206.769166666665,131837.37083333332,0.6854668706212487,0.2969479343192179,0.029901960784313727,85538.13320943485,11600.315277359301,12
U0509,602315.67,20769.505862068967,21141.57,8714.450172316634,5390.19,35359.68,29,0.419579080513018,3,1,646364.98,4823.619253731343,3111.26,4382.5849321219775,103.28,17422.42,134,185,26,47,72,40,0.14054054054054055,0.25405405405405407,0.3891891891891892,0.21621621621621623,50192.972499999996,53863.74833333333,-5774.297500000003,-0.39709236402907516,1.3176561968211236,0.07585098366832113,22542.7002380622,21226.76683446156,12
U0510,610630.5499999999,21056.225862068964,20486.6,9616.43774890218,5706.45,39108.2,29,0.4567028209089166,3,1,585089.29,4535.5758914728685,3197.32,3922.7323825953126,192.0,16041.77,129,178,26,43,63,46,0.14606741573033707,0.24157303370786518,0.3539325842696629,0.25842696629213485,50885.87916666667,48757.440833333334,-562.2741666666685,-0.7096089688496404,1.5761896100115111,0.055711173358232176,37510.09823759281,14502.331860958499,12
U0511,406763.06,33896.92166666667,34136.295,4296.931274929782,29049.6,39652.12,12,0.12676464598126827,1,0,573076.72,4035.7515492957746,2599.385,3977.556989432152,161.27,17362.21,142,174,30,35,71,38,0.1724137931034483,0.20114942528735633,0.40804597701149425,0.21839080459770116,33896.92166666667,47756.39333333333,-16752.575833333332,-0.1617653860265522,0.8633651496914245,0.09824129438100027,26705.71855306814,15437.488158412732,12
U0512,1191676.83,38441.18806451613,39965.85,14519.88880602498,11218.37,59072.54,31,0.37771696290073403,1,0,617583.24,4574.690666666666,3258.44,4107.383361103932,155.43,16379.39,135,179,31,37,74,37,0.17318435754189945,0.20670391061452514,0.4134078212290503,0.20670391061452514,99306.40250000001,51465.27,47442.3475,0.3007920604471135,0.610529063978029,0.011965811965811965,64991.57852108436,18971.758201882367,12
U0513,847565.86,29226.40896551724,25756.58,15478.78959565922,9966.91,59363.12,29,0.5296165400929639,1,0,646901.15,5053.915234375,3431.785,4691.621142911322,171.37,17886.13,128,177,32,28,80,37,0.1807909604519774,0.15819209039548024,0.4519774011299435,0.20903954802259886,70630.48833333333,53908.42916666667,14961.721666666666,-0.29177586639141684,1.1686518064476248,0.01449625902992776,51921.44194941445,13591.067088343161,12
U0514,205241.86,869.6688983050847,876.67,200.37179344444365,505.61,1199.74,236,0.23040009115532625,1,0,520544.36,4098.774488188977,2703.48,3963.5778427290356,385.12,17604.8,127,370,268,34,32,36,0.7243243243243244,0.0918918918918919,0.08648648648648649,0.0972972972972973,17103.48833333333,43378.69666666666,-28448.632499999996,-1.6614542692011032,2.524209991859897,0.008698092031425365,2186.3770057826605,17115.987114437954,12
U0515,2686346.46,29520.290769230767,30416.38,13405.144678414932,5459.68,49874.7,91,0.45409934418353426,1,0,409368.64,3590.9529824561405,2327.24,3618.148948106346,129.67,17664.0,114,219,57,68,66,28,0.2602739726027397,0.3105022831050228,0.3013698630136986,0.1278538812785388,223862.205,34114.05333333334,188196.6416666667,0.8284542497536839,0.16462462551938264,0.008417508417508417,53885.59885931954,11843.472812823053,12
U0516,275330.08,91776.69333333334,67203.83,51236.4285517661,57455.16,150671.09,3,0.5582727672010929,1,0,637224.44,4425.169722222222,3340.56,3970.360994426259,161.67,17544.16,144,170,35,31,68,36,0.20588235294117646,0.18235294117647058,0.4,0.21176470588235294,22944.17333333333,53102.036666666674,-31601.864166666666,0.07547461587216493,0.09119205079450173,0.015756302521008403,63570.54427686934,15438.529126574753,12
U0517,770035.21,20811.76243243243,20725.19,8799.496897018036,5680.44,35534.64,37,0.4228136336644494,3,1,565277.38,4218.487910447761,2466.3,4032.060785274198,116.26,16030.52,134,185,28,59,61,37,0.15135135135135136,0.31891891891891894,0.32972972972972975,0.2,64169.60083333334,47106.448333333334,12200.551666666666,-0.05040437109991036,0.8575361743861762,0.07320313809284397,43832.02488013747,12455.053075175287,12
U0518,210106.44,857.577306122449,848.09,190.94604638163855,501.99,1196.82,245,0.2226575318847982,1,0,545031.12,4431.147317073171,2913.92,4007.9306255143915,322.23,15844.11,123,387,263,38,49,37,0.6795865633074936,0.09819121447028424,0.12661498708010335,0.09560723514211886,17508.87,45419.26,-31093.117499999997,-1.7787786973725357,2.595879086763154,0.01604876378160692,1476.180198836294,20826.281747182722,12
U0519,407850.49,135950.16333333333,122171.58,32896.515425926715,112183.4,173495.51,3,0.24197481355920436,1,0,518532.68,4285.394049586776,2885.27,3930.0113884371845,118.0,14297.67,121,139,27,33,50,29,0.19424460431654678,0.23741007194244604,0.3597122302158273,0.20863309352517986,33987.54083333333,43211.056666666664,-11957.264166666666,0.1225998440378943,0.04406682262877237,0.0478021978021978,80431.28826870033,20062.237828491405,12
U0520,869330.98,36222.12416666667,36670.44,11728.241100047475,13447.09,57948.15,24,0.32378667374897807,1,0,492914.08,3762.7029007633587,2269.38,3852.2781764212614,164.97,17998.37,131,170,35,35,76,24,0.20588235294117646,0.20588235294117646,0.4470588235294118,0.1411764705882353,72444.24833333334,41076.17333333333,29426.365,0.28186751983471076,0.6136642855570716,0.019422162804515745,49494.275916482926,16224.827422018354,12
U0521,1037550.38,35777.59931034483,36926.45,14921.608717954721,8226.46,57432.31,29,0.41706567812223916,1,0,501398.31,3886.8086046511626,2775.63,3462.2730463959074,133.75,15866.33,129,177,32,35,77,33,0.1807909604519774,0.1977401129943503,0.4350282485875706,0.1864406779661017,86462.53166666666,41783.1925,43200.9575,0.419661457259477,0.4823722321880984,0.01745014245014245,41825.35055632602,18367.321115501018,12
U0522,630000.38,22500.01357142857,23105.14,9883.851851062032,5192.61,39986.5,28,0.43928203952787603,3,1,534987.83,4022.4648872180446,2939.59,3815.3252819560157,144.81,16765.34,133,180,31,41,72,36,0.17222222222222222,0.22777777777777777,0.4,0.2,52500.03166666667,44582.31916666666,5686.828333333331,-0.0028096441313014606,0.884574273250515,0.0721968831392206,30008.953779065778,20301.952685739576,12
U0523,536640.97,20640.037307692306,19166.625,9568.793720154095,7985.41,38764.96,26,0.4636035089233058,3,1,515899.63,3968.458692307692,2772.325,3440.317381818495,170.85,15820.98,130,175,28,42,67,38,0.16,0.24,0.38285714285714284,0.21714285714285714,44720.08083333333,42991.635833333334,-497.35583333333307,-0.6303756001155494,1.4500348882937921,0.04349323062558356,41882.68224312578,12597.386331994325,12
U0524,721633.51,31375.37,26157.45,14949.703025645389,10412.82,54698.37,23,0.476478939551801,1,0,606361.72,4525.087462686567,3169.83,3907.840711563088,126.78,14776.36,134,175,38,39,80,18,0.21714285714285714,0.22285714285714286,0.45714285714285713,0.10285714285714286,60136.12583333333,50530.14333333333,6057.945833333335,-0.23827524637092798,1.103808065139624,0.04074636377267956,43111.068229153585,13543.965474887083,12
U0525,759671.75,22343.28676470588,21980.77,9535.45441100538,7449.31,38866.48,34,0.4267704439110483,3,1,570847.13,4228.497259259259,2961.1,3637.6831832979083,151.88,15792.72,135,184,27,60,60,37,0.14673913043478262,0.32608695652173914,0.32608695652173914,0.20108695652173914,63305.979166666664,47570.59416666667,12821.737499999997,-0.11542009164030405,0.9463646166248859,0.08171995989333451,43806.668614899565,17178.06731706846,12
U0526,179173.46,833.3649302325581,824.43,194.48432644214287,500.29,1195.39,215,0.23337234311968258,1,0,607697.5,4340.696428571428,3017.27,3977.646266607996,184.33,17491.2,140,367,247,34,46,40,0.6730245231607629,0.09264305177111716,0.12534059945504086,0.10899182561307902,14931.121666666666,50641.458333333336,-38052.40666666667,-2.7226848456938644,3.5295040995939684,0.012097894265232974,2708.5767658976556,19387.2088019999,12
U0527,516430.1,34428.67333333333,35209.43,4127.633921748229,28233.65,39602.32,15,0.1198894271000537,1,0,490040.27,4083.668916666667,2828.87,3896.0111479338543,118.3,17612.92,120,149,20,34,64,31,0.1342281879194631,0.22818791946308725,0.42953020134228187,0.2080536912751678,43035.84166666667,40836.68916666667,777.5674999999986,0.11714831267798143,0.5264322432217342,0.10984559422059421,37482.32938331386,13465.374025815221,12
U0528,184534.08,838.7912727272727,834.635,203.68830117115033,500.88,1197.41,220,0.2428355036514289,1,0,686493.25,4638.467905405405,3150.565,4321.726858900642,112.52,17749.72,148,383,254,37,55,37,0.6631853785900783,0.09660574412532637,0.14360313315926893,0.09660574412532637,15377.839999999998,57207.770833333336,-46210.7775,-3.0913813432903603,3.7884985071679007,0.021192867291371348,2609.620663548283,25282.542035587063,12
U0529,2252623.08,25892.21931034483,24651.47,12946.708934251672,5372.68,49643.62,87,0.5000231451414834,1,0,511342.83,4090.74264,2479.37,3831.072197782602,198.17,16860.1,125,229,62,69,64,34,0.27074235807860264,0.30131004366812225,0.2794759825327511,0.14847161572052403,187718.59,42611.902500000004,143271.59833333333,0.7411522533748411,0.24962044956199614,0.01608937518420277,69054.71582139445,14556.755601594325,12
U0530,192744.91,830.797025862069,824.175,196.14333422367494,500.08,1195.45,232,0.2360905589667327,1,0,570888.69,4324.914318181818,2837.205,3870.9376574841062,296.57,17169.62,132,381,266,28,57,30,0.6981627296587927,0.07349081364829396,0.14960629921259844,0.07874015748031496,16062.075833333334,47574.057499999995,-34690.99166666667,-2.215028351533378,3.0210714052888696,0.009457671957671956,2251.965998913589,14098.505752536092,12
U0531,203721.86,863.228220338983,891.67,202.79558953251563,500.8,1199.36,236,0.23492696920042697,1,0,598952.05,4950.016942148761,3323.24,4373.300157417898,126.08,17997.62,121,370,266,33,35,36,0.7189189189189189,0.0891891891891892,0.0945945945945946,0.0972972972972973,16976.821666666667,49912.67083333334,-34987.715000000004,-2.1512469051544447,3.034500015428423,0.010768980123818833,2050.3043056307233,23013.48495752849,12
U0532,197800.46,838.1375423728813,832.45,205.28384630124265,501.02,1196.63,236,0.24492858978737092,1,0,526829.89,4115.858515625,2306.46,3984.363903732771,133.73,16677.24,128,384,268,30,55,31,0.6979166666666666,0.078125,0.14322916666666666,0.08072916666666667,16483.371666666666,43902.49083333334,-29288.781666666666,-1.7954054845624512,2.684198943122985,0.0053030303030303025,1906.475525526969,12461.53587042979,12
U0533,326034.39,108678.13,116021.56,53458.50207767985,51927.54,158085.29,3,0.49189751496165646,1,0,542780.43,4485.7886776859505,3013.75,4052.4151103062286,147.84,17404.83,121,134,31,30,46,27,0.23134328358208955,0.22388059701492538,0.34328358208955223,0.20149253731343283,27169.5325,45231.70250000001,-18885.57416666667,0.13847891274844362,0.1115210872515564,0.013986013986013986,54180.02714389621,13544.261163240202,12
U0534,2408494.36,25897.7888172043,23776.7,13138.92330468536,6168.79,49749.28,93,0.5073376494582028,1,0,516307.65,3941.2797709923666,2664.99,3726.552617162092,101.95,16873.56,131,238,60,62,86,30,0.25210084033613445,0.2605042016806723,0.36134453781512604,0.12605042016806722,200707.8633333333,43025.637500000004,154733.68916666668,0.7388051931834182,0.2477753543382457,0.0203663620330287,76516.62968398609,13645.161324694836,12
U0535,1219798.13,35876.41558823529,40464.065,17796.18166123815,9507.64,59992.04,34,0.496041239612408,1,0,474514.47,4126.212782608695,2325.44,4064.053715704622,116.63,17867.47,115,166,25,35,76,30,0.15060240963855423,0.21084337349397592,0.4578313253012048,0.18072289156626506,101649.84416666666,39542.8725,61790.1675,0.49251089427815486,0.4223098233174807,0.009068627450980393,55428.15807961911,18542.451126685744,12
U0536,326697.02,36299.66888888889,36961.28,2084.6155609095204,31400.71,38323.24,9,0.05742794975046201,1,0,543596.44,4246.8471875,3242.505,3865.5623577884608,134.93,17166.86,128,157,24,39,63,31,0.15286624203821655,0.2484076433121019,0.4012738853503185,0.19745222929936307,27224.751666666667,45299.70333333333,-19611.106666666667,-0.19473524601802897,0.8195610854310563,0.07933500323206205,22863.155445738787,18935.990337308063,12
U0537,149441.09000000003,74720.54500000001,74720.54500000001,3134.880132644633,72503.85,76937.24,2,0.04195472788166404,1,0,521688.77,4383.9392436974795,2746.66,4015.239436760344,127.84,17224.08,119,138,27,26,45,40,0.1956521739130435,0.18840579710144928,0.32608695652173914,0.2898550724637681,12453.42416666667,43474.06416666667,-32643.49,0.09079764602987288,0.0758690206367938,0.022035256410256412,29100.287224357417,16487.320660575097,12
U0538,2295008.53,26379.408390804594,24997.67,13257.542440576539,5361.47,49563.27,87,0.502571636337299,1,0,437390.01,4205.673173076923,3091.465,3717.5361822774853,235.74,16597.76,104,207,56,54,65,32,0.27053140096618356,0.2608695652173913,0.3140096618357488,0.15458937198067632,191250.71083333335,36449.1675,152538.36916666667,0.7736126670392981,0.2123697716021292,0.01963776963776964,70457.3442516104,10422.386421750689,12
U0539,668042.62,24742.31925925926,28199.62,11661.914385662521,6156.4,39803.78,27,0.47133473072853954,3,1,588785.13,4117.378531468532,2651.08,3978.4185251851723,168.74,17940.65,143,183,39,42,67,35,0.21311475409836064,0.22950819672131148,0.366120218579235,0.1912568306010929,55670.21833333333,49065.4275,5314.3291666666655,-0.12216115158899533,0.9997272765456132,0.0863095238095238,34839.84351161125,18566.689553440556,12
U0540,193740.28,846.027423580786,840.03,200.04769462643276,502.99,1197.55,229,0.23645533117559808,1,0,485896.73,3918.522016129032,2818.71,3654.521389076975,113.69,17623.41,124,367,262,38,38,29,0.7138964577656676,0.10354223433242507,0.10354223433242507,0.07901907356948229,16145.023333333333,40491.394166666665,-25477.281666666666,-1.6614343200875563,2.5998786555492535,0.009985076651743318,2828.285011883071,14252.917590590778,12
U0541,415046.36,34587.19666666666,34367.4,3412.4226479926747,29517.68,39844.03,12,0.0986614405578984,1,0,546081.21,4333.977857142857,2700.745,4217.129004125458,100.4,17980.01,126,152,26,27,63,36,0.17105263157894737,0.17763157894736842,0.4144736842105263,0.23684210526315788,34587.19666666666,45506.767499999994,-11772.54916666667,0.16815796628474697,0.3305751036110491,0.08229396699791437,41643.93277972682,23562.158402732483,12
U0542,560269.99,112053.99799999999,143497.12,57536.61581577744,47364.37,168906.5,5,0.5134722262723499,1,0,542877.91,4208.355891472868,2351.3,4100.859010527477,136.5,17258.2,129,148,29,35,54,30,0.19594594594594594,0.23648648648648649,0.36486486486486486,0.20270270270270271,46689.16583333333,45239.825833333336,-1507.4683333333317,0.1225600141980379,0.10966650253553262,0.024089635854341734,105722.46917539736,13531.12343284478,12
U0543,201123.29,848.621476793249,839.94,200.49520278701544,510.7,1198.58,237,0.23625987353589262,1,0,489033.11,3790.954341085271,2131.6,4041.606551252593,219.43,17859.32,129,387,268,35,55,29,0.6925064599483204,0.09043927648578812,0.1421188630490956,0.07493540051679587,16760.274166666666,40752.75916666666,-28399.9325,-1.7326983112035308,2.4844069655282977,0.019021463376302086,1592.1633161460104,16050.035776010232,12
U0544,197049.07,856.7350869565217,847.53,201.73556120524677,500.89,1196.33,230,0.23547017540964166,1,0,511668.0,4373.2307692307695,2933.47,4118.38168071014,169.46,17452.47,117,364,258,41,39,26,0.7087912087912088,0.11263736263736264,0.10714285714285714,0.07142857142857142,16420.755833333333,42639.0,-27094.069999999996,-1.6810132152050958,2.6193262273824804,0.008742528350371488,2429.086897878439,18375.55259708102,12
U0545,1261603.25,140178.13888888888,151496.65,37070.9502190696,71221.43,179370.85,9,0.2644560022904399,1,0,593202.7,4460.170676691729,2937.26,4130.427277014431,198.4,17767.67,133,157,41,35,54,27,0.2611464968152866,0.2229299363057325,0.34394904458598724,0.17197452229299362,105133.60416666667,49433.55833333334,53591.605833333335,0.28306142871673917,0.048117487971320455,0.024652777777777777,167457.9323558784,20056.874785641157,12
U0546,707891.67,117981.945,115387.60500000001,16612.29302826404,99703.17,143615.7,6,0.1408036884649091,1,0,580233.96,4605.0314285714285,3297.9700000000003,3890.4758693199906,145.75,17391.21,126,158,31,27,64,36,0.1962025316455696,0.17088607594936708,0.4050632911392405,0.22784810126582278,58990.972499999996,48352.829999999994,6447.877499999998,0.1993342438485991,0.048399862389107616,0.05103750416250416,107036.4545136486,19998.51411425177,12
U0547,197782.68,848.8527038626609,843.18,211.89782308970894,501.65,1199.4,233,0.2496284951741082,1,0,601319.14,4205.028951048951,2872.37,3873.5736001562905,127.01,17583.34,143,396,264,40,57,35,0.6666666666666666,0.10101010101010101,0.14393939393939395,0.08838383838383838,16481.89,50109.92833333334,-36436.49916666667,-2.283597674966974,3.107982341633661,0.010156476383656911,3141.444501953607,20611.913052412117,12
U0548,636331.7000000001,21942.472413793104,23569.27,10149.965524404737,5113.5,37234.94,29,0.46257164338620466,3,1,573887.55,4518.799606299213,3029.77,4125.009920169389,146.51,16384.3,127,173,28,45,59,41,0.16184971098265896,0.26011560693641617,0.34104046242774566,0.23699421965317918,53027.64166666666,47823.9625,3856.6333333333328,-0.40460463665132673,1.3717115324751268,0.07477442864439769,32617.529122842083,19826.42197093892,12
U0549,204835.91,846.4293801652892,842.13,198.11898895426836,504.45,1195.47,242,0.2340644046589924,1,0,510575.13,4363.89,2602.1,4002.1276124753854,112.51,16431.09,117,378,271,25,54,28,0.716931216931217,0.06613756613756613,0.14285714285714285,0.07407407407407407,17069.659166666668,42547.9275,-29348.6425,-1.7413561060667782,2.498793028038317,0.01871947869931741,1552.4605892491984,12341.165292559495,12
U0550,2700300.29,28128.128020833334,29073.25,11906.155559169658,5003.59,49955.89,96,0.4232828985402535,1,0,649942.4,4545.051748251748,3056.92,4254.767388890401,107.94,16884.81,143,250,73,73,69,35,0.292,0.292,0.276,0.14,225025.02416666667,54161.86666666667,170542.295,0.6792273869554917,0.31975487541076003,0.003787878787878788,98155.01591616873,22484.490376364825,12
U0551,202863.78,834.8303703703704,811.9,200.72392754404055,514.23,1196.84,243,0.24043678173206598,1,0,584651.85,4913.040756302521,3594.35,4520.196680616288,111.36,17861.14,119,371,276,26,41,28,0.7439353099730458,0.07008086253369272,0.1105121293800539,0.07547169811320754,16905.315,48720.987499999996,-32040.985,-2.0152965140396053,2.997745476303462,0.002976190476190476,2454.20669379037,21570.29930152027,12
U0552,1167099.58,129677.73111111112,134488.21,32915.85727799803,83334.01,172955.68,9,0.25382813992785624,1,0,599932.06,4650.636124031008,3484.75,3927.3171494500593,102.15,17871.33,129,152,36,31,56,29,0.23684210526315788,0.20394736842105263,0.3684210526315789,0.19078947368421054,97258.29833333334,49994.33833333334,43109.857500000006,0.25461633514430587,0.07165013887006733,0.046305002187355136,154167.01968968534,18533.948190932246,12
U0553,211252.87,845.01148,837.9449999999999,203.56831402778286,503.64,1194.75,250,0.24090597447005438,1,0,462133.65,4279.015277777778,2624.5150000000003,4484.7723229432995,189.1,17348.38,108,386,272,29,56,29,0.7046632124352331,0.07512953367875648,0.14507772020725387,0.07512953367875648,17604.405833333334,38511.137500000004,-23079.994166666667,-1.3369798424173027,2.2144781219521628,0.015948267747959398,1948.703746995368,15265.273217633023,12
U0554,324303.99,32430.398999999998,31115.83,3324.5808258667907,28624.02,38100.54,10,0.10251433619015267,1,0,533013.59,4196.957401574803,2738.54,3686.968101157255,124.89,15459.83,127,154,24,37,51,42,0.15584415584415584,0.24025974025974026,0.33116883116883117,0.2727272727272727,27025.3325,44417.799166666664,-18194.709166666667,-0.11196204675922944,0.6702113973734075,0.07978810405280994,30063.775655841466,12405.080470973802,12
U0555,438857.69,109714.4225,121795.23,39528.107295891255,52336.91,142930.32,4,0.36028177877791095,1,0,676435.02,4697.465416666667,2990.1499999999996,4370.486581138824,101.9,17810.38,144,173,32,46,66,29,0.18497109826589594,0.2658959537572254,0.3815028901734104,0.1676300578034682,36571.47416666667,56369.585,-23819.97916666666,0.12091318688704646,0.10855016291516373,0.03167892156862745,68588.24556913054,12779.599643543754,12
U0556,2681548.12,28226.822315789475,29592.7,12155.607244724592,5290.08,49729.13,95,0.4306403005174623,1,0,602881.51,4567.284166666666,3162.69,4250.469237603694,177.63,17340.7,132,247,70,57,87,33,0.2834008097165992,0.23076923076923078,0.3522267206477733,0.13360323886639677,223462.34333333335,50240.12583333333,169184.12333333332,0.755771083468806,0.22476411599892335,0.03401198703830283,61338.1082115548,27526.210447236866,12
U0557,586436.66,20944.16642857143,17065.73,9715.792862800547,6824.34,38220.69,28,0.4638901670274421,3,1,609578.21,4449.475985401459,3117.78,3798.938386602518,135.66,17166.97,137,184,36,55,55,38,0.1956521739130435,0.29891304347826086,0.29891304347826086,0.20652173913043478,48869.72166666667,50798.184166666666,-4566.680833333333,-0.3642483398019443,1.2052966263549079,0.06019199346405229,30724.36866005278,12116.307595469281,12
U0558,1084947.22,36164.90733333333,36582.505,16778.812661212607,10777.44,59857.75,30,0.46395287305900307,1,0,509900.77999999997,4214.056033057851,2449.33,4333.8170330419025,123.25,17700.94,121,177,32,23,85,37,0.1807909604519774,0.12994350282485875,0.480225988700565,0.20903954802259886,90412.26833333333,42491.73166666667,44181.519166666665,0.09169230792461347,0.725574138489706,0.045673689056041994,72309.99183296114,16994.606317017086,12
U0559,2735578.18,26819.39392156863,25316.925,13141.887501929794,5393.15,49642.13,102,0.49001433590789895,1,0,520614.46,3974.156183206107,2515.8,3699.8876101174615,224.7,15543.85,131,259,49,75,99,36,0.1891891891891892,0.28957528957528955,0.38223938223938225,0.138996138996139,227964.84833333336,43384.53833333333,181486.50333333333,0.7836833845186516,0.20131981510568756,0.01934419746919747,57479.31754379529,20059.20755986221,12
U0560,637919.08,106319.84666666666,105255.975,41356.62731481892,64426.43,178882.18,6,0.38898313542983154,1,0,535804.91,3998.544104477612,2411.8,3873.31058639661,138.18,17534.59,134,157,31,43,58,25,0.19745222929936307,0.27388535031847133,0.36942675159235666,0.1592356687898089,53159.92333333333,44650.40916666667,6560.422500000001,0.19928811778089892,0.046109722846278234,0.013986013986013986,97433.8650703778,13085.309034229227,12
U0561,866333.66,108291.7075,104910.625,50195.789481308304,51190.35,175617.59,8,0.4635238527502976,1,0,633483.06,5108.73435483871,3398.92,4161.910509362285,106.35,17764.5,124,152,25,27,61,39,0.16447368421052633,0.17763157894736842,0.40131578947368424,0.2565789473684211,72194.47166666666,52790.255000000005,15547.566666666666,0.20574473542530747,0.04380153383102339,0.042807539682539676,131000.25345166396,17489.000491204075,12
U0562,846075.35,31336.124074074072,34289.77,15736.986362563015,9420.85,59762.08,27,0.5021995166142135,1,0,420116.24,3963.360754716981,2545.255,3887.353047274909,119.15,17690.33,106,144,21,32,63,28,0.14583333333333334,0.2222222222222222,0.4375,0.19444444444444445,70506.27916666666,35009.68666666667,35058.79416666667,0.2228331397024693,0.7741390124752425,0.005555555555555556,42032.284133009525,12862.142258486077,12
U0563,2111021.56,25131.20904761905,24153.78,12582.412064581911,5049.13,49326.12,84,0.5006687915706935,1,0,525784.46,4274.670406504065,2579.83,3847.141093519732,206.61,17063.15,123,225,49,63,84,29,0.21777777777777776,0.28,0.37333333333333335,0.1288888888888889,175918.46333333335,43815.371666666666,130980.44333333334,0.7127686366641431,0.28079070077382745,0.015811051693404635,56386.648162822334,15988.064332436375,12
U0564,203561.67,869.9216666666667,900.905,207.20262286492175,501.74,1196.12,234,0.23818538013758525,1,0,592783.62,3925.7193377483445,2393.46,3921.7909395118054,106.96,17804.59,151,403,276,35,59,33,0.684863523573201,0.08684863523573201,0.14640198511166252,0.08188585607940446,16963.4725,49398.635,-34743.005833333336,-2.043446276487559,2.9191420974455156,0.009663732917409388,1652.636515968156,14719.37017565784,12
U0565,699988.99,24137.551379310346,26214.43,10263.355315157738,5087.11,39867.68,29,0.4252028366040077,3,1,480804.09,4006.7007500000004,2555.535,3788.3452352359236,207.67,15974.22,120,163,23,32,68,40,0.1411042944785276,0.19631901840490798,0.4171779141104294,0.24539877300613497,58332.41583333333,40067.0075,16128.410833333333,-0.239468714026866,1.1986273644208532,0.10348693703956861,37116.39788428717,18489.39847748833,12
U0566,2407221.21,27669.209310344828,27331.37,13535.946782472407,5494.34,49452.81,87,0.48920612911810435,1,0,482847.01,3743.00007751938,2370.83,3752.3794433620915,169.62,17462.07,129,240,56,60,94,30,0.23333333333333334,0.25,0.39166666666666666,0.125,200601.7675,40237.25083333333,155497.39833333335,0.7456744624993364,0.22038866262581272,0.029485983018591715,59285.939104978825,14762.471689221997,12
U0567,936973.62,22853.01512195122,22296.5,9544.123872001852,8108.64,39155.69,41,0.4176308386911426,3,1,527598.8,4121.865625,2648.88,3726.9227392488724,118.31,15812.89,128,188,29,52,78,29,0.15425531914893617,0.2765957446808511,0.4148936170212766,0.15425531914893617,78081.135,43966.56666666667,31337.833333333332,0.2660474467104089,0.6778712719997446,0.11146978021978021,32786.23913102777,13728.641012501985,12
U0568,2502317.15,26340.180526315788,24499.76,13167.676800155607,5474.67,49523.51,95,0.4999083733310075,1,0,582469.7,4346.788805970149,3411.905,3697.8879285557,168.51,17988.9,134,251,65,52,97,37,0.2589641434262948,0.20717131474103587,0.38645418326693226,0.14741035856573706,208526.42916666667,48539.14166666666,156039.92666666667,0.5633699199839811,0.4099084135450435,0.0210756019579549,108564.6053256433,13106.958401510406,12
U0569,511394.32,22234.535652173912,25882.65,11437.755176228191,5010.91,39076.14,23,0.5144139439273561,3,1,625063.92,4252.135510204082,2757.56,4036.161032882165,131.92,14864.65,147,189,47,46,60,36,0.24867724867724866,0.24338624338624337,0.31746031746031744,0.19047619047619047,42616.193333333336,52088.66,-10946.800000000001,-0.9037008859323943,1.720991769096327,0.06697733918128655,32629.30621458411,17876.707159261234,12
U0570,2377460.22,25292.13,25626.6,12170.220062651606,5026.12,48846.9,94,0.48118604730608316,1,0,442243.3,3913.6575221238936,2372.01,3706.099331610214,145.15,17212.59,113,222,56,66,67,33,0.25225225225225223,0.2972972972972973,0.30180180180180183,0.14864864864864866,198121.68499999997,36853.60833333333,160779.35416666666,0.784747614182063,0.21296498833417218,0.008597883597883597,68027.33347258298,11345.765889279683,12
U0571,891672.75,30747.33620689655,31144.69,14286.483665458913,8484.07,58365.38,29,0.4646413454917272,1,0,635397.85,4964.045703125,3498.725,4283.556880103427,138.12,17634.47,128,179,34,25,83,37,0.18994413407821228,0.13966480446927373,0.46368715083798884,0.20670391061452514,74306.0625,52949.82083333333,17421.054166666665,-0.14346580180488613,1.0535918888899818,0.04595588235294118,44637.62005780552,18594.758203013927,12
U0572,208128.94,860.0369421487603,873.785,208.8606133597654,504.86,1194.08,242,0.2428507464318188,1,0,497965.52,3952.1073015873017,2606.715,3603.8883374762677,114.57,16283.26,126,381,267,33,53,28,0.7007874015748031,0.08661417322834646,0.13910761154855644,0.07349081364829396,17344.078333333335,41497.12666666667,-27091.48,-1.5693757445051861,2.4093666368445823,0.015766726348745586,2122.38431606288,12382.184596790175,12
U0573,468439.53,20366.936086956524,18266.49,9913.478165894212,5165.28,39738.67,23,0.4867437165594604,3,1,618173.04,4447.2880575539575,2598.2,4300.6757827201045,119.77,17937.19,139,171,26,45,60,40,0.15204678362573099,0.2631578947368421,0.3508771929824561,0.23391812865497075,39036.6275,51514.420000000006,-13354.21,-0.6873080580670025,1.5886232962416098,0.05305580857051445,25259.35882195138,21011.218391529885,12
U0574,2828004.0,28000.039603960395,28461.32,12881.525996124752,5349.45,49826.59,101,0.4600538491489404,1,0,551480.53,4115.526343283583,2975.5550000000003,3648.631981872407,100.75,16455.68,134,252,77,63,78,34,0.3055555555555556,0.25,0.30952380952380953,0.1349206349206349,235667.0,45956.71083333334,188244.67333333334,0.7844557159263154,0.20941852358696547,0.010705128205128206,56456.26863336742,12932.278332046424,12
U0575,2452296.59,26655.397717391304,27153.695,12864.515150598923,5879.56,49611.97,92,0.4826232677896033,1,0,558952.38,4299.633692307692,2727.05,4221.492803856914,102.75,17900.11,130,238,63,60,77,38,0.2647058823529412,0.25210084033613445,0.3235294117647059,0.15966386554621848,204358.04916666666,46579.365,157039.4775,0.7468797976404562,0.24896799485662816,0.008417508417508417,62640.53215043922,21160.598949555668,12
U0576,2332229.67,27118.94965116279,26402.27,14073.793612461797,5176.99,49988.27,86,0.518965291557977,1,0,534090.0,3956.222222222222,2798.39,3715.909133484421,109.55,16732.44,135,238,70,53,82,33,0.29411764705882354,0.22268907563025211,0.3445378151260504,0.13865546218487396,194352.4725,44507.5,148176.69833333333,0.7330837811729071,0.25888535412850905,0.009531590413943355,67735.56946794914,19433.766783364932,12
U0577,1055354.38,34043.68967741935,35302.84,13568.067455523767,8160.81,58511.84,31,0.3985486762477234,1,0,494392.45,3987.0358870967743,2821.875,3541.993216234848,181.0,15799.99,124,172,30,33,84,25,0.1744186046511628,0.19186046511627908,0.4883720930232558,0.14534883720930233,87946.19833333332,41199.370833333334,44742.135833333334,0.2967420582537499,0.5539681026830489,0.02901785714285714,69747.7244848793,19381.430094362564,12
U0578,1201452.32,35336.83294117647,35282.009999999995,14602.868249728559,10411.55,59135.06,34,0.41324779371250536,1,0,524801.85,4198.4148,2703.41,4323.927455838336,110.4,17918.99,125,175,35,29,76,35,0.2,0.1657142857142857,0.4342857142857143,0.2,100121.02666666667,43733.487499999996,53101.32666666666,0.3410621994303819,0.6204590139450623,0.034874037999037995,56795.48018717804,20598.65922485606,12
U0579,535087.71,133771.9275,141977.13,42368.336443652806,76809.31,174324.14,4,0.31672068449228863,1,0,550918.56,4790.596173913044,3092.75,4582.8634059592005,126.19,17641.94,115,130,25,36,43,26,0.19230769230769232,0.27692307692307694,0.33076923076923076,0.2,44590.642499999994,45909.880000000005,-2972.000833333333,0.21524111245457697,0.11189868203018766,0.0202991452991453,69481.87295619892,17810.21933286311,12
U0580,658761.59,21958.719666666664,22551.14,8177.230288310669,6615.05,36936.82,30,0.3723910324664194,3,1,614359.19,4451.878188405797,3254.16,3632.4671949685894,142.98,16637.98,138,178,22,53,70,33,0.12359550561797752,0.29775280898876405,0.39325842696629215,0.1853932584269663,54896.799166666664,51196.59916666666,2241.5658333333336,-0.4111190803313513,1.271802728720932,0.05187171359771978,41606.2691241663,15133.36594309076,12
U0581,204936.58,853.9024166666666,856.09,204.40267993557848,502.2,1199.85,240,0.23937475283592047,1,0,612295.5,4252.052083333333,2349.275,4292.138540082643,116.98,17923.36,144,400,275,33,52,40,0.6875,0.0825,0.13,0.1,17078.048333333332,51024.625,-36957.204999999994,-2.1999671447311115,3.0220640482891703,0.012395349895349897,2002.003996171806,18540.819488702367,12
U0582,169568.15,823.1463592233009,798.22,200.23406806656288,500.42,1194.22,206,0.2432545146108627,1,0,552398.02,4419.18416,2597.28,4269.082390767173,108.19,17395.93,125,348,229,41,47,31,0.6580459770114943,0.11781609195402298,0.13505747126436782,0.08908045977011494,14130.679166666667,46033.168333333335,-33766.1475,-2.6294099360438326,3.4592072872412998,0.00863095238095238,2674.867541809597,25320.797501243855,12
U0583,2833299.13,30141.480106382976,31663.535,12624.353669143382,5451.18,49743.46,94,0.41883655429614947,1,0,475553.04,4064.5558974358974,2896.47,3547.7119509221397,167.59,17735.4,117,225,73,53,71,28,0.3244444444444444,0.23555555555555555,0.31555555555555553,0.12444444444444444,236108.26083333333,39629.420000000006,195000.30500000002,0.803987588927562,0.1842677635755353,0.021581732108047896,68131.29453282329,17028.903519228177,12
U0584,188725.03,842.5224553571428,840.745,198.6821439045297,505.27,1199.05,224,0.23581821783053714,1,0,535080.97,4459.008083333333,2983.91,4288.298539312266,115.76,17116.62,120,364,249,33,51,31,0.6840659340659341,0.09065934065934066,0.1401098901098901,0.08516483516483517,15727.085833333333,44590.08083333333,-30683.900833333333,-2.0326418415641885,2.914083072350174,0.014148933503772214,2567.988609063728,16899.476825980284,12
U0585,896849.92,32030.354285714286,34878.09,15456.300200548792,8711.9,58727.81,28,0.48255164656241056,1,0,558043.92,4359.718125,2772.25,3959.267200265178,107.53,16778.27,128,176,30,28,84,34,0.17045454545454544,0.1590909090909091,0.4772727272727273,0.19318181818181818,74737.49333333333,46503.66,26534.7025,-0.3405712502267722,1.2908154009048631,0.02546296296296296,43960.635872354826,17443.888000879222,12
U0586,803116.22,33463.175833333335,37303.47,14520.716219324273,10325.73,55133.14,24,0.4339312052043757,1,0,477644.55,3702.670930232558,2769.7,3254.7878691018022,154.94,16885.53,129,170,25,23,77,45,0.14705882352941177,0.13529411764705881,0.45294117647058824,0.2647058823529412,66926.35166666667,39803.7125,23271.289166666666,0.1610614954347196,0.7792688184077888,0.026041666666666668,43913.442849347055,11585.178984363149,12
U0587,195646.01,865.6903097345133,869.02,194.2105881731743,500.46,1195.38,226,0.22434187606042869,1,0,459648.97,4032.0085087719294,2962.375,3570.0972239747584,136.37,16568.71,114,358,253,22,42,41,0.7067039106145251,0.061452513966480445,0.11731843575418995,0.11452513966480447,16303.834166666667,38304.08083333333,-25195.696666666667,-1.5807596631573615,2.3633431890308763,0.0198191807855391,1957.4876689427392,14426.081932662772,12
U0588,685711.66,114285.27666666667,132908.79,46774.849561779105,50093.25,164812.73,6,0.4092815008726476,1,0,689846.88,4858.07661971831,3189.31,4094.4709703545864,209.93,17077.81,142,163,37,32,55,39,0.22699386503067484,0.19631901840490798,0.3374233128834356,0.2392638036809816,57142.638333333336,57487.24,-2149.030000000001,0.2258678462676267,0.09714320928673677,0.02215909090909091,87845.36153958591,25552.795975544082,12
U0589,447504.88,34423.45230769231,35242.81,3271.6870216529824,28054.34,38536.97,13,0.09504238541820767,1,0,594675.83,4539.510152671755,3085.26,4151.77699327538,129.86,17608.31,131,154,30,23,59,42,0.19480519480519481,0.14935064935064934,0.38311688311688313,0.2727272727272727,37292.073333333334,49556.31916666666,-14403.610000000002,-0.1939823657538123,0.9164792031385808,0.11173254849725438,30216.827110662372,16221.177638862024,12
U0590,536379.81,33523.738125,33765.1,3854.1667327629,28019.68,39084.55,16,0.11496828660311878,1,0,575294.12,4358.288787878788,3045.995,4165.381924984713,104.24,17324.2,132,162,30,26,66,40,0.18518518518518517,0.16049382716049382,0.4074074074074074,0.24691358024691357,44698.317500000005,47941.176666666666,-5206.249166666666,-0.11082718038798704,0.9759136247593861,0.12311426998927,22008.988835391418,15537.494982615635,12
U0591,186598.35,876.0485915492958,896.47,198.6495726951588,500.88,1198.22,213,0.22675634047176102,1,0,507131.24,4297.722372881356,2503.8050000000003,3878.0624165830523,211.77,17812.71,118,346,242,31,42,31,0.6994219653179191,0.08959537572254335,0.12138728323699421,0.08959537572254335,15549.862500000001,42260.93666666667,-28634.235833333336,-1.9432655811386919,2.8099181127067197,0.013156108597285068,3081.93825336095,21193.706583401476,12
U0592,626310.72,24088.873846153845,25848.57,8570.31242805212,5468.05,39531.25,26,0.35577887462848334,3,1,545958.04,4549.650333333334,2987.99,4344.238190992819,108.49,17010.46,120,160,25,45,57,33,0.15625,0.28125,0.35625,0.20625,52192.56,45496.503333333334,3243.5041666666643,-0.49593728506989426,1.2791372501332454,0.09838390775890776,47702.63634508207,23848.69885225696,12
U0593,447896.31,34453.56230769231,33430.91,4241.781613208365,29476.41,39920.06,13,0.12311590817014936,1,0,491510.02,3870.1576377952756,2499.71,3699.871050596921,105.22,17918.59,127,152,40,36,54,22,0.2631578947368421,0.23684210526315788,0.35526315789473684,0.14473684210526316,37324.6925,40959.168333333335,-4597.880833333333,-0.02943870701364315,0.7608807645134873,0.10394154456654457,29484.753779957697,14352.509712114546,12
U0594,623354.31,124670.86200000001,144797.72,46902.42098004879,49572.54,161861.81,5,0.37620996781147453,1,0,509166.18,4139.56243902439,2655.92,3884.447029073457,144.85,17491.77,123,143,39,30,53,21,0.2727272727272727,0.2097902097902098,0.3706293706293706,0.14685314685314685,51946.192500000005,42430.515,8931.795833333339,0.18822744616706,0.06177255383294,0.006410256410256411,97118.57228193147,14488.534913832887,12
U0595,671278.25,26851.13,27531.48,6915.797416966824,11335.97,38157.47,25,0.257560758782473,3,1,503706.38,3997.6696825396825,2447.37,3810.253350845413,257.05,17291.23,126,167,32,43,66,26,0.19161676646706588,0.25748502994011974,0.39520958083832336,0.15568862275449102,55939.854166666664,41975.53166666667,12860.520833333334,0.14374977520886775,0.8358695354959718,0.08856913783384372,27622.211424736844,19811.527927127696,12
U0596,2496556.01,29371.247176470584,30552.11,12780.20827162887,7102.64,49961.85,85,0.43512650977474127,1,0,629732.45,4699.495895522387,3499.445,4008.3115194054994,222.0,16290.39,134,241,62,64,81,34,0.2572614107883817,0.26556016597510373,0.3360995850622407,0.14107883817427386,208046.3341666667,52477.70416666666,153460.41583333333,0.7022427678804161,0.28491593802811893,0.019400352733686066,77384.95034582916,24176.536910177438,12
U0597,2928543.3,30191.16804123711,33076.9,12870.148314109609,5135.34,49647.27,97,0.42628851909706517,1,0,626520.55,4972.385317460318,3413.9449999999997,4314.993393068534,138.12,17932.4,126,243,59,74,78,32,0.24279835390946503,0.3045267489711934,0.32098765432098764,0.13168724279835392,244045.275,52210.04583333334,187918.9075,0.740336300518961,0.24407106915458543,0.022416267942583733,76811.17360748896,21045.12353531744,12
U0598,1035889.8099999999,35720.338275862065,35265.99,14687.137446594961,10857.64,59469.6,29,0.4111701667875794,1,0,591162.46,4411.660149253731,3302.2250000000004,4150.15874826566,190.27,17446.08,134,180,31,33,73,43,0.17222222222222222,0.18333333333333332,0.40555555555555556,0.2388888888888889,86324.15083333333,49263.53833333333,35048.416666666664,0.22144214826219463,0.5730559530657792,0.03292902631137925,59038.47782009819,15416.300761545659,12
U0599,197250.17,98625.085,98625.085,24157.574859253775,81543.1,115707.07,2,0.24494351370398082,1,0,534590.0,4176.484375,2719.93,3744.4451345566704,187.06,16380.53,128,146,32,33,49,32,0.2191780821917808,0.22602739726027396,0.3356164383561644,0.2191780821917808,16437.514166666668,44549.166666666664,-30845.645,0.1201562591078633,0.04651040755880339,0.03075547138047138,39074.63806828541,14404.253750164684,12
U0600,1093767.92,32169.64470588235,30838.39,15991.72625205642,8676.63,59014.87,34,0.4971060886206265,1,0,545313.7,4227.237984496123,2763.09,4048.3068829209674,101.92,17890.43,129,181,28,38,87,28,0.15469613259668508,0.20994475138121546,0.48066298342541436,0.15469613259668508,91147.32666666666,45442.80833333333,41847.753333333334,0.20729769141830845,0.7229427612238307,0.02822420634920635,52877.38605409953,15148.446643971503,12
U0601,662036.68,22067.889333333336,25073.86,8602.388680699914,5069.18,37413.53,30,0.3898147462478928,3,1,654786.74,4677.048142857143,2966.8900000000003,4209.583802103626,101.77,17898.2,140,185,41,54,59,31,0.22162162162162163,0.2918918918918919,0.31891891891891894,0.16756756756756758,55169.723333333335,54565.56166666667,-712.4558333333325,-0.15942028560787327,1.061805225472673,0.05943620935880998,36612.72233438568,16952.202162727914,12
U0602,743012.36,23968.14064516129,25942.71,9425.550739108363,6024.78,39493.99,31,0.39325331399919006,3,1,525796.33,4418.456554621848,3097.3,4005.6318291704556,118.84,16081.84,119,158,33,49,51,25,0.2088607594936709,0.310126582278481,0.3227848101265823,0.15822784810126583,61917.69666666666,43816.36083333333,16671.17,0.23823693877594923,0.646829959668434,0.0839473026973027,30046.9949984869,12652.280653476497,12
U0603,737748.28,29509.931200000003,30407.21,13770.082168258632,8028.92,54476.48,25,0.4666253565599174,1,0,522681.99,3989.938854961832,2657.15,3691.902154119439,186.4,16868.53,131,177,31,36,79,31,0.1751412429378531,0.2033898305084746,0.4463276836158192,0.1751412429378531,61479.02333333334,43556.8325,16200.479166666664,0.0856523124312336,0.7205138998124704,0.027546296296296294,60625.41679779653,12002.307891172904,12
U0604,894816.23,34416.00884615385,36760.15,12965.419368524977,10700.89,56782.84,26,0.376726407367074,1,0,455191.48,3641.5318399999996,2356.09,3640.8963651009703,115.86,17457.23,125,175,26,27,87,35,0.14857142857142858,0.15428571428571428,0.49714285714285716,0.2,74568.01916666667,37932.62333333333,34322.4375,0.4123112690855837,0.5400277132738055,0.01569818210685084,18754.87704241775,15565.267922640129,12
U0605,188960.63,855.0254751131222,860.5,205.23445872592458,500.84,1197.33,221,0.24003315070673364,1,0,421247.02,3829.518363636364,2911.625,3318.427962439728,100.48,15161.68,110,343,251,26,40,26,0.7317784256559767,0.07580174927113703,0.11661807580174927,0.07580174927113703,15746.719166666668,35103.918333333335,-20271.9925,-1.387815040553897,2.3334466343919567,0.008468364197530864,2695.7689739544826,12277.5640885581,12
U0606,1070909.75,34545.47580645161,34451.41,15541.769161740194,8481.97,59508.19,31,0.44989304095321386,1,0,527284.07,3820.899057971014,2454.015,3781.7295663401455,123.62,16804.1,138,183,34,31,79,39,0.18579234972677597,0.16939890710382513,0.43169398907103823,0.21311475409836064,89242.47916666667,43940.339166666665,42003.239166666666,0.3858935049104515,0.48039217995718086,0.022382478632478633,54170.66119286015,16271.100337181457,12
U0607,200215.85,851.9823404255319,856.39,199.46662018172674,504.37,1196.33,235,0.23412060405160623,1,0,574295.86,4631.418225806451,3380.125,4043.7549029063252,140.78,16436.85,124,372,269,30,49,24,0.7231182795698925,0.08064516129032258,0.13172043010752688,0.06451612903225806,16684.654166666664,47857.988333333335,-31889.667499999996,-1.8866510714422053,2.845694485320814,0.005254515599343185,2518.0288857446994,18374.634903377897,12
U0608,276631.63,138315.815,138315.815,51498.33938644285,101900.99,174730.64,2,0.37232430280255985,1,0,495718.81,4096.849669421487,2335.08,3977.9870474849745,322.45,17518.94,121,137,28,36,43,30,0.20437956204379562,0.26277372262773724,0.31386861313868614,0.21897810218978103,23052.635833333334,41309.90083333333,-19644.749166666665,0.09920446989075393,0.06746219677591274,0.027574277574277575,56033.69123808728,11422.612329584332,12
U0609,196839.01,834.0636016949153,811.31,199.53441139406715,501.93,1199.77,236,0.23923164970703645,1,0,575781.96,4569.6980952380945,3231.31,3885.8233296386934,123.5,17734.86,126,385,265,28,61,31,0.6883116883116883,0.07272727272727272,0.15844155844155844,0.08051948051948052,16403.250833333335,47981.829999999994,-33715.31333333333,-2.10250294718975,2.958486937398822,0.007999378689033861,1939.4826301195922,16012.046433618207,12
U0610,977212.7,37585.10384615384,38165.275,13044.19751043569,10895.94,58224.42,26,0.34705764187400345,1,0,486130.97000000003,3984.6800819672135,2995.085,3551.8825899305934,219.92,15987.51,122,168,31,30,71,36,0.18452380952380953,0.17857142857142858,0.4226190476190476,0.21428571428571427,81434.39166666666,40510.91416666666,37010.30416666666,0.3641829554798009,0.4346027965339818,0.031236471861471864,55923.5282967074,11111.282459188176,12
U0611,201826.08,844.4605857740585,850.55,188.41521783619407,502.02,1199.35,239,0.22311901941934556,1,0,463480.47000000003,4175.49972972973,2505.36,4031.635824049466,123.19,16949.99,111,367,267,29,42,29,0.7275204359673024,0.07901907356948229,0.11444141689373297,0.07901907356948229,16818.84,38623.3725,-25241.58,-1.5594410752163357,2.3496625788871084,0.019026787255953925,2077.149855267155,15175.794264269618,12
U0612,193645.09,860.6448444444444,860.7,206.71809077067493,508.61,1186.99,225,0.24018977410375786,1,0,487014.71,3746.2670000000003,2719.5299999999997,3380.8888706018042,173.6,16052.72,130,373,261,27,55,30,0.6997319034852547,0.07238605898123325,0.14745308310991956,0.08042895442359249,16137.090833333334,40584.559166666666,-26322.75,-1.7071205838073036,2.591018634448897,0.012415618128972019,2759.2379998024435,12835.735591321498,12
U0613,1286880.58,32996.937948717954,30022.46,17170.27721531113,8089.71,59029.84,39,0.5203597146497726,1,0,564263.83,3918.498819444444,2817.295,3686.9915667121195,125.57,17807.6,144,201,39,38,88,36,0.19402985074626866,0.1890547263681592,0.43781094527363185,0.1791044776119403,107240.04833333334,47021.98583333333,58001.25916666666,0.37011633640252467,0.5234371961704646,0.019560185185185184,65043.46412371805,14730.166347371183,12
U0614,630950.81,21031.69366666667,20224.43,9535.189244329798,5117.18,37824.9,30,0.4533723909949397,3,1,560294.54,4089.741167883212,2719.28,3627.5300695326196,106.65,17981.73,137,184,26,61,66,31,0.14130434782608695,0.33152173913043476,0.358695652173913,0.16847826086956522,52579.23416666667,46691.21166666667,3026.445000000001,-0.06141264544173055,0.8222271887606251,0.0680734724212985,43123.951206333855,15348.361751856499,12
U0615,2657239.98,27679.583125,28135.535000000003,12663.714645539812,5398.55,49836.78,96,0.4575110321694851,1,0,597914.97,4900.94237704918,3394.725,4299.667983888345,183.85,17702.37,122,236,76,47,87,26,0.3220338983050847,0.19915254237288135,0.3686440677966102,0.11016949152542373,221436.665,49826.2475,167424.47916666666,0.7043916787182952,0.27239065828879,0.025138782947707435,71384.12541029813,17840.56918206475,12
U0616,565287.16,25694.87090909091,22791.53,15458.573178832303,8252.71,54779.13,22,0.6016209707192193,1,0,603033.3,4338.369064748202,3081.97,3974.9497220477006,152.15,16975.08,139,184,36,40,78,30,0.1956521739130435,0.21739130434782608,0.42391304347826086,0.16304347826086957,47107.263333333336,50252.775,-6077.720000000001,-0.11964566800247195,0.8192066534516234,0.038246004654673385,40206.3610289734,9669.89162180077,12
U0617,782052.18,130342.03000000001,168135.425,61654.19146311011,47159.48,172422.94,6,0.4730184995822921,1,0,551000.63,4142.861879699248,2515.9,3851.8447578955597,168.61,16968.68,133,155,39,31,52,33,0.25161290322580643,0.2,0.33548387096774196,0.2129032258064516,65171.01500000001,45916.71916666667,16616.487500000003,0.197035016976253,0.05296498302374699,0.026896367521367523,127527.13970581332,15637.282790516132,12
U0618,2379743.97,28330.28535714286,29772.68,13378.223077413248,5706.54,49761.91,84,0.47222337893042865,1,0,496591.49,4173.037731092437,2671.63,3746.5467230365152,159.37,17105.31,119,223,61,60,71,31,0.273542600896861,0.26905829596412556,0.3183856502242152,0.13901345291479822,198311.99750000003,41382.62416666667,152771.52916666667,0.7198962393597174,0.2515406150832066,0.029617441382147267,97350.90857883426,14979.434748776837,12
U0619,2417324.73,28108.427093023256,28285.665,13122.4194745664,5682.9,49758.71,86,0.4668500101815905,1,0,527150.08,4706.697142857142,3181.34,4174.816561918743,128.85,17807.92,112,216,65,44,74,33,0.30092592592592593,0.2037037037037037,0.3425925925925926,0.1527777777777778,201443.7275,43929.17333333333,156997.07666666666,0.7578889638437283,0.23904196990868232,0.008796296296296297,55532.84424809457,20446.640593292108,12
U0620,906256.03,25173.778611111113,28104.485,10103.689531216703,6739.0,39100.87,36,0.4013576859993983,3,1,492702.1,4211.12905982906,2859.55,3937.9979018606136,190.89,16789.51,117,171,30,37,77,27,0.17543859649122806,0.21637426900584794,0.4502923976608187,0.15789473684210525,75521.33583333333,41058.50833333333,31368.26166666667,-0.34710628655432113,1.2910826327173355,0.13866050207961975,47386.46993833643,13011.595177818643,12
U0621,2394120.34,28501.432619047617,32829.935,13715.60844988096,5054.05,48718.16,84,0.4812252293842509,1,0,525112.04,3948.2108270676695,2983.47,3612.72549317163,117.96,15608.62,133,231,61,62,81,27,0.26406926406926406,0.2683982683982684,0.35064935064935066,0.11688311688311688,199510.02833333332,43759.33666666667,154501.51916666667,0.7147687839579143,0.1981669293730388,0.0033333333333333335,84763.4888238635,18221.236729879147,12
U0622,511535.72,34102.38133333333,34000.74,3400.894898037588,28151.12,39029.81,15,0.09972602396283065,1,0,498401.19,3863.57511627907,2299.18,3923.1184411660793,247.89,16160.95,129,162,33,30,75,24,0.2037037037037037,0.18518518518518517,0.46296296296296297,0.14814814814814814,42627.97666666667,41533.4325,-2000.7399999999998,0.013228156702167045,0.755417684513429,0.12534412074853252,28870.68842477761,13095.666812019175,12
U0623,276440.92000000004,92146.97333333334,69246.96,56492.885026391006,50699.55,156494.41,3,0.6130736906792706,1,0,649972.28,5416.435666666667,3732.8050000000003,4770.100706200762,111.81,17681.57,120,142,34,31,49,28,0.23943661971830985,0.21830985915492956,0.34507042253521125,0.19718309859154928,23036.743333333336,54164.35666666667,-33928.21166666666,0.06214531072872025,0.10000402670048536,0.03775946275946276,61316.00711133689,14783.562578777288,12
U0624,2700658.04,27841.835463917527,27785.77,13013.123248751304,5096.42,49829.95,97,0.4673945891827447,1,0,652824.37,4597.354718309859,3276.16,3994.195145055024,111.67,17020.64,142,257,79,61,80,37,0.30739299610894943,0.23735408560311283,0.311284046692607,0.14396887159533073,225054.83666666667,54402.03083333333,168614.76666666666,0.7269941487253359,0.2631505713801524,0.015031918564527258,66458.41129046556,19183.428384766445,12
U0625,997752.12,31179.75375,28645.64,14845.573090918546,8670.08,59559.34,32,0.4761286189092672,1,0,530896.44,3932.5662222222218,2717.87,3802.1608585717436,112.08,17216.48,135,186,43,28,85,30,0.23118279569892472,0.15053763440860216,0.45698924731182794,0.16129032258064516,83146.01,44241.369999999995,36361.693333333336,0.23136349388584068,0.7176213351478253,0.02134589947089947,45800.120302921394,9960.632546241046,12
U0626,192294.89,839.7156768558953,826.59,204.88219322782174,500.4,1196.68,229,0.24398995859521372,1,0,442371.5,3686.429166666667,2292.29,3290.3301042934077,148.4,16336.94,120,367,258,25,53,31,0.7029972752043597,0.0681198910081744,0.1444141689373297,0.08446866485013624,16024.574166666667,36864.291666666664,-22828.483333333334,-1.4634530030900532,2.3285627949330063,0.010755253518411412,1392.1636543195402,12843.449479558785,12
U0627,492675.12,32845.008,31964.1,3095.7396843662414,29560.94,38662.7,15,0.0942529739790668,1,0,449360.8,3538.2740157480316,2161.99,3402.6922333313405,138.54,14872.58,127,161,31,40,58,32,0.19254658385093168,0.2484472049689441,0.36024844720496896,0.19875776397515527,41056.26,37446.73333333333,1935.4724999999999,0.04741878249200876,0.7666925922279941,0.11058802308802308,25200.186377981772,13619.401092708842,12
U0628,1054182.45,39043.794444444444,41807.65,15400.38724896611,9793.02,59417.89,27,0.3944387954116339,1,0,558109.17,4429.437857142858,2811.855,3921.539735198633,108.08,17545.93,126,168,42,24,69,33,0.25,0.14285714285714285,0.4107142857142857,0.19642857142857142,87848.53749999999,46509.0975,40978.1575,-0.10040576054280413,1.0700609764898232,0.011160714285714286,58647.00595145768,23099.677505843763,12
U0629,856539.44,142756.57333333333,161041.88,33427.16995820716,85476.06,166585.54,6,0.23415503172771934,1,0,569884.84,4383.729538461538,2825.075,4106.388618374553,217.24,17889.38,130,150,31,32,59,28,0.20666666666666667,0.21333333333333335,0.3933333333333333,0.18666666666666668,71378.28666666667,47490.40333333333,22792.05416666667,0.19975180029965825,0.05024819970034172,0.023245273245273246,139283.91691909873,15055.007653685645,12
U0630,209032.18,846.2841295546558,839.65,204.97248899862663,508.4,1198.05,247,0.24220292197431412,1,0,705457.16,4766.602432432433,3310.885,4339.172680857198,186.49,17296.16,148,418,283,43,60,32,0.6770334928229665,0.10287081339712918,0.14354066985645933,0.07655502392344497,17419.34833333333,58788.09666666667,-43290.81916666666,-2.5550545463752967,3.45076511070028,0.009290965173318115,1761.4168617277364,18214.503492430187,12
U0631,827210.25,22978.0625,22079.595,9033.683956845505,7641.05,39413.67,36,0.3931438500023884,3,1,578017.04,5160.8664285714285,3705.745,4290.012426233678,103.0,16811.33,112,169,25,53,61,30,0.14792899408284024,0.3136094674556213,0.3609467455621302,0.17751479289940827,68934.1875,48168.08666666667,18723.6475,-0.022537722020039525,0.9799931039609167,0.08126052188552188,44117.4801754617,21428.499803570154,12
U0632,708873.49,24443.91344827586,24848.12,8864.044252899412,6127.2,39957.56,29,0.3626278693735365,3,1,509518.25,3980.611328125,3029.83,3316.973936281006,130.32,15384.47,128,176,21,49,64,42,0.11931818181818182,0.2784090909090909,0.36363636363636365,0.23863636363636365,59072.79083333333,42459.854166666664,13676.3925,0.0964710354804942,0.67900490020893,0.09619000602940231,43556.80919421783,12528.872994852882,12
U0633,196173.92,849.237748917749,847.95,205.20431783987385,503.68,1197.69,231,0.24163353324953113,1,0,527889.92,4291.787967479675,2741.14,4196.641403333783,140.95,17965.41,123,372,268,23,48,33,0.7204301075268817,0.06182795698924731,0.12903225806451613,0.08870967741935484,16347.826666666666,43990.82666666667,-28655.2,-1.798081168628318,2.731522690351451,0.008272378962034135,2811.309214616542,11967.86828975466,12
U0634,858845.82,34353.8328,34901.03,15161.187189932423,11179.45,59990.93,25,0.44132447398802105,1,0,505408.65,4211.73875,2743.9449999999997,3939.5451065052143,146.51,17250.92,120,159,36,30,68,25,0.22641509433962265,0.18867924528301888,0.4276729559748428,0.15723270440251572,71570.485,42117.3875,29453.0975,-0.002530570724292839,1.0025305707242929,0.0,44802.726160082246,17627.093466835817,12
U0635,192870.74,845.924298245614,846.0450000000001,199.653900875359,501.13,1195.71,228,0.2360186381800674,1,0,519379.21,4122.057222222223,2429.21,4095.0513719248283,104.55,17859.09,126,367,258,32,48,29,0.7029972752043597,0.08719346049046321,0.1307901907356948,0.07901907356948229,16072.561666666666,43281.60083333334,-28590.619166666667,-1.9891667031034574,2.8883761503947407,0.007967032967032966,3635.9344342019076,8704.931198022146,12
U0636,514578.4,25728.920000000002,26840.15,9153.144729558942,5489.61,39890.14,20,0.3557531652925557,3,1,516393.1,4413.616239316239,3379.79,3447.7877374498967,255.33,14901.96,117,155,28,46,52,29,0.18064516129032257,0.2967741935483871,0.33548387096774196,0.1870967741935484,42881.53333333333,43032.75833333334,-3355.5041666666675,-0.9169906573399366,1.5891850733954096,0.11238425925925925,41944.40606646555,21023.967264617448,12
U0637,703129.28,20089.408,20024.91,10453.440330333076,5660.15,39689.03,35,0.5203458623734993,3,1,642404.6,4621.61582733813,2816.99,4400.403603319977,246.41,17759.45,139,189,37,46,70,36,0.19576719576719576,0.24338624338624337,0.37037037037037035,0.19047619047619047,58594.10666666667,53533.71666666667,3749.723333333335,0.11508468665506227,0.7008914000234916,0.074477567533497,37199.235087780144,20408.463397957912,12
U0638,814658.97,22629.415833333333,22661.305,9833.21115884368,5690.3,38989.19,36,0.4345322579807505,3,1,511352.0,4191.4098360655735,2883.57,3621.7273453856264,314.68,14226.68,122,175,28,52,63,32,0.16,0.29714285714285715,0.36,0.18285714285714286,67888.2475,42612.666666666664,23380.005,-0.04280232875379989,0.9740044081907575,0.10737769175269174,38665.57027054904,16514.780868272537,12
U0639,698786.09,22541.48677419355,24253.0,8706.311513267598,6826.13,36774.01,31,0.3862350163714557,3,1,481293.65,3850.3492,2638.78,3498.1196480089775,118.49,17831.71,125,176,32,42,72,30,0.18181818181818182,0.23863636363636365,0.4090909090909091,0.17045454545454544,58232.174166666664,40107.80416666667,16544.785,0.04103042384419064,0.9103497485671171,0.08287968481466934,32060.23266841719,19259.528051050216,12
U0640,883416.46,29447.215333333334,25884.605000000003,13982.145245104248,8185.25,55985.46,30,0.4748206269024322,1,0,642717.01,4982.302403100775,3590.72,4198.039115430817,124.51,16900.62,129,173,30,41,74,28,0.17341040462427745,0.23699421965317918,0.4277456647398844,0.16184971098265896,73618.03833333333,53559.75083333333,18847.549166666664,0.20970399769195044,0.6908937117404798,0.022023809523809525,39602.97928145393,25920.52400604953,12
U0641,195546.62,832.1132765957447,814.3,196.63989661977774,500.35,1189.84,235,0.23631385551766515,1,0,479110.12,3927.132131147541,3037.88,3261.3606587250842,117.98,14730.84,122,373,266,26,47,34,0.7131367292225201,0.06970509383378017,0.1260053619302949,0.09115281501340483,16295.551666666666,39925.84333333333,-24670.176666666666,-1.516497763730148,2.452798889043516,0.00522875816993464,1242.3304924933568,14324.38545191529,12
U0642,2805257.48,28335.93414141414,28965.4,13179.852283949875,6050.39,49714.43,99,0.465128561429248,1,0,540859.36,4097.419393939394,2576.715,3986.598629384492,120.54,17995.35,132,252,61,77,86,28,0.24206349206349206,0.3055555555555556,0.3412698412698413,0.1111111111111111,233771.45666666667,45071.613333333335,188389.525,0.7710123590808994,0.22786921749613018,0.0036231884057971015,83248.49205953193,24992.286691153455,12
U0643,194054.78,843.7164347826086,865.515,208.4670409696454,500.54,1199.08,230,0.24708187772039653,1,0,527310.34,3935.151791044776,2539.36,3730.58779191594,100.95,15843.89,134,384,258,36,57,33,0.671875,0.09375,0.1484375,0.0859375,16171.231666666667,43942.52833333333,-31433.773333333334,-1.9785910498601258,2.756182561973915,0.01558789137389543,2412.8656333754357,14384.838761516701,12
U0644,2436858.21,26487.589239130433,26564.945,12682.601584293398,5293.35,49561.17,92,0.478812981800444,1,0,546835.85,4339.967063492063,2792.42,4253.59054286744,187.09,17668.79,126,236,62,69,77,28,0.2627118644067797,0.2923728813559322,0.326271186440678,0.11864406779661017,203071.5175,45569.65416666667,156257.255,0.7664152571937475,0.22757330601248302,0.017394179894179893,62055.419803718425,23259.9450605579,12
U0645,436188.62,33552.97076923077,32721.12,3775.1910941753704,28224.19,39597.78,13,0.11251436184712892,1,0,624044.03,4522.058188405797,2498.075,4322.829882671435,123.42,16845.08,138,165,36,29,62,38,0.21818181818181817,0.17575757575757575,0.37575757575757573,0.23030303030303031,36349.051666666666,52003.66916666667,-16832.956666666665,-0.34319452401464745,1.1606802461388595,0.10064371902607196,22753.044967768736,12316.586821596211,12
U0646,767031.39,20730.578108108108,21143.61,8669.506606873387,5618.3,37752.06,37,0.4181989793850749,3,1,470386.5,3793.439516129032,2184.02,3842.2083637412234,150.09,17411.01,124,174,32,45,66,31,0.1839080459770115,0.25862068965517243,0.3793103448275862,0.1781609195402299,63919.2825,39198.875,23592.575833333336,0.1650419044019076,0.816843027905616,0.055762670565302146,42164.82471011981,18566.386974784444,12
U0647,253457.55000000002,126728.77500000001,126728.77500000001,35810.256207003746,101407.1,152050.45,2,0.28257399479324047,1,0,513749.68,4353.8108474576275,3205.76,3809.1679033877294,310.29,15510.47,118,136,30,30,45,31,0.22058823529411764,0.22058823529411764,0.33088235294117646,0.22794117647058823,21121.4625,42812.473333333335,-23098.595,0.1030935423981223,0.055506019828454205,0.021225071225071224,50496.93522468434,14284.039728658594,12
U0648,460327.16000000003,35409.78153846154,37093.02,3661.157422919347,28958.29,39738.05,13,0.10339395680661448,1,0,522214.3,3811.7832116788322,2650.11,3262.7181629,111.8,14233.8,137,162,33,38,60,31,0.2037037037037037,0.2345679012345679,0.37037037037037035,0.19135802469135801,38360.59666666667,43517.85833333333,-7489.536666666667,-0.02146056500848012,0.8238360461896109,0.11149027987263282,23787.80670592598,12533.771710682542,12
U0649,1114362.3,33768.55454545455,35877.27,14691.252827951972,9706.69,59171.7,33,0.435057201165559,1,0,574135.02,4593.08016,3196.6,4159.613297062986,138.94,17559.03,125,172,29,31,81,31,0.1686046511627907,0.18023255813953487,0.47093023255813954,0.18023255813953487,92863.52500000001,47844.585,43882.5725,0.3534890788153567,0.5492201887877791,0.01011029411764706,55969.453454253315,19481.224366232735,12
U0650,715529.7,22360.303125,22515.915,10841.596121853847,6148.68,39855.72,32,0.4848590853731482,3,1,517926.45,3808.2827205882354,2499.4449999999997,3461.003095976969,115.29,15913.94,136,188,34,52,69,33,0.18085106382978725,0.2765957446808511,0.3670212765957447,0.17553191489361702,59627.475,43160.5375,15112.152500000002,0.13501851829491948,0.8457574964025062,0.08770952094288008,27007.882405357985,13222.777540417364,12
U0651,730436.27,22826.1334375,23756.46,10453.385172211767,5668.25,38194.9,32,0.4579568940501497,3,1,498943.04,3897.9925,2345.865,3765.6129040552473,100.59,17649.64,128,176,32,46,62,36,0.18181818181818182,0.26136363636363635,0.3522727272727273,0.20454545454545456,60869.68916666667,41578.58666666666,17469.650833333333,-0.14607746790647494,1.1040567616282595,0.06980894922071391,37092.46029988218,18512.160011333257,12
U0652,736293.97,25389.44724137931,26240.54,8986.799451797498,7308.85,39829.46,29,0.3539580584941195,3,1,521676.64,4875.48261682243,3173.29,4623.1280108943265,129.03,17690.98,107,147,25,43,46,33,0.17006802721088435,0.2925170068027211,0.3129251700680272,0.22448979591836735,61357.83083333333,43473.05333333334,14814.848333333333,-0.2885401313981216,1.137462132020574,0.11313161239631829,43228.9164154478,18843.985055665682,12
U0653,815324.48,33971.85333333333,33995.375,16382.784785766315,8054.72,58923.9,24,0.4822458352512506,1,0,484568.25,3785.689453125,2423.225,3635.9580483987224,127.77,15732.31,128,173,31,32,76,34,0.1791907514450867,0.18497109826589594,0.4393063583815029,0.19653179190751446,67943.70666666667,40380.6875,24908.41916666667,-0.0736229103207523,0.8619559252665226,0.030596405228758172,62360.00896579988,19700.17959343293,12
U0654,472086.31,33720.45071428571,33797.315,3052.0473691113393,28241.21,39615.41,14,0.0905102780200484,1,0,504381.27999999997,3879.8559999999998,2737.79,3302.77565103539,110.67,14782.09,130,171,33,35,69,34,0.19298245614035087,0.2046783625730994,0.40350877192982454,0.19883040935672514,39340.52583333333,42031.77333333334,-7617.0824999999995,0.11048549049574914,0.471553851278921,0.1317205942205942,38353.2784403947,14248.601069109356,12
U0655,469137.05,33509.78928571429,33886.47,3110.1169973329697,28338.32,38985.4,14,0.09281219200798908,1,0,572741.13,4372.0696946564885,3054.25,4053.5941661861475,113.29,16988.15,131,160,36,27,64,33,0.225,0.16875,0.4,0.20625,39094.754166666666,47728.4275,-11410.016666666665,-0.16177811548279028,0.9500303247947053,0.11673280423280423,24864.960617700366,18964.98405457812,12
U0656,573594.78,95599.13,84021.015,25525.96283343138,74692.65,139555.53,6,0.2670104093356433,1,0,650943.12,4857.78447761194,3132.635,4300.73235958165,168.34,17971.38,134,157,38,29,63,27,0.24203821656050956,0.18471337579617833,0.4012738853503185,0.17197452229299362,47799.565,54245.26,-8565.820833333337,0.15704650209719576,0.08391373530504058,0.035155122655122654,95410.79573028139,18835.617927328287,12
U0657,127511.03,31877.7575,29494.475,5245.799544857294,28798.76,39723.32,4,0.16455986732621622,1,0,482169.62,4727.153137254902,2947.09,4515.109402112808,129.13,17152.46,102,122,26,31,40,25,0.21311475409836064,0.2540983606557377,0.32786885245901637,0.20491803278688525,10625.919166666667,40180.801666666666,-30243.818333333333,-0.04402074731866203,0.2821442940486987,0.03229166666666667,20169.307234671047,21727.783858069768,12
U0658,200691.19,843.2402941176471,830.865,216.121090459176,502.51,1199.86,238,0.2562983433865925,1,0,541066.27,4098.986893939394,2984.915,4029.5221865966955,104.3,16815.66,132,387,281,28,46,32,0.7260981912144703,0.07235142118863049,0.11886304909560723,0.082687338501292,16724.265833333335,45088.855833333335,-29724.668333333335,-1.7912431320840312,2.7175361892215384,0.007383939238777948,1959.2037775375543,16471.72421180251,12
U0659,3011873.73,26891.729732142856,26933.475,13687.515714062209,5300.04,49445.73,112,0.508986065619347,1,0,539842.35,4120.933969465648,2402.03,4145.100757661467,151.25,15449.4,131,260,64,79,89,28,0.24615384615384617,0.3038461538461538,0.3423076923076923,0.1076923076923077,250989.4775,44986.862499999996,204885.07333333333,0.8021454030603768,0.19268245104078952,0.01214209766841346,84472.18215255224,11765.54115371365,12
U0660,957635.81,136805.11571428573,139360.85,37128.858652756826,71922.44,174756.5,7,0.2713996363286558,1,0,516345.76,4197.933008130081,2427.51,4039.940967619135,128.68,17946.63,123,151,26,35,68,22,0.17218543046357615,0.23178807947019867,0.4503311258278146,0.1456953642384106,79802.98416666668,43028.81333333333,35408.204999999994,0.21624996398034182,0.03375003601965818,0.01984126984126984,144922.47231860034,11086.52693551488,12
U0661,436288.63,109072.1575,90574.555,46059.03395414582,77620.41,177519.11,4,0.4222803968478007,1,0,629190.35,4802.979770992366,3457.73,4263.689827733263,120.46,17232.81,131,152,30,31,51,40,0.19736842105263158,0.20394736842105263,0.3355263157894737,0.2631578947368421,36357.385833333334,52432.52916666667,-20419.742500000004,0.14647636431059868,0.0965297338906727,0.034240643615643614,68679.6322751136,18419.793271990402,12
U0662,563857.03,93976.17166666668,86300.975,31143.263506214254,69843.53,152633.06,6,0.3313953202592606,1,0,549428.38,4395.4270400000005,2830.34,4126.723885886967,125.32,16863.75,125,152,32,34,64,22,0.21052631578947367,0.2236842105263158,0.42105263157894735,0.14473684210526316,46988.08583333334,45785.698333333334,-858.3125000000018,0.17366347720430722,0.07487358545398036,0.0358974358974359,113456.04838172729,14851.184100156539,12
U0663,624026.47,23112.09148148148,25800.08,10271.46563949585,5308.59,37247.33,27,0.4444195648726054,3,1,510313.48,4148.890081300813,2503.45,3987.313799187901,111.54,17252.36,123,168,36,46,59,27,0.21428571428571427,0.27380952380952384,0.35119047619047616,0.16071428571428573,52002.20583333333,42526.12333333333,5028.931666666667,-0.15796795712180003,1.0782709728997488,0.10833333333333334,21187.078471011293,19077.06944567093,12
U0664,971162.52,38846.5008,37443.7,14549.354236602712,11376.73,57204.58,25,0.3745344866841317,1,0,639284.87,4700.624044117647,3121.8199999999997,4126.416793667516,276.3,16853.55,136,176,38,29,81,28,0.2159090909090909,0.16477272727272727,0.4602272727272727,0.1590909090909091,80930.21,53273.739166666666,27403.249166666665,0.004928336806008689,0.906584760389756,0.005208333333333333,68711.37598485778,20788.197643377734,12
U0665,506170.71,33744.714,33316.0,3214.0058307214413,28744.49,38025.39,15,0.09524471983142134,1,0,531791.15,4187.33188976378,2286.09,4188.413151178646,159.1,15153.53,127,159,33,25,62,39,0.20754716981132076,0.15723270440251572,0.389937106918239,0.24528301886792453,42180.8925,44315.92916666667,-5403.368333333332,-0.04463981580318747,0.7994274367174619,0.12636687250657838,26377.1122902941,13925.579024813202,12
U0666,198918.86,846.4632340425532,837.05,204.70188704659378,501.81,1199.84,235,0.24183198845976467,1,0,451742.91000000003,4182.804722222222,2783.5150000000003,4025.3265868287954,113.3,16236.63,108,361,260,30,43,28,0.7202216066481995,0.08310249307479224,0.11911357340720222,0.07756232686980609,16576.571666666667,37645.2425,-24116.081666666665,-1.520380734517122,2.3410282868314227,0.01102652864600838,2157.587411846993,15489.702342143386,12
U0667,817872.88,102234.11,100658.23,54963.55834448962,40108.33,162495.43,8,0.5376244615861537,1,0,479428.24,3995.235333333333,2907.455,3861.7022152548343,120.7,17981.24,120,143,27,27,47,42,0.1888111888111888,0.1888111888111888,0.32867132867132864,0.2937062937062937,68156.07333333333,39952.35333333333,24729.615,0.2549188585809152,0.07616799453741215,0.037896825396825394,111899.40123888521,17460.75541458113,12
U0668,862467.88,33171.84153846154,30314.18,16907.375563100897,9624.56,59812.88,26,0.5096905923506663,1,0,474818.69,3956.822416666667,2663.455,3792.765559693654,117.21,16448.46,120,154,26,26,71,31,0.16883116883116883,0.16883116883116883,0.461038961038961,0.2012987012987013,71872.32333333333,39568.22416666667,31541.0275,0.3774300096068958,0.5232227023733973,0.005952380952380952,33741.11667819933,13469.90228963512,12
U0669,345907.11,34590.710999999996,35167.740000000005,3875.472536594588,28784.26,39970.38,10,0.1120379554093175,1,0,497242.44,4400.375575221239,2978.75,4007.90281651584,132.03,17411.08,113,142,35,23,62,22,0.24647887323943662,0.1619718309859155,0.43661971830985913,0.15492957746478872,28825.5925,41436.87,-15903.380833333335,-0.10713939547425531,0.7101915080798055,0.11209326485061778,25469.35954201444,21021.640310342536,12
U0670,311708.91000000003,155854.45500000002,155854.45500000002,3988.004464146197,153034.51,158674.4,2,0.02558800429635583,1,0,537296.95,4133.053461538461,2677.1949999999997,3963.0090812540266,120.9,15952.33,130,157,31,30,55,41,0.19745222929936307,0.1910828025477707,0.3503184713375796,0.2611464968152866,25975.742500000004,44774.74583333333,-22130.755833333333,0.07790677472265194,0.08467425599181745,0.050509512274218155,60678.17945760645,20247.479816663363,12
U0671,347464.34,34746.434,34049.604999999996,3375.310459686801,30050.12,39473.54,10,0.09714120475461743,1,0,608979.63,4648.699465648855,3069.44,4398.828837430798,135.76,17771.37,131,161,27,38,60,36,0.16770186335403728,0.2360248447204969,0.37267080745341613,0.2236024844720497,28955.361666666664,50748.3025,-21792.940833333334,-0.18974550197912188,0.8564121686457886,0.06374643874643875,30091.269767510137,17499.675180787122,12
U0672,1069541.29,38197.90321428572,40474.7,15730.475332225767,8715.17,58527.3,28,0.4118151523652925,1,0,642684.85,4868.824621212121,3403.9049999999997,4339.655864366306,208.86,17258.04,132,175,32,34,84,25,0.18285714285714286,0.19428571428571428,0.48,0.14285714285714285,89128.44083333334,53557.07083333333,33689.924999999996,0.1424762596670798,0.5803793546156074,0.018969298245614035,83319.28209946412,22695.39477841964,12
U0673,800204.04,22862.972571428574,25744.81,10578.047939674087,6456.09,39718.86,35,0.462671592970954,3,1,515070.0,3931.8320610687024,2658.63,3793.5155394108874,106.53,17531.57,131,190,37,51,76,26,0.19473684210526315,0.26842105263157895,0.4,0.1368421052631579,66683.67,42922.5,22245.463333333333,0.17962598395733506,0.8027011947912731,0.0881043031043031,32247.38396776734,14039.911793963405,12
U0674,43569.58,43569.58,43569.58,0.0,43569.58,43569.58,1,0.0,1,0,458102.95,3882.2283898305086,2813.295,3336.6329771943456,198.42,16277.37,118,136,37,23,51,25,0.27205882352941174,0.16911764705882354,0.375,0.18382352941176472,3630.7983333333336,38175.245833333334,-37835.77333333334,0.0075416915502360534,0.07579164178309729,0.057638888888888885,12577.454370739468,18514.15905175597,12
U0675,501642.11,33442.80733333333,33127.41,3517.3110287069867,29002.93,39809.56,15,0.1051739165808963,1,0,516436.38,4066.428188976378,2464.32,4158.94224776239,176.7,16881.27,127,164,41,24,70,29,0.25,0.14634146341463414,0.4268292682926829,0.17682926829268292,41803.50916666666,43036.365,-4286.8883333333315,-0.09582974388027247,0.8653146609623367,0.12101423902894491,25389.671911825397,15421.055963226796,12
U0676,999065.7,37002.433333333334,40214.69,14757.951114162679,8611.81,57165.91,27,0.3988373137846613,1,0,549011.13,4127.903233082707,2870.13,3511.825928627174,187.27,16389.24,133,174,37,27,80,30,0.21264367816091953,0.15517241379310345,0.45977011494252873,0.1724137931034483,83255.47499999999,45750.9275,35254.29,0.2017989325960452,0.6872727364340013,0.02514005602240896,59771.57427234173,15209.994719235907,12
U0677,195679.39,805.2649794238683,795.89,199.7755204735425,500.55,1198.62,243,0.24808668646744467,1,0,533125.36,4334.352520325203,2648.17,4009.2878136110194,157.5,17941.43,123,379,270,39,34,36,0.712401055408971,0.10290237467018469,0.08970976253298153,0.09498680738786279,16306.615833333335,44427.113333333335,-31534.3025,-2.0224809858986075,2.7988647683701227,0.015270065141066172,2199.8507964341516,18683.725272120137,12
U0678,2430124.11,27932.461034482756,28758.48,12993.178955404454,7237.28,49380.61,87,0.4651641306995582,1,0,578511.54,4132.225285714286,2742.135,3971.8611622397557,111.55,17166.42,140,244,67,70,81,26,0.27459016393442626,0.28688524590163933,0.3319672131147541,0.10655737704918032,202510.3425,48209.295000000006,151918.12833333333,0.5603070326370173,0.42460512354701696,0.011342486651411137,109549.3513827264,20246.221869538345,12
U0679,692830.77,32991.94142857143,35992.4,16879.394163576275,8724.43,59337.76,21,0.5116217304192505,1,0,511972.52999999997,3878.5797727272725,2367.895,4006.2477356675245,143.66,17916.35,132,168,34,38,73,23,0.20238095238095238,0.2261904761904762,0.43452380952380953,0.13690476190476192,57735.8975,42664.3775,13481.021666666667,-0.31773592391848654,1.0273325873579038,0.01678240740740741,65821.43781594982,12079.219253278921,12
U0680,519733.08,19249.373333333333,19104.13,9585.247619135676,5176.8,38543.4,27,0.4979511516116374,3,1,530940.75,4424.50625,2625.495,4347.599366026697,109.06,16016.34,120,163,34,48,49,32,0.2085889570552147,0.294478527607362,0.3006134969325153,0.19631901840490798,43311.090000000004,44245.0625,-2878.2124999999996,-0.23420571136805993,1.107711743944498,0.07669574577469314,31617.143003391226,13996.796156764607,12
U0681,391436.41,35585.12818181818,37007.7,3360.5082943591083,29100.87,38766.17,11,0.09443575072117126,1,0,603578.76,4642.913538461538,3084.035,4029.707164324609,233.7,17508.11,130,163,28,26,74,35,0.17177914110429449,0.15950920245398773,0.4539877300613497,0.2147239263803681,32619.700833333332,50298.23,-20525.5525,-0.4979063298014165,1.255386413743218,0.10439744079449963,18378.011470062633,26546.455210684053,12
U0682,454153.27,34934.86692307692,34546.44,3839.789433748037,28643.59,39651.9,13,0.10991281123820705,1,0,509298.36,4244.153,2882.67,4054.219437737315,222.14,17334.07,120,153,29,48,59,17,0.1895424836601307,0.3137254901960784,0.38562091503267976,0.1111111111111111,37846.105833333335,42441.53,-7680.040833333333,-0.2612367859551368,1.1217083796094711,0.13492277702804018,24645.690882757306,14287.423106396758,12
U0683,771062.21,22030.348857142857,23390.94,8855.704810554997,5441.54,38799.63,35,0.40197751147657057,3,1,518334.56,3926.77696969697,2360.865,3849.1132515375193,116.03,17415.27,132,192,31,54,77,30,0.16145833333333334,0.28125,0.4010416666666667,0.15625,64255.184166666666,43194.54666666667,18682.125000000004,0.038240271171059305,0.9137903380354047,0.10296025461466639,27874.13195728335,14137.560704067299,12
U0684,977059.12,34894.96857142857,37289.274999999994,16143.925597689176,9174.61,58871.81,28,0.46264336259948824,1,0,634166.23,4595.407463768116,3139.8999999999996,4451.336600423863,154.12,17824.06,138,181,30,40,78,33,0.16574585635359115,0.22099447513812154,0.430939226519337,0.18232044198895028,81421.59333333334,52847.18583333333,28574.407499999998,-0.1403294401631446,1.0569961068298113,0.0,70591.46519249649,19852.865360089578,12
U0685,819139.0499999999,23403.972857142857,23211.93,8471.519990823082,7781.58,37971.59,35,0.36196931360897505,3,1,578689.27,4592.7719841269845,3206.975,3977.2913196880145,176.36,17275.23,126,183,30,38,79,36,0.16393442622950818,0.20765027322404372,0.43169398907103823,0.19672131147540983,68261.5875,48224.105833333335,18972.67583333333,-0.7295006918749003,1.674165566508229,0.08328025281392154,46560.33398111806,16798.65990643921,12
U0686,549358.4199999999,137339.60499999998,153861.805,43907.3358920902,73548.03,168086.78,4,0.31969901101790854,1,0,637896.95,4556.406785714285,2619.705,4304.821473872864,174.15,17714.47,140,160,35,37,55,33,0.21875,0.23125,0.34375,0.20625,45779.868333333325,53158.07916666666,-9403.710833333336,0.1682935771142693,0.08170642288573071,0.02277930402930403,85422.92158567935,21118.161852466088,12
U0687,210009.91,864.2383127572017,869.54,199.48285163574388,506.14,1198.53,243,0.23081926442178735,1,0,480066.13,3840.52904,2502.92,3502.2008216920344,190.42,15593.34,125,381,277,29,47,28,0.7270341207349081,0.07611548556430446,0.12335958005249344,0.07349081364829396,17500.825833333332,40005.510833333334,-23263.624166666665,-1.295780336181082,2.2481860374613594,0.005357142857142856,2678.3047380537305,18354.55254476143,12
U0688,202748.63,881.5157826086956,893.725,199.63341241605397,501.46,1199.74,230,0.2264660671477406,1,0,517141.86,3693.8704285714284,2656.54,3653.9486608380394,160.97,17607.31,140,389,266,43,52,28,0.6838046272493573,0.11053984575835475,0.13367609254498714,0.07197943444730077,16895.719166666666,43095.155,-28514.07666666667,-1.6855102368416908,2.5412172757439433,0.01300808949042759,1597.2306622882568,14109.473538273689,12
U0689,2937518.51,27976.36676190476,29192.2,13882.58673802749,5081.62,49828.08,105,0.49622550548384003,1,0,562114.27,4163.809407407408,2888.19,3778.0846943974075,101.17,17198.2,135,259,75,72,87,25,0.28957528957528955,0.277992277992278,0.3359073359073359,0.09652509652509653,244793.20916666664,46842.855833333335,194488.20666666667,0.7722304812365763,0.2106048153840884,0.023243933588761173,75628.30833732065,22192.365060594177,12
U0690,2407658.2,28325.390588235296,28449.27,12414.737062153416,5598.07,49608.97,85,0.43829005723613107,1,0,507619.12,3904.7624615384616,2387.51,3684.533798589155,168.82,17686.92,130,238,56,63,84,35,0.23529411764705882,0.2647058823529412,0.35294117647058826,0.14705882352941177,200638.18333333335,42301.59333333333,154425.3008333333,0.7259566940598098,0.2441543883519592,0.02692099567099567,94459.60005287133,19771.708701105472,12
U0691,322676.57,35852.95222222222,36737.81,3478.145596358704,28528.51,39904.5,9,0.09701141414521772,1,0,520437.8,4646.766071428571,3607.1549999999997,3951.40779556764,203.86,17717.3,112,141,22,29,63,27,0.15602836879432624,0.20567375886524822,0.44680851063829785,0.19148936170212766,26889.71416666667,43369.816666666666,-21698.84,-0.15506698107622738,0.6708107694270975,0.12271675084175084,28222.81628450559,15919.755676471086,12
U0692,522850.4,21785.433333333334,21961.61,8471.47770179322,6283.31,37225.34,24,0.38885972898373466,3,1,563689.86,4238.26962406015,3118.85,3900.8029247112017,138.0,17573.36,133,169,30,47,62,30,0.17751479289940827,0.2781065088757396,0.3668639053254438,0.17751479289940827,43570.86666666666,46974.155,-6195.229166666667,-0.5627338479148949,1.4383236019561283,0.07805010893246188,30626.4722095419,16180.37861153075,12
U0693,346688.04,34668.804,35156.475,3431.493491528789,30128.91,39792.86,10,0.09897928672499892,1,0,533057.99,4264.46392,2453.73,4273.770060384643,162.4,17720.88,125,153,31,35,60,27,0.20261437908496732,0.22875816993464052,0.39215686274509803,0.17647058823529413,28890.67,44421.49916666667,-17776.755,-0.011440031788246633,0.5004467810107901,0.08910727752639518,35720.56556694985,12647.530391657468,12
U0694,764034.22,127339.03666666667,141691.11,52674.77358069976,45149.12,179175.83,6,0.4136577043423507,1,0,448276.15,3864.4495689655173,2783.8450000000003,3728.7841718562768,116.24,15914.03,116,138,26,20,55,37,0.18840579710144928,0.14492753623188406,0.39855072463768115,0.26811594202898553,63669.51833333333,37356.34583333333,25086.439166666663,0.2146639134368669,0.0348405309373214,0.025432900432900432,124094.98354280555,22344.733296654234,12
U0695,684489.98,114081.66333333333,99879.075,25786.928171653697,94056.63,150688.7,6,0.2260392022538039,1,0,553306.73,4535.301065573771,2874.015,4326.444274824878,224.72,17576.89,122,146,42,30,51,23,0.2876712328767123,0.2054794520547945,0.3493150684931507,0.15753424657534246,57040.83166666667,46108.894166666665,7323.36416666667,0.17994952066699335,0.06814785062093581,0.030133442265795205,120945.3491831816,14710.202574063078,12
U0696,445868.44,34297.57230769231,35420.4,3293.1242866290213,28696.72,39559.64,13,0.09601625027817011,1,0,619058.8099999999,4874.478818897637,3260.36,4241.455851163892,185.63,17597.86,127,155,31,36,54,34,0.2,0.23225806451612904,0.34838709677419355,0.21935483870967742,37155.70333333333,51588.23416666667,-15993.949999999999,-0.24182368036483137,1.032051034795076,0.10103715728715729,23189.00424045192,21314.03494459139,12
U0697,551350.44,20420.386666666665,17675.04,9683.451273201574,6315.51,38599.15,27,0.47420508882960627,3,1,582208.08,4280.941764705882,2575.2749999999996,4122.9018105313635,126.79,17297.72,136,179,43,38,57,41,0.24022346368715083,0.2122905027932961,0.31843575418994413,0.22905027932960895,45945.869999999995,48517.34,-3382.219166666668,-0.37328676300272834,1.1141089703794427,0.06478581331522508,48231.85071668588,16468.0420276933,12
U0698,202799.34,838.0138016528925,823.51,211.6375703170867,504.36,1197.53,242,0.25254664052030434,1,0,504458.73,4628.061743119266,2948.6,3960.882609905235,281.1,17769.39,109,368,268,22,45,33,0.7282608695652174,0.059782608695652176,0.12228260869565218,0.08967391304347826,16899.945,42038.2275,-26938.629166666666,-1.640330033610014,2.5333835448717075,0.005586080586080586,1899.2028532015988,20516.302053571548,12
U0699,714914.35,119152.39166666666,123115.18,59601.63929882479,45877.43,179380.41,6,0.5002135371781931,1,0,453951.33,3847.0451694915255,2548.37,3812.989888388334,142.28,15729.48,118,142,33,24,62,23,0.2323943661971831,0.16901408450704225,0.43661971830985913,0.1619718309859155,59576.19583333333,37829.277500000004,20695.706666666665,0.13758782780889145,0.029078838857775208,0.01875,169917.09677266024,13587.28791880727,12
U0700,2540857.22,29544.85139534884,32668.7,14229.791046467693,5668.46,49985.15,86,0.48163352917415075,1,0,548249.22,4185.1085496183205,2487.87,3721.243414868646,257.35,16038.28,131,230,58,54,79,39,0.25217391304347825,0.23478260869565218,0.34347826086956523,0.16956521739130434,211738.10166666668,45687.435,165299.97583333333,0.7715291001286432,0.2247319819153023,0.008134920634920636,55059.52782133184,14064.556188882945,12
U0701,324846.19,36094.02111111111,37533.68,3332.1459142324657,31402.21,39788.2,9,0.09231850072827448,1,0,494790.8,3559.6460431654677,2327.27,3258.1562604495653,166.37,15591.94,139,159,34,37,49,39,0.2138364779874214,0.23270440251572327,0.3081761006289308,0.24528301886792453,27070.515833333335,41232.56666666667,-17339.165,-0.13945428337550955,0.8083931485512298,0.08617516742516741,16569.624127741296,14468.517875078942,12
U0702,1014457.24,39017.586153846154,44365.155,15999.495467155226,8117.43,59820.69,26,0.4100585670284495,1,0,544994.11,4257.766484375,2982.265,3985.3193771024194,275.34,17732.57,128,173,35,30,76,32,0.2023121387283237,0.17341040462427745,0.4393063583815029,0.18497109826589594,84538.10333333333,45416.175833333335,37994.034166666665,0.24563986114933525,0.6539493796319693,0.010416666666666666,53134.304893441535,14764.481858635954,12
U0703,638485.72,24557.143076923076,27088.934999999998,8354.936832247515,6453.23,36056.3,26,0.3402243007696952,3,1,534274.09,4343.691788617886,3279.85,3724.937031735808,195.79,16991.07,123,170,37,37,67,29,0.21764705882352942,0.21764705882352942,0.3941176470588235,0.17058823529411765,53207.14333333333,44522.84083333333,4469.529166666668,-0.23256142394563553,1.0155255092279252,0.0971158471158471,35196.66226285161,22240.676512080885,12
U0704,442472.35,34036.334615384614,34869.98,3971.0209591669986,28261.13,39903.71,13,0.11667005287261675,1,0,477286.85,4114.541810344827,2510.085,4098.110343548194,119.4,17656.74,116,144,25,44,52,23,0.1736111111111111,0.3055555555555556,0.3611111111111111,0.1597222222222222,36872.69583333333,39773.90416666667,-3726.1425,0.001001467430297196,0.8078670101085877,0.1081328393828394,27418.200553709987,13694.939375212132,12
U0705,202985.45,849.3115062761507,836.85,201.00467981568403,501.29,1198.46,239,0.2366677930657024,1,0,645925.7,4613.755,2955.755,4411.112111645189,104.49,17761.2,140,395,273,35,50,37,0.6911392405063291,0.08860759493670886,0.12658227848101267,0.09367088607594937,16915.454166666666,53827.14166666666,-39637.61,-2.3373592600834834,3.186826345237422,0.010039884657881262,2949.737819965633,19135.817857735143,12
U0706,1240237.74,33519.93891891892,36174.6,15030.572934698943,8125.13,58928.54,37,0.44840693090331285,1,0,531809.61,3998.5684962406012,2867.06,3576.1339478553905,138.55,16949.92,133,186,40,30,83,33,0.21505376344086022,0.16129032258064516,0.44623655913978494,0.1774193548387097,103353.145,44317.4675,56720.9375,0.26313921845762717,0.6894838297322722,0.031212528871197603,64726.05959747863,13357.774541884603,12
U0707,869545.13,27173.2853125,26150.475,7699.346729381145,9978.53,39647.44,32,0.28334250499476277,3,1,537082.88,4630.024827586207,3039.575,4049.7694437835075,316.22,17999.03,116,163,31,48,55,29,0.1901840490797546,0.294478527607362,0.3374233128834356,0.17791411042944785,72462.09416666666,44756.90666666667,24818.068333333333,0.18371171045604684,0.6883771279098564,0.11383512321012322,61462.009978224676,13502.887925342175,12
U0708,627628.54,21642.363448275864,22533.19,10128.251028455814,5253.56,39351.49,29,0.46798266985312453,3,1,605153.7,4261.645774647887,2995.975,4067.767129502554,116.35,17946.17,142,192,39,47,73,33,0.203125,0.24479166666666666,0.3802083333333333,0.171875,52302.378333333334,50429.475,-2519.794166666668,-1.4027506417712878,2.0536703858637133,0.07367530345471522,53619.89422510164,21264.79537825477,12
U0709,195690.57,873.6186160714286,872.2149999999999,195.38573754548392,501.05,1196.76,224,0.22365106918636088,1,0,642353.36,4688.710656934307,2639.54,4426.067462935986,305.53,17610.61,137,382,261,35,48,38,0.6832460732984293,0.09162303664921466,0.1256544502617801,0.09947643979057591,16307.5475,53529.44666666666,-43040.32,-2.6438017264976383,3.2892245013957786,0.021386384839197903,1810.9492690154868,20953.85556578521,12
U0710,766818.06,109545.43714285715,111927.32,58785.380842776925,43975.15,173145.51,7,0.5366301178397369,1,0,662407.62,4765.5224460431655,3311.23,4194.490075425528,112.87,17737.1,139,167,35,38,54,40,0.20958083832335328,0.2275449101796407,0.32335329341317365,0.23952095808383234,63901.505000000005,55200.635,5531.100833333333,0.06970932029099737,0.24156882145999373,0.03578311666546961,125684.95317655407,17102.12686420796,12
U0711,199777.89,861.1115948275863,860.8399999999999,213.0235805628112,500.17,1199.72,232,0.24738208362583164,1,0,524761.11,4950.576509433962,3793.5699999999997,4406.511043713564,141.34,17770.94,106,358,253,25,56,24,0.7067039106145251,0.06983240223463687,0.1564245810055866,0.0670391061452514,16648.1575,43730.0925,-28675.5775,-1.7481065822437518,2.6472683561821273,0.015514851536356913,1610.4286241084155,17178.60434327016,12
U0712,409897.55,34158.129166666666,34618.3,3743.0693140922767,28435.9,38740.96,12,0.1095806300113463,1,0,424046.77999999997,3890.3374311926605,2515.63,3807.0136028155944,129.25,15255.26,109,136,33,31,44,28,0.2426470588235294,0.22794117647058823,0.3235294117647059,0.20588235294117646,34158.129166666666,35337.23166666667,-2326.734999999999,0.05683821334745382,0.5787650861178412,0.09923490860990862,31998.968066523776,16041.81070437433,12
U0713,2702232.01,29694.85725274725,32494.78,13400.33567134247,5935.7,49971.94,91,0.4512678932006896,1,0,564643.26,4666.473223140496,3024.18,4306.322047802358,146.52,17925.8,121,229,65,58,77,29,0.2838427947598253,0.25327510917030566,0.33624454148471616,0.12663755458515283,225186.00083333332,47053.605,175805.6025,0.7283374925747864,0.25920931207690623,0.016505636070853463,90878.63566812454,12688.418725866444,12
U0714,203014.94,871.3087553648069,864.64,195.1936735383412,517.65,1198.55,233,0.22402354198382393,1,0,593581.01,4566.00776923077,3137.475,4280.49594855355,135.76,17981.84,130,380,267,33,44,36,0.7026315789473684,0.0868421052631579,0.11578947368421053,0.09473684210526316,16917.911666666667,49465.08416666667,-33846.2425,-2.0133760341346827,2.9291974455967207,0.008062652670495808,2739.357429178779,18634.500303910616,12
U0715,884533.93,36855.58041666667,38855.065,15559.538092283232,8769.2,59039.13,24,0.42217590705061764,1,0,540670.03,3917.8987681159424,2309.535,4112.600246028568,173.71,17761.81,138,182,41,30,81,30,0.22527472527472528,0.16483516483516483,0.44505494505494503,0.16483516483516483,73711.16083333334,45055.83583333334,24606.48,0.19643436653239163,0.6429573446304822,0.04099476911976912,61209.265740256335,18205.935896573785,12
U0716,2423412.91,27229.358539325844,28021.86,13047.701042627425,5062.58,48099.15,89,0.4791776869728076,1,0,470238.65,4089.031739130435,2929.44,4021.685577071293,138.97,17998.57,115,227,66,56,81,24,0.2907488986784141,0.24669603524229075,0.3568281938325991,0.10572687224669604,201951.07583333334,39186.55416666667,161148.00166666668,0.7768558174449495,0.21267825095893556,0.017395014686036357,65847.14497365511,13436.171623963737,12
U0717,590014.04,18437.93875,19018.309999999998,9884.711452099293,5395.54,38683.32,32,0.5361071856310018,3,1,601229.28,4771.660952380953,3147.94,4238.966576401078,306.87,17379.45,126,177,38,46,63,30,0.21468926553672316,0.2598870056497175,0.3559322033898305,0.1694915254237288,49167.83666666667,50102.44,-5005.76583333333,-1.1429300586030031,1.7461557898826292,0.06544969156230766,35489.93483457255,16915.12249749587,12
U0718,987840.83,29934.570606060606,28844.38,13764.111998030407,8611.29,57777.22,33,0.4598065620905783,1,0,540172.52,4321.38016,2567.85,4047.998881543098,122.62,17304.82,125,185,23,37,99,26,0.12432432432432433,0.2,0.5351351351351351,0.14054054054054055,82320.06916666667,45014.37666666667,35113.67416666667,-0.2546581712897215,1.2100822756875913,0.024537037037037038,52332.50766626045,17823.458803718786,12
U0719,2585683.12,27803.04430107527,27629.51,12688.338786533264,5152.07,49772.41,93,0.4563650889856888,1,0,546855.65,4174.4706106870235,2541.02,3985.7121952623097,119.51,17705.57,131,236,52,70,81,33,0.22033898305084745,0.2966101694915254,0.3432203389830508,0.13983050847457626,215473.59333333335,45571.30416666667,168870.66833333333,0.7643294842678273,0.23076753712335782,0.012856506238859181,72829.68200692993,17841.75846538648,12
U0720,366434.79,33312.25363636363,33445.85,3351.8582481849444,28271.28,39039.49,11,0.1006193782256166,1,0,587285.53,4588.168203125,3175.14,4277.005407936402,187.57,17532.33,128,161,32,40,63,26,0.19875776397515527,0.2484472049689441,0.391304347826087,0.16149068322981366,30536.2325,48940.46083333334,-19582.895,-0.011998915068349663,0.5803821914936895,0.08102828544005015,29910.586370225057,19900.863932610133,12
U0721,307911.14,34212.34888888889,35003.43,3401.1881679622065,28341.74,39086.09,9,0.09941405014336233,1,0,601144.99,4117.431438356164,2689.4,4139.900059704421,116.42,17136.73,146,180,51,28,68,33,0.2833333333333333,0.15555555555555556,0.37777777777777777,0.18333333333333332,25659.26166666667,50095.41583333333,-29599.966666666664,-0.12238204719030031,0.6124670135621703,0.09551354469117627,25720.014452097537,24341.975928512857,12
U0722,218809.62,875.23848,896.235,200.4854435083119,510.22,1199.03,250,0.22906379014358683,1,0,471496.91,3896.66867768595,2897.32,3509.635258646056,137.95,16714.72,121,380,288,24,38,30,0.7578947368421053,0.06315789473684211,0.1,0.07894736842105263,18234.135,39291.409166666665,-23566.415833333333,-1.448233628455432,2.3244437665489883,0.009994553376906317,2225.1306836616873,22998.802654126644,12
U0723,937353.1,117169.1375,119184.695,29430.947507839795,63984.83,149847.17,8,0.2511834441713783,1,0,593747.74,4271.566474820143,3258.88,3431.047176225337,105.22,17370.25,139,163,39,33,55,36,0.2392638036809816,0.20245398773006135,0.3374233128834356,0.22085889570552147,78112.75833333333,49478.97833333333,26391.315833333327,0.20774187188480087,0.0382756371300603,0.02208994708994709,160891.88462017247,18048.81621369659,12
U0724,398805.66,132935.22,143886.36,23366.64269764913,106104.22,148815.08,3,0.1757746569919479,1,0,454678.14,3886.137948717949,2481.98,3652.3033555081515,109.64,15867.99,117,134,29,29,49,27,0.21641791044776118,0.21641791044776118,0.3656716417910448,0.20149253731343283,33233.805,37889.845,-6234.826666666668,0.17417597820509215,0.07582402179490783,0.02387057387057387,60942.21450307593,13981.326129500212,12
U0725,895025.98,127860.85428571429,136181.28,43882.60029090455,47100.34,174692.48,7,0.34320590563899817,1,0,659818.02,4924.0150746268655,3576.085,4194.818537017231,214.44,17416.66,134,161,38,35,53,35,0.2360248447204969,0.21739130434782608,0.32919254658385094,0.21739130434782608,74585.49833333334,54984.835,17852.39416666667,0.24475969474893347,0.08806516115074164,0.023927534453850246,117795.31954229373,20509.437620791912,12
U0726,463685.87,20160.255217391303,18920.65,9080.93883572161,5519.7,36629.82,23,0.45043769227127206,3,1,556481.75,4247.952290076336,3028.22,3964.7281516476037,112.33,14988.76,131,173,32,48,59,34,0.18497109826589594,0.2774566473988439,0.34104046242774566,0.19653179190751446,38640.489166666666,46373.479166666664,-8455.271666666666,-0.5337505141871163,1.5164147694768275,0.05586955077086656,17066.66852730542,15727.193770754615,12
U0727,951431.48,118928.935,132886.36,38615.10142390076,57905.73,163956.44,8,0.32469055090673066,1,0,528897.71,4037.387099236641,3028.79,3723.613840552562,168.41,17302.63,131,163,34,34,65,30,0.2085889570552147,0.2085889570552147,0.3987730061349693,0.18404907975460122,79285.95666666667,44074.809166666666,30951.23500000001,0.21121468484318537,0.03651809448728691,0.04178725745221909,176849.6483790798,21275.802207459004,12
U0728,548155.34,137038.835,138288.29,33675.06531314576,98641.15,172937.61,4,0.24573373900285828,1,0,636453.48,4329.615510204081,2607.48,4081.4125509525325,128.21,17610.38,147,173,35,36,57,45,0.2023121387283237,0.20809248554913296,0.32947976878612717,0.26011560693641617,45679.611666666664,53037.79,-10766.745833333332,0.16113670688101248,0.07743001191828687,0.043489800891116676,83799.22117325227,16541.618935639006,12
U0729,777719.61,33813.89608695652,36192.47,16073.199650513596,8631.37,57673.21,23,0.4753430249261848,1,0,548440.82,4532.568760330578,3033.67,4304.518644091456,194.7,17928.49,121,158,21,30,73,34,0.13291139240506328,0.189873417721519,0.4620253164556962,0.21518987341772153,64809.9675,45703.40166666667,17884.774999999998,0.1142429551920256,0.7873844361068957,0.01732295482295482,36135.98102574147,17887.782990530835,12
U0730,1076439.82,34723.86516129033,33598.26,15823.13125493347,9167.88,58128.72,31,0.45568461867467663,1,0,480129.19,4034.699075630252,3014.86,3625.4427813333386,103.88,17791.13,119,167,24,36,73,34,0.1437125748502994,0.2155688622754491,0.437125748502994,0.20359281437125748,89703.31833333334,40010.76583333333,47860.45166666667,0.5029987656439537,0.40171583288344964,0.016992266992266993,44001.00369767775,16400.36024264515,12
U0731,497949.58999999997,124487.39749999999,121164.23,26494.287078594098,96573.1,159048.03,4,0.2128270621015601,1,0,510856.58,3899.668549618321,2436.55,3897.430628234871,125.0,17208.47,131,149,33,32,48,36,0.2214765100671141,0.21476510067114093,0.3221476510067114,0.24161073825503357,41495.799166666664,42571.38166666667,-3248.7383333333346,0.19200216970292638,0.12773919728838373,0.028240740740740743,62835.625467590864,13862.041617727713,12
U0732,958843.23,30930.426774193547,28717.32,14074.13276216487,8090.41,58666.4,31,0.4550254952805069,1,0,506638.48,3809.311879699248,2626.89,3652.288197815618,131.4,17358.03,133,180,35,31,84,30,0.19444444444444445,0.17222222222222222,0.4666666666666667,0.16666666666666666,79903.6025,42219.87333333333,34967.24,0.03582062157847312,0.8647315457701533,0.033184789067142006,64642.76606388784,11987.486606987179,12
U0733,197026.73,856.6379565217392,860.565,201.6541959533389,500.25,1199.11,230,0.23540189226744992,1,0,503981.19,4307.531538461539,2952.82,3904.6560670944646,131.76,15540.23,117,368,262,27,46,33,0.7119565217391305,0.07336956521739131,0.125,0.08967391304347826,16418.89416666667,41998.4325,-27717.9825,-1.6654781604726026,2.541365167248087,0.007634196696696696,2477.799680609092,21194.262584945922,12
U0734,202561.41,844.0058750000001,841.13,198.2452109982736,502.0,1196.17,240,0.23488605573779162,1,0,507517.87,4375.154051724138,3040.565,3985.460384977413,162.67,17968.2,116,373,274,27,47,25,0.7345844504021448,0.07238605898123325,0.1260053619302949,0.06702412868632708,16880.1175,42293.15583333333,-28277.721666666665,-1.7001321929570843,2.5164565061982835,0.01340605871371049,1610.4890781042832,8455.436190312399,12
U0735,2622116.85,29134.631666666668,29820.870000000003,14044.251865352964,5130.13,49373.35,90,0.4820466593171722,1,0,534785.07,4312.782822580645,2733.15,4099.645045175274,125.32,17415.17,124,237,55,74,81,27,0.2320675105485232,0.31223628691983124,0.34177215189873417,0.11392405063291139,218509.73750000002,44565.42250000001,169607.92,0.7228315759356563,0.25318326729351015,0.03612539981667724,85164.3900832078,14839.057161145642,12
U0736,202014.94,848.8022689075631,843.4,202.2213756827304,508.61,1198.52,238,0.238243208212669,1,0,482191.14999999997,4052.026470588235,2645.62,3604.011768054065,218.54,16223.13,119,370,267,30,43,30,0.7216216216216216,0.08108108108108109,0.11621621621621622,0.08108108108108109,16834.578333333335,40182.59583333333,-26642.2825,-1.6504031232830287,2.441046847076464,0.016702100119438828,2222.6243385398484,13846.778866181681,12
U0737,200895.98,862.2145064377683,882.02,202.39229566109117,500.45,1192.75,233,0.23473543317807674,1,0,592707.12,4939.226,3110.3999999999996,4572.000621354162,109.0,17702.78,120,366,254,37,45,30,0.6939890710382514,0.10109289617486339,0.12295081967213115,0.08196721311475409,16741.331666666665,49392.26,-34120.72416666667,-2.05758887650719,2.9651457793841645,0.008198106828938472,1993.9937939077001,16956.08167434971,12
U0738,3194154.4,29304.168807339447,32021.47,12907.871401113389,5177.31,49600.81,109,0.4404790146404192,1,0,588469.55,4526.6888461538465,2913.575,4177.128693579481,121.4,17964.7,130,249,53,78,83,35,0.21285140562248997,0.3132530120481928,0.3333333333333333,0.14056224899598393,266179.5333333333,49039.12916666667,215812.58833333335,0.7756143212879326,0.21580188581647733,0.008597883597883597,86673.36370630475,10304.71992025319,12
U0739,507935.26,126983.815,139452.78,59716.4963225548,50015.45,179014.25,4,0.47026856393119704,1,0,534898.04,4384.410163934426,3169.015,4129.294361743371,103.26,17622.22,122,140,31,36,49,24,0.22142857142857142,0.2571428571428571,0.35,0.17142857142857143,42327.93833333333,44574.83666666667,-5186.370833333332,0.16588400947615736,0.07837048737763559,0.030200191964897847,80120.04527185064,15335.727776070868,12
U0740,641775.64,24683.67846153846,25274.23,9884.610361011784,5086.06,39932.46,26,0.4004512688987485,3,1,632653.38,4942.60453125,3406.955,4330.850454931376,225.94,17722.84,128,170,38,40,61,31,0.2235294117647059,0.23529411764705882,0.3588235294117647,0.18235294117647058,53481.30333333334,52721.115,-2490.273333333333,-0.19669009574764607,1.1066817353211078,0.1088717994967995,20471.843907890274,19581.22120760951,12
U0741,109822.26,109822.26,109822.26,0.0,109822.26,109822.26,1,0.0,1,0,485798.43,4152.123333333333,3353.75,3806.0676876417147,135.27,17596.95,117,141,35,32,54,20,0.24822695035460993,0.22695035460992907,0.3829787234042553,0.14184397163120568,9151.855,40483.2025,-34096.168333333335,0.03718498569112188,0.04614834764221146,0.041987179487179484,31702.955687006535,12092.288603015579,12
U0742,988604.51,30893.8909375,28643.585,14767.653984604623,8284.13,58074.91,32,0.47801210972358193,1,0,502144.38,3775.5216541353384,2473.96,3914.137859074611,131.13,17770.5,133,181,29,34,81,37,0.16022099447513813,0.1878453038674033,0.44751381215469616,0.20441988950276244,82383.70916666667,41845.365,37485.65416666667,0.40545739160838945,0.48125986409268245,0.026466735019366597,40558.30220299134,14529.322515128126,12
U0743,2730469.68,28149.171958762887,28582.58,13022.782899452332,5617.95,48827.23,97,0.4626346706940456,1,0,558565.14,4168.396567164179,3227.38,3431.1035576443705,115.09,14434.49,134,246,74,56,81,35,0.3008130081300813,0.22764227642276422,0.32926829268292684,0.14227642276422764,227539.14,46547.095,179497.41166666665,0.7505938887791621,0.24118252728258605,0.01585421888053467,80157.31139217207,12957.491216089142,12
U0744,737949.55,23804.82419354839,27832.38,12585.991458645272,5072.34,39978.25,31,0.5287160012740755,3,1,566508.37,3802.069597315436,2731.74,3472.181739295112,149.8,16723.95,149,193,44,53,54,42,0.22797927461139897,0.27461139896373055,0.27979274611398963,0.21761658031088082,61495.79583333333,47209.03083333333,12950.344166666662,-0.562984018966373,1.4367352801487279,0.09368761684938155,45375.66681660226,16880.41951182518,12
U0745,493634.52,98726.90400000001,98902.85,18729.589504985954,73767.37,118038.73,5,0.18971109946875223,1,0,525231.77,4413.7123529411765,3583.84,3898.8792307028793,108.87,17357.76,119,138,34,27,50,27,0.2463768115942029,0.1956521739130435,0.36231884057971014,0.1956521739130435,41136.21,43769.31416666667,-4178.750833333331,0.21764639507087166,0.11442837592882649,0.023412698412698413,69198.05196023683,16793.333504974507,12
U0746,198580.94,878.6767256637169,897.37,204.70840543755554,501.81,1199.71,226,0.23297351512631348,1,0,538057.45,4304.459599999999,2883.27,3850.386554816324,128.24,16940.23,125,366,250,36,50,30,0.6830601092896175,0.09836065573770492,0.1366120218579235,0.08196721311475409,16548.411666666667,44838.12083333333,-30760.748333333333,-1.938678375273011,2.792575342906954,0.010297882593897774,2524.3156011655674,17844.902386318245,12
U0747,194546.06,849.5461135371179,852.83,210.31831841242257,501.5,1193.27,229,0.24756551181989894,1,0,528847.78,4197.204603174603,3239.8900000000003,3520.5113163531573,137.89,15600.2,126,375,266,23,56,30,0.7093333333333334,0.06133333333333333,0.14933333333333335,0.08,16212.171666666667,44070.64833333334,-30926.625833333335,-1.9177355602343622,2.7364038958644996,0.015630091234929946,2082.885527465262,12027.733515748158,12
U0748,611036.61,152759.1525,166275.775,33318.049263752306,103193.64,175291.42,4,0.21810836678838152,1,0,492959.13,3912.374047619048,2813.325,3523.921631182891,113.43,15487.83,126,150,25,30,57,38,0.16666666666666666,0.2,0.38,0.25333333333333335,50919.717500000006,41079.9275,6369.318333333337,0.20198958468959663,0.046153393443617206,0.05271525859761154,95332.6531584072,18707.397734959446,12
U0749,2429514.54,29628.226097560975,30977.445,11753.602462726765,5042.62,49258.44,82,0.3967028746177394,1,0,694575.39,4661.579798657718,3154.15,4496.399403415708,113.97,17470.48,149,246,62,65,88,31,0.25203252032520324,0.26422764227642276,0.35772357723577236,0.12601626016260162,202459.545,57881.2825,144157.715,0.6481077593724357,0.34777792146332726,0.008417508417508417,64841.08889980117,23458.630234747347,12
U0750,609072.6799999999,21002.50620689655,21149.31,7975.918487878019,8101.99,34606.0,29,0.3797603204735149,3,1,511539.55,3996.402734375,2633.41,3927.8265748717617,100.13,16902.66,128,175,31,49,66,29,0.17714285714285713,0.28,0.37714285714285717,0.1657142857142857,50756.05666666667,42628.29583333333,7028.291666666668,0.038580963866743236,0.7649529683804285,0.0532901064550681,41168.02300714726,18609.502393025625,12
U0751,600244.83,20008.161,23395.48,9673.137153110065,5296.14,37717.29,30,0.48345958197307914,3,1,664293.73,4488.4711486486485,3042.8050000000003,4315.341667428304,138.34,17274.31,148,199,42,54,62,41,0.21105527638190955,0.271356783919598,0.31155778894472363,0.20603015075376885,50020.402500000004,55357.81083333333,-7237.968333333333,-1.7807884307751936,2.699474483812271,0.06313212250712251,38056.92889577454,14910.124494122936,12
U0752,1815399.85,26310.14275362319,25661.11,13949.348269751856,5225.88,49045.47,69,0.5301889997472887,1,0,547210.36,4677.011623931624,2900.21,4616.632609620006,110.09,17729.4,117,206,57,54,66,29,0.2766990291262136,0.2621359223300971,0.32038834951456313,0.1407766990291262,151283.32083333333,45600.863333333335,103804.49583333333,0.5417454356239945,0.4426011035457415,0.01420011148272018,73336.67628353453,20038.013716245943,12
U0753,303585.17,101195.05666666666,76463.77,57146.63714913181,60579.47,166541.93,3,0.5647176752652162,1,0,572697.5,4439.515503875969,2807.02,4125.3943941831485,140.58,17967.18,129,148,26,30,52,40,0.17567567567567569,0.20270270270270271,0.35135135135135137,0.2702702702702703,25298.764166666664,47724.791666666664,-25170.74,0.03660130194611472,0.19667228916268478,0.036676286676286675,51849.840129403136,22343.48032328236,12
U0754,207519.19,864.6632916666666,888.12,202.21786921256137,500.36,1194.1,240,0.2338689188745134,1,0,469290.95,4116.587280701755,3201.51,3834.916047027058,209.83,17969.32,114,364,273,30,35,26,0.75,0.08241758241758242,0.09615384615384616,0.07142857142857142,17293.265833333335,39107.57916666667,-23240.233333333334,-1.4452505193457679,2.3508911664103436,0.008811063218390805,2416.178075099215,13259.459898753215,12
U0755,209487.08,858.553606557377,869.88,196.10850035431676,502.18,1199.89,244,0.22841730423877832,1,0,516866.01,3745.4058695652175,2601.5150000000003,3550.539346702117,215.81,16326.05,138,403,279,25,64,35,0.6923076923076923,0.062034739454094295,0.1588089330024814,0.08684863523573201,17457.256666666664,43072.1675,-27629.134166666667,-1.5721147077906181,2.449168043453838,0.013405036249863835,2396.8690568752527,19226.51175425373,12
U0756,704543.7,30632.334782608694,26491.47,14328.420268872462,10647.25,56670.47,23,0.4677547555730988,1,0,559578.7,4207.358646616541,3054.05,3896.7251862965454,165.96,17797.59,133,171,30,33,76,32,0.17543859649122806,0.19298245614035087,0.4444444444444444,0.1871345029239766,58711.975,46631.55833333333,9871.734166666667,0.10316528844321156,0.7973381628472902,0.024624060150375937,38019.17840192081,17339.852647797336,12
U0757,198570.53,844.9809787234043,843.49,209.86004241609248,503.08,1199.42,235,0.24836067047704274,1,0,523585.79,3878.413259259259,2463.96,3687.4972726558744,102.36,17778.02,135,386,267,41,41,37,0.6917098445595855,0.10621761658031088,0.10621761658031088,0.09585492227979274,16547.544166666667,43632.14916666666,-28714.364166666666,-1.7247211642547466,2.6299916750303214,0.009924525365701835,1618.0543655798367,15523.524981991019,12
U0758,475621.53,33972.96642857143,33994.71,4477.395646069276,28015.1,39325.79,14,0.13179289643378814,1,0,550359.24,4299.6815625,2914.0150000000003,4147.413488281797,229.14,17642.96,128,168,30,44,66,28,0.17857142857142858,0.2619047619047619,0.39285714285714285,0.16666666666666666,39635.1275,45863.27,-12087.578333333331,-0.04548879813150614,0.7083625497775462,0.15169439084880262,30489.14553027598,17779.484563018126,12
U0759,2371320.71,28570.12903614458,28510.44,13106.627442401561,5457.38,48895.27,83,0.45875282627600783,1,0,550870.39,4237.464538461539,2577.44,4200.375243419564,117.87,17751.26,130,232,63,58,73,38,0.27155172413793105,0.25,0.3146551724137931,0.16379310344827586,197610.05916666667,45905.86583333334,150917.29166666666,0.6611054464012499,0.3333084764842688,0.013663342830009495,93715.6388070183,10865.329647729355,12
U0760,2721986.39,28652.488315789476,30557.84,13007.045253622451,5170.04,49951.66,95,0.45395866181907424,1,0,588349.23,4457.191136363636,3061.0550000000003,3921.97001762145,231.77,17575.05,132,248,63,75,86,24,0.2540322580645161,0.3024193548387097,0.3467741935483871,0.0967741935483871,226832.1991666667,49029.1025,175600.20083333334,0.7604190672204552,0.22906829519747,0.019777097902097904,60852.436428494686,16259.469827010813,12
U0761,200162.69,855.3961111111112,879.1949999999999,204.1599920028336,504.88,1198.43,234,0.23867304205725381,1,0,549592.38,4361.844285714285,3261.94,3867.860590656789,168.77,16850.83,126,381,267,34,52,28,0.7007874015748031,0.08923884514435695,0.13648293963254593,0.07349081364829396,16680.224166666667,45799.365,-31279.11916666667,-1.911075410068637,2.7815820965531732,0.015448815093334331,2477.200911400748,21905.482381482205,12
U0762,205274.66,866.1378059071731,885.58,207.8374626336146,500.81,1199.87,237,0.2399588855446973,1,0,547422.33,4379.37864,3144.03,3914.2253047997156,194.51,16648.58,125,382,262,30,52,38,0.6858638743455497,0.07853403141361257,0.13612565445026178,0.09947643979057591,17106.221666666668,45618.5275,-31802.11666666667,-1.914678917383929,2.7323625798743287,0.015071812367827548,1556.4858690643384,19362.295512861227,12
U0763,889923.11,26967.36696969697,24070.11,11847.837106164801,8795.45,52327.63,33,0.43933978128002366,1,0,594824.73,4506.247954545454,2891.465,4394.800288652668,202.46,17860.9,132,175,33,32,82,28,0.18857142857142858,0.18285714285714286,0.4685714285714286,0.16,74160.25916666667,49568.7275,24175.2025,-0.35164360737994294,1.3177578547858528,0.008333333333333333,57956.26336863224,18782.9271526517,12
U0764,192223.89,843.0872368421053,805.75,203.64860326374455,505.63,1196.92,228,0.24155104521156945,1,0,578621.04,4046.3009790209794,2790.54,3700.2704389994033,146.35,17995.48,143,387,268,34,45,40,0.6925064599483204,0.08785529715762273,0.11627906976744186,0.10335917312661498,16018.657500000001,48218.420000000006,-32691.171666666665,-2.121931861430785,3.0939381094358027,0.005357142857142856,1955.1050371974907,18742.962882901847,12
U0765,938468.44,33516.729999999996,33665.01,15565.5052260972,8987.01,59677.39,28,0.46441001929774184,1,0,495729.55,3784.195038167939,2756.89,3555.923982715296,163.71,16794.94,131,172,38,28,70,36,0.22093023255813954,0.16279069767441862,0.4069767441860465,0.20930232558139536,78205.70333333332,41310.79583333333,35315.54666666667,0.2716351507723187,0.6251083270654939,0.023660714285714285,69823.05940739236,13196.144787756943,12
U0766,2175950.32,26535.97951219512,24667.6,12236.275502337445,5113.92,49393.53,82,0.4611201744678024,1,0,571558.71,4141.729782608695,2716.34,3884.7911358601527,162.08,17711.82,138,236,62,75,60,39,0.2627118644067797,0.3177966101694915,0.2542372881355932,0.1652542372881356,181329.19333333333,47629.892499999994,132054.0125,0.6096351308467698,0.3743590780004437,0.017789577572186268,80242.63652330251,17779.984688789875,12
U0767,729037.69,22092.05121212121,25063.81,8199.563626367471,6294.49,36396.41,33,0.37115447305629234,3,1,597955.89,4152.471458333333,2780.23,4042.403991693568,136.1,17988.52,144,189,36,52,70,31,0.19047619047619047,0.2751322751322751,0.37037037037037035,0.164021164021164,60753.14083333333,49829.6575,9678.38083333333,0.1841552068077386,0.6340739667156731,0.055758319409635194,35540.117991552346,12702.32535316351,12
U0768,2864669.0100000002,28936.05060606061,30972.49,13558.500005411759,5023.87,49881.05,99,0.46856774581987887,1,0,589863.45,4644.594094488189,2898.17,4127.202362020648,258.99,16481.0,127,236,70,62,69,35,0.2966101694915254,0.2627118644067797,0.2923728813559322,0.1483050847457627,238722.4175,49155.2875,187790.84416666665,0.7722601067266376,0.2201100281304177,0.011977407286331771,63953.19554017897,17003.0331368479,12
U0769,197880.38,852.9326724137932,864.835,202.39815661155035,505.55,1196.18,232,0.2372967564236519,1,0,507632.94,4061.06352,2555.65,3874.837865124844,161.7,17938.49,125,373,257,33,50,33,0.6890080428954424,0.08847184986595175,0.13404825737265416,0.08847184986595175,16490.031666666666,42302.745,-27748.145833333332,-1.7170295342043822,2.6032636818810064,0.010721887733381986,1094.1818832503734,23333.29133045023,12
U0770,923278.29,38469.92875,45071.055,16581.218397973345,10804.66,59612.24,24,0.4310176529238658,1,0,646250.37,4971.1566923076925,3356.54,4419.664859151389,141.08,17824.38,130,166,27,37,72,30,0.16265060240963855,0.22289156626506024,0.43373493975903615,0.18072289156626506,76939.8575,53854.1975,22027.365833333333,-0.27471424210320894,1.10268973247095,0.020472582972582972,62935.79447553212,23231.219815753473,12
U0771,2181105.08,25361.686976744186,23860.535,13856.050635983507,5705.66,48644.66,86,0.5463378934015328,1,0,492670.72,4071.6588429752064,2580.64,3863.921092784115,172.87,16003.19,121,222,54,68,70,30,0.24324324324324326,0.3063063063063063,0.3153153153153153,0.13513513513513514,181758.75666666668,41055.89333333333,138681.66916666666,0.7117390111198416,0.2734452416290769,0.01868386243386243,70264.27955809711,18382.559244483655,12
U0772,2541186.59,27324.58698924731,28088.85,12960.323028323857,5481.08,49782.69,93,0.4743099331537551,1,0,536640.98,4293.12784,2757.86,3886.5869725121215,208.16,17804.61,125,236,63,74,75,24,0.2669491525423729,0.3135593220338983,0.3177966101694915,0.1016949152542373,211765.54916666666,44720.081666666665,166364.85333333333,0.7659985855421884,0.23059848533274904,0.011408730158730158,64938.703251951716,14734.206405703966,12
U0773,382640.56,34785.505454545455,34944.36,3236.5687815628557,29570.4,38757.74,11,0.09304360362945165,1,0,527157.99,4118.421796875,2806.4700000000003,3704.8909792364275,213.99,16849.59,128,154,28,35,48,43,0.18181818181818182,0.22727272727272727,0.3116883116883117,0.2792207792207792,31886.713333333333,43929.8325,-14445.561666666668,0.02113028129121938,0.7288697187087806,0.09559128235598824,22244.445644712112,15868.162479905322,12
U0774,289794.96,144897.48,144897.48,42369.03222696737,114938.05,174856.91,2,0.29240696406153766,1,0,452028.15,3830.7470338983053,2524.37,3787.327234041394,118.16,17339.33,118,133,31,27,48,27,0.23308270676691728,0.20300751879699247,0.3609022556390977,0.20300751879699247,24149.579999999998,37669.012500000004,-16106.621666666666,0.13613573267571366,0.026122124334341024,0.029029304029304027,57829.89769569009,18440.764067097323,12
U0775,614504.97,102417.495,99595.11499999999,42374.99097651857,54301.9,175018.51,6,0.4137475826421899,1,0,522265.01,3897.5000746268656,2673.67,3798.4121520698245,258.44,17014.71,134,154,35,36,49,34,0.22727272727272727,0.23376623376623376,0.3181818181818182,0.22077922077922077,51208.7475,43522.08416666667,6955.5941666666695,0.156058126956146,0.09394187304385403,0.008333333333333333,106043.27987007322,15422.140612512827,12
U0776,434285.03,108571.2575,118722.86499999999,48779.79312378939,43045.73,153793.57,4,0.44928827617004796,1,0,570009.17,4634.220894308944,3351.33,4026.253456114479,265.06,17708.21,123,136,28,26,50,32,0.20588235294117646,0.19117647058823528,0.36764705882352944,0.23529411764705882,36190.41916666667,47500.76416666667,-12527.045833333335,0.13781653108823386,0.02885013557843281,0.014161220043572986,86073.40063436519,17451.847203240253,12
U0777,2375846.41,26108.20230769231,25958.29,13126.499876243568,5191.31,49974.86,91,0.5027730259457995,1,0,557636.86,4192.758345864661,2989.07,3794.43828971314,103.14,17695.37,133,242,67,61,81,33,0.2768595041322314,0.25206611570247933,0.3347107438016529,0.13636363636363635,197987.20083333334,46469.738333333335,150839.16583333333,0.7145487475938413,0.27952645505975704,0.008134920634920636,93127.6713960162,18843.216259502,12
U0778,360160.95999999996,32741.905454545453,33181.05,4159.977010115235,28329.73,39530.91,11,0.12705360156544337,1,0,562965.63,4398.168984375,3202.2349999999997,3851.666573742844,101.06,16157.66,128,153,27,39,61,26,0.17647058823529413,0.2549019607843137,0.39869281045751637,0.16993464052287582,30013.413333333334,46913.8025,-18066.01166666667,-0.2963086924472427,1.0188333525193927,0.09260831760831761,22071.616840685747,12127.927007290484,12
U0779,560014.78,23333.94916666667,25412.095,8411.291474033926,5644.21,36380.74,24,0.36047440636622874,3,1,474567.83999999997,3736.754645669291,2651.46,3358.8992627214634,117.41,15609.82,127,163,32,40,49,42,0.19631901840490798,0.24539877300613497,0.3006134969325153,0.25766871165644173,46667.89833333334,39547.32,5743.0149999999985,-0.056297290778202426,1.018869663271144,0.06840982231849105,26203.54482653508,14177.111929410601,12
U0780,471488.09,117872.0225,125797.705,36692.70634610498,66721.64,153171.04,4,0.31129275266405965,1,0,518164.97000000003,4391.228559322034,3195.7250000000004,4156.9131993162955,144.48,17635.61,118,134,27,35,44,28,0.20149253731343283,0.26119402985074625,0.3283582089552239,0.208955223880597,39290.67416666667,43180.41416666666,-5160.9725,0.13509894660688423,0.027735064646917485,0.025036075036075037,94043.86689576949,21664.738534479755,12
U0781,569961.98,33527.175294117646,33018.35,3770.8822235620755,28589.13,39859.48,17,0.11247241052912912,1,0,511044.89,4367.905042735043,2833.17,3714.3468691656126,167.88,17004.0,117,145,30,28,65,22,0.20689655172413793,0.19310344827586207,0.4482758620689655,0.15172413793103448,47496.831666666665,42587.074166666665,581.3666666666671,0.0655032774113961,0.6981464643292107,0.1787479333531965,30296.094499656323,19974.775064382604,12
U0782,191070.92,852.9951785714286,849.49,200.6470326140632,500.01,1195.05,224,0.2352264557346045,1,0,518842.02,4150.73616,2616.52,3860.4238815978406,111.05,17919.27,125,359,256,38,34,31,0.713091922005571,0.10584958217270195,0.0947075208913649,0.08635097493036212,15922.576666666668,43236.835,-27314.25833333333,-1.7572721905131126,2.757272190513113,0.0,2583.864268621827,15138.55308365757,12
U0783,204779.31,846.1954958677686,830.96,204.56612799884996,500.3,1199.8,242,0.24174807003559926,1,0,415978.89,3555.3751282051285,1930.62,3681.879105553496,121.9,17829.98,117,374,272,30,41,31,0.7272727272727273,0.08021390374331551,0.10962566844919786,0.08288770053475936,17064.9425,34664.9075,-17728.383333333335,-1.0778411653393114,2.070082213558582,0.0026881720430107525,2303.9733403489363,14731.847932872955,12
U0784,189149.62,840.6649777777777,831.86,207.84075879213316,502.09,1199.07,225,0.2472337545707465,1,0,511897.02999999997,4128.20185483871,2528.505,4021.078061653917,133.05,17056.14,124,362,254,29,39,40,0.7016574585635359,0.08011049723756906,0.10773480662983426,0.11049723756906077,15762.468333333332,42658.08583333334,-29984.360833333336,-1.918214430034719,2.7172179988963534,0.016699070273064526,2286.4276987230273,16923.633682987638,12
U0785,2139894.19,26748.677375,27042.195,12795.881269017555,5087.64,48834.92,80,0.4783743543513263,1,0,503423.35,4092.872764227642,2932.83,3909.916943050867,112.91,16965.54,123,219,66,56,62,35,0.3013698630136986,0.2557077625570776,0.2831050228310502,0.1598173515981735,178324.51583333334,41951.94583333333,133796.845,0.676333567837875,0.2957241676804538,0.02045940170940171,74608.21463854944,14957.506558312849,12
U0786,550812.64,91802.10666666667,79008.105,36643.61219999451,64655.16,163260.57,6,0.39915872881923525,1,0,497315.84,3825.5064615384617,2030.205,4075.696369274913,160.15,17446.82,130,151,41,28,54,28,0.271523178807947,0.18543046357615894,0.3576158940397351,0.18543046357615894,45901.05333333334,41442.986666666664,1108.7341666666682,0.13856177232538855,0.10014947216774983,0.032438394938394934,97717.71084134147,17049.976029531714,12
U0787,1515567.21,36084.93357142857,39699.72,15956.453657809388,10226.2,59855.3,42,0.4421915763326618,1,0,557545.59,4724.9626271186435,3418.665,4257.769644087565,125.83,17558.05,118,175,23,27,89,36,0.13142857142857142,0.15428571428571428,0.5085714285714286,0.2057142857142857,126297.2675,46462.1325,76454.61750000001,0.48887412105979816,0.4906676444317495,0.022184065934065935,100650.05079086458,27471.960391889872,12
U0788,388600.58,97150.145,94480.60500000001,48103.25266000384,50437.34,149202.03,4,0.49514339541133817,1,0,453730.99,3845.177881355932,2655.76,3574.4562430011174,121.51,16817.77,118,135,25,30,50,30,0.18518518518518517,0.2222222222222222,0.37037037037037035,0.2222222222222222,32383.381666666668,37810.91583333333,-7169.158333333333,0.13794160144185444,0.18625069330068422,0.021271008403361342,54028.75542916733,17277.083098191324,12
U0789,202619.09,854.9328691983122,860.73,198.2681984235989,500.61,1197.8,237,0.2319108383439731,1,0,600337.04,4382.0221897810225,2703.8,4352.316912986034,113.91,17989.38,137,386,277,33,49,27,0.7176165803108808,0.08549222797927461,0.12694300518134716,0.06994818652849741,16884.924166666668,50028.08666666667,-34507.765,-2.056031780042429,2.9707667386386927,0.008208115062953773,2020.2137017852988,16801.41206871631,12
U0790,184155.77,840.8939269406392,839.07,206.2544584141179,501.92,1198.7,219,0.24527999525994665,1,0,457877.5,3442.687969924812,2456.23,3089.4993109148895,192.1,13863.27,133,371,261,25,54,31,0.7035040431266847,0.0673854447439353,0.14555256064690028,0.08355795148247978,15346.314166666665,38156.458333333336,-24802.8025,-1.682006565620439,2.56444354945339,0.010288149350649351,2089.0294906985714,15250.763839832496,12
U0791,464920.97000000003,92984.194,101546.88,33728.70480855113,42309.76,131952.14,5,0.3627358947538022,1,0,631721.96,4679.421925925925,3610.12,4008.4947047359633,115.93,17886.87,135,152,40,38,48,26,0.2631578947368421,0.25,0.3157894736842105,0.17105263157894737,38743.41416666667,52643.496666666666,-14911.471666666663,0.17773167359354672,0.1495205741167024,0.012152777777777776,57677.89760699996,19388.68240003399,12
U0792,2568294.85,28857.24550561798,29674.98,13169.569563454628,5028.32,49346.69,89,0.45636959913207076,1,0,559997.03,4274.786488549618,2436.06,4225.758141501479,201.74,17403.55,131,240,67,69,77,27,0.2791666666666667,0.2875,0.32083333333333336,0.1125,214024.57083333333,46666.41916666667,163111.235,0.7570648265983859,0.22352547878383186,0.03378191856452726,28450.26399046252,15544.715720724964,12
U0793,511489.69,20459.5876,24638.73,9713.167398792253,5037.72,33383.29,25,0.4747489337855595,3,1,526315.36,4048.5796923076923,2573.79,3842.533460876624,126.31,16867.63,130,169,28,48,66,27,0.16568047337278108,0.28402366863905326,0.3905325443786982,0.15976331360946747,42624.14083333333,43859.613333333335,-1795.9733333333334,-0.678040861397884,1.5792064143649363,0.05688131313131314,26808.883372261127,17016.23588668419,12
U0794,805829.59,38372.83761904762,41458.43,14972.43219941066,12127.29,59334.53,21,0.3901830859643958,1,0,549462.72,4100.468059701492,2757.175,3890.9154786938084,130.94,17724.89,134,172,31,30,83,28,0.18023255813953487,0.1744186046511628,0.48255813953488375,0.16279069767441862,67152.46583333334,45788.56,19043.737500000003,0.09664230086525749,0.8009849762773612,0.02370823620823621,43026.5885991736,16003.013655774623,12
U0795,439323.85,33794.14230769231,34142.1,2622.3782599075766,29631.4,38085.09,13,0.07759860380627752,1,0,558773.3,4331.575968992249,3291.56,3647.184046840221,169.35,16166.73,129,154,27,24,70,33,0.17532467532467533,0.15584415584415584,0.45454545454545453,0.21428571428571427,36610.32083333333,46564.44166666667,-11657.397500000001,0.031165785825877954,0.5425176690763014,0.09424231813937696,36835.593896618884,16898.316719962393,12
U0796,576557.74,26207.17,28352.864999999998,10344.187945729762,5749.65,39864.07,22,0.39470831630159847,3,1,518416.14,4050.12609375,2401.465,3874.06251443738,235.33,17221.72,128,165,33,48,54,30,0.2,0.2909090909090909,0.32727272727272727,0.18181818181818182,48046.47833333333,43201.345,1886.7199999999964,-0.1090168163742858,0.8168476378439227,0.06715761090761091,62404.9637809078,17565.3380456038,12
U0797,205606.62,853.1395020746887,845.93,200.03133027666198,511.28,1197.27,241,0.23446497295016833,1,0,462251.66000000003,3852.097166666667,2425.79,3689.9751812590653,127.34,15920.54,120,384,269,27,49,39,0.7005208333333334,0.0703125,0.12760416666666666,0.1015625,17133.885,38520.97166666667,-24643.454166666666,-1.4694719214291772,2.2769346525823355,0.01331065472165878,1917.8880255659064,17425.36778821551,12
U0798,186151.25,838.5191441441441,809.38,197.00378182668294,500.57,1198.58,222,0.23494249738061718,1,0,443536.47,3727.197226890756,2714.83,3420.0460267479516,101.1,16046.47,119,359,247,36,48,28,0.6880222841225627,0.10027855153203342,0.13370473537604458,0.07799442896935933,15512.604166666666,36961.372500000005,-23122.460833333334,-1.652996055920738,2.5310724828757034,0.005651340996168583,2497.3975990781,14784.948834991941,12
U0799,2517088.21,25684.57357142857,23915.57,12711.989498373787,5513.01,49015.54,98,0.4949270215844486,1,0,481974.02,3492.565362318841,2274.7349999999997,3258.4923756236276,201.14,16411.06,138,250,71,64,87,28,0.284,0.256,0.348,0.112,209757.35083333333,40164.50166666667,168545.45833333334,0.7468627234725931,0.24791302074804947,0.006944444444444444,70039.63084729914,17212.454328877327,12
U0800,1043501.05,37267.89464285714,38842.979999999996,15214.018723286581,10256.12,59002.38,28,0.4082339200828061,1,0,542564.8,4306.069841269842,3329.455,3721.0680366354995,152.46,16469.04,126,167,33,30,74,30,0.19760479041916168,0.17964071856287425,0.4431137724550898,0.17964071856287425,86958.42083333334,45213.73333333334,41177.270833333336,0.26990813545181863,0.5453082725384665,0.005952380952380952,60962.595365883535,17735.614139158904,12
U0801,2479100.3,29868.67831325301,31936.71,13287.119896326047,5992.51,49606.04,83,0.4448512839093529,1,0,484522.77999999997,4004.3204958677684,2411.93,3808.991676343809,271.05,17672.79,121,224,57,57,81,29,0.2544642857142857,0.2544642857142857,0.36160714285714285,0.12946428571428573,206591.69166666665,40376.89833333333,163032.90833333333,0.766638271154747,0.21600273931207234,0.030650822059490792,72237.55083108757,14474.492048498052,12
U0802,339644.16,33964.416,34517.065,4320.733550138604,28314.71,39207.89,10,0.12721353872648963,1,0,516889.89,4168.46685483871,2264.0299999999997,4143.0194586622765,110.1,16623.16,124,154,36,21,69,28,0.23376623376623376,0.13636363636363635,0.44805194805194803,0.18181818181818182,28303.680000000004,43074.1575,-15481.8075,-0.030904080971917422,0.6857723128183836,0.08396464646464646,24241.34743924145,15210.883236433127,12
U0803,504067.56,100813.512,104682.11,26551.24893988172,59168.4,132577.78,5,0.2633699433056327,1,0,464024.55,3597.0895348837207,2329.7,3228.1129672798156,149.32,14689.47,129,158,34,38,53,33,0.21518987341772153,0.24050632911392406,0.33544303797468356,0.2088607594936709,42005.63,38668.7125,-112.3091666666678,0.16176391396051612,0.07166110682760728,0.047192159692159695,86058.72384702245,12889.061848355354,12
U0804,199461.56,838.073781512605,837.355,203.32165595987138,501.76,1197.43,238,0.2426059142345492,1,0,496550.44,4244.020854700855,2838.23,3837.0191710714653,173.81,17857.18,117,374,266,36,43,29,0.7112299465240641,0.0962566844919786,0.11497326203208556,0.07754010695187166,16621.796666666665,41379.20333333333,-26124.67916666667,-1.6795067700916466,2.594506562341238,0.010418154180320474,2296.5626501255124,18610.224681740918,12
U0805,191251.43,865.3910859728506,871.25,205.94472617162654,511.13,1196.65,221,0.237978793068002,1,0,585090.38,4366.346119402985,2852.3,4130.051235173818,353.73,15703.89,134,374,260,35,45,34,0.6951871657754011,0.09358288770053476,0.12032085561497326,0.09090909090909091,15937.619166666665,48757.53166666667,-35707.41333333333,-2.2775136740400126,3.098218358682068,0.01006882551000198,1829.813580273627,19329.36815839652,12
U0806,860242.88,28674.762666666666,28083.79,12861.384914050204,8117.83,59605.81,30,0.4485262899490736,1,0,603703.95,4643.876538461538,3185.285,3970.272054347325,113.49,17981.75,130,179,30,37,80,32,0.16759776536312848,0.20670391061452514,0.44692737430167595,0.1787709497206704,71686.90666666666,50308.6625,20449.0,-0.3091623501967486,1.3013496671587785,0.009594298245614035,36886.70867962565,21430.21110059099,12
U0807,435282.39,33483.26076923077,31712.26,3931.5642055367325,29325.73,39867.86,13,0.11741879719043428,1,0,634045.73,4803.376742424242,2976.5649999999996,4217.7935571815615,115.24,17603.82,132,165,45,27,59,34,0.2727272727272727,0.16363636363636364,0.3575757575757576,0.20606060606060606,36273.5325,52837.144166666665,-19058.1825,-0.18309614458557935,0.8731518082900035,0.11718696250429995,26440.262365076735,15648.186342417657,12
U0808,631692.25,21056.408333333333,21646.77,9747.82151457516,5214.18,39032.63,30,0.4629384727092264,3,1,640607.58,4890.134198473282,3210.93,4311.25573443229,228.34,17469.31,131,176,33,44,65,34,0.1875,0.25,0.3693181818181818,0.19318181818181818,52641.020833333336,53383.965,-2895.186666666666,-0.5575586761051742,1.4449443968758604,0.04890089807852965,30309.44429862189,23180.16938850005,12
U0809,783099.52,29003.685925925925,27864.42,13317.757706922814,8168.64,58434.51,27,0.45917466286649744,1,0,512772.62,4168.883089430894,2497.65,3922.4616396797605,154.16,17811.84,123,167,29,29,77,32,0.17365269461077845,0.17365269461077845,0.46107784431137727,0.19161676646706588,65258.293333333335,42731.051666666666,18647.646666666667,-0.07614157677059667,0.8164785321127646,0.03138588993852152,47599.0228588457,9920.136186113241,12
U0810,1953763.45,25707.413815789474,25583.15,13519.457768615424,6100.03,49670.63,76,0.5258972320394121,1,0,480959.9,4110.768376068377,2919.19,3744.0820071651096,120.44,17310.66,117,212,62,47,69,34,0.29245283018867924,0.22169811320754718,0.32547169811320753,0.16037735849056603,162813.62083333332,40079.99166666667,119768.61833333333,0.5367923061283846,0.42822851576738613,0.022957516339869283,108860.25604785577,21258.303634547923,12
U0811,368593.12,33508.465454545454,32576.48,3003.2596639863264,29404.25,38361.28,11,0.08962689348040352,1,0,469276.82,3528.397142857143,2141.06,3542.8779981831094,108.32,17960.21,133,165,31,35,64,35,0.18787878787878787,0.21212121212121213,0.3878787878787879,0.21212121212121213,30716.093333333334,39106.401666666665,-12094.112500000001,-0.09861093828270177,0.7322187248963878,0.1227095004668534,31293.007748860487,12081.0969098346,12
U0812,194278.53,844.6892608695653,848.08,197.07998682704502,505.93,1189.3,230,0.23331655314779431,1,0,563334.84,4300.265954198473,3137.14,3803.871179422914,173.05,16934.84,131,378,267,36,42,33,0.7063492063492064,0.09523809523809523,0.1111111111111111,0.0873015873015873,16189.8775,46944.57,-32613.376666666667,-2.082064222544069,2.97568916177892,0.012920935047951177,2352.0933317757804,13071.697482029986,12
U0813,417126.08999999997,21954.004736842104,23184.74,9104.826890624412,6905.99,37174.11,19,0.4147228261887523,3,1,532999.78,4099.998307692308,3063.2650000000003,3565.041098266022,111.35,16345.91,130,164,17,49,61,37,0.10365853658536585,0.29878048780487804,0.3719512195121951,0.22560975609756098,34760.5075,44416.64833333334,-11488.663333333336,-0.5888135131855223,1.329969061371601,0.04071545284780579,27128.031546660408,12644.288849766295,12
U0814,364080.85,33098.25909090909,32864.03,3287.0962874228508,28739.69,38380.64,11,0.09931326836237435,1,0,538816.22,4081.9410606060605,2612.895,3998.1023628352477,107.36,17280.23,132,160,35,37,58,30,0.21875,0.23125,0.3625,0.1875,30340.07083333333,44901.35166666666,-17652.365833333333,0.07471938157504715,0.4840453577803454,0.09333664021164022,30051.521713360104,14725.858678324292,12
U0815,198214.19,825.8924583333334,821.4549999999999,193.29326276498364,500.67,1199.51,240,0.2340416852274606,1,0,459656.14,4032.071403508772,2459.3999999999996,3675.440363339991,108.06,17274.81,114,371,269,34,43,25,0.7250673854447439,0.09164420485175202,0.11590296495956873,0.0673854447439353,16517.849166666667,38304.67833333334,-26808.507499999996,-1.7079064952364604,2.3991834928878437,0.01590923510822936,2400.050874655704,15898.000866108257,12
U0816,203239.36,853.9468907563024,865.705,196.34009894461948,503.99,1196.05,238,0.22992073754227255,1,0,524125.42,3798.010289855072,2732.7799999999997,3434.867852798239,137.27,16789.91,138,395,274,33,52,36,0.6936708860759494,0.08354430379746836,0.13164556962025317,0.09113924050632911,16936.61333333333,43677.11833333333,-27938.468333333334,-1.6845742014722738,2.61007872521051,0.00505514705882353,1591.1918416956473,11447.364017585272,12
U0817,329599.9,109866.63333333335,113064.89,41639.21742551646,66720.51,149814.5,3,0.3789978464087803,1,0,444240.49,3931.331769911504,2486.18,3988.429061630798,105.32,17929.93,113,138,25,24,57,32,0.18115942028985507,0.17391304347826086,0.41304347826086957,0.2318840579710145,27466.658333333336,37020.04083333333,-12048.707500000002,0.14693380817543503,0.10306619182456499,0.034188034188034185,52765.92596779011,19129.032563556113,12
U0818,457581.4,35198.56923076923,35355.39,2592.3290539669206,30417.99,39256.6,13,0.07364870534853464,1,0,576160.59,4299.705895522387,3240.895,3662.8197880749067,139.93,17637.34,134,164,29,32,63,40,0.17682926829268292,0.1951219512195122,0.38414634146341464,0.24390243902439024,38131.78333333333,48013.3825,-12269.855000000001,-0.20776202679721248,1.0124835227346287,0.10995315958551254,23893.35254678412,18974.389924084575,12
U0819,295041.73,32782.41444444444,33067.13,2571.2414054455826,28157.18,36711.59,9,0.07843355802248803,1,0,570091.35,4318.873863636363,2801.19,4330.517373268774,131.87,17787.13,132,164,33,29,63,39,0.20121951219512196,0.17682926829268292,0.38414634146341464,0.23780487804878048,24586.810833333333,47507.612499999996,-25330.05416666667,-0.1291544795672718,0.6386270730183993,0.08524981962481963,24957.63103751288,21336.610108471956,12
U0820,801593.92,22902.68342857143,24206.14,9950.529423593778,6160.32,39584.95,35,0.4344700242059998,3,1,579355.33,4561.852992125984,2614.42,4563.714972521093,119.85,17165.47,127,181,24,50,74,33,0.13259668508287292,0.27624309392265195,0.4088397790055249,0.18232044198895028,66799.49333333333,48279.61083333333,16814.314166666667,-0.15453220107788115,1.0611497007216226,0.09044742165872195,40667.33763409343,17637.8716327857,12
U0821,471494.25,117873.5625,123636.14499999999,57391.17263252099,53830.77,170391.19,4,0.48688757186346165,1,0,477989.07,3917.9431967213113,2319.4300000000003,3832.5130483563817,107.73,17684.92,122,149,28,30,54,37,0.18791946308724833,0.20134228187919462,0.3624161073825503,0.2483221476510067,39291.1875,39832.4225,-5655.50833333334,0.10162059649797661,0.06417894264296048,0.07903500366735661,120157.08103167644,18623.856548406904,12
U0822,514370.72000000003,102874.144,100181.83,47136.53924103286,54845.79,174041.82,5,0.45819617455123474,1,0,551219.35,4340.309842519685,2973.16,3919.8980346531653,157.06,16342.49,127,147,28,36,47,36,0.19047619047619047,0.24489795918367346,0.3197278911564626,0.24489795918367346,42864.22666666667,45934.94583333333,-4303.33833333333,0.11442907404802281,0.051204295397243194,0.01011029411764706,132158.00420827285,20736.1082567265,12
U0823,706746.89,33654.61380952381,34704.77,3156.9496199567016,28640.35,38605.39,21,0.09380436328356638,1,0,507332.65,4336.176495726496,3221.76,3925.4370374116697,200.91,17748.67,117,157,29,32,65,31,0.18471337579617833,0.20382165605095542,0.4140127388535032,0.19745222929936307,58895.574166666665,42277.72083333333,13621.177500000003,0.18895072115797262,0.6795115112814382,0.18118131868131868,27581.310559667843,17834.223570701186,12
U0824,686990.16,114498.36,101318.08,42173.42130733953,72826.59,166675.76,6,0.3683320993186237,1,0,577931.86,4128.084714285714,2781.3450000000003,4075.1837540848965,138.95,17393.22,140,163,34,36,60,33,0.2085889570552147,0.22085889570552147,0.36809815950920244,0.20245398773006135,57249.17999999999,48160.988333333335,4657.391666666658,0.17110817649847712,0.0771229758671917,0.04675925925925926,117980.56491477512,19406.861473327528,12
U0825,312802.9,34755.87777777778,36072.93,3363.4557877307434,30281.4,39120.66,9,0.09677372584965385,1,0,484429.07,4364.225855855856,2566.74,3928.0430350552815,145.91,15624.83,111,132,21,30,49,32,0.1590909090909091,0.22727272727272727,0.3712121212121212,0.24242424242424243,26066.90833333333,40369.089166666665,-15127.294166666667,-0.19183030889329614,0.8414291403684229,0.10273754023754024,21318.13203861438,19434.757724358627,12
U0826,716437.58,32565.344545454544,31154.915,15265.795263496359,8831.11,58952.73,22,0.4687742591572596,1,0,621250.99,4169.469731543624,2637.52,3898.8580433683105,137.18,16356.98,149,185,41,34,64,46,0.22162162162162163,0.1837837837837838,0.34594594594594597,0.24864864864864866,59703.13166666666,51770.91583333333,4401.133333333333,-0.2560551333395077,1.043855252432408,0.027722114486820368,45903.07415067611,20790.266064643398,12
U0827,466662.69999999995,116665.67499999999,107113.45,38212.578072864526,81409.93,171025.87,4,0.32753916756462026,1,0,511589.71,3996.794609375,2638.62,4049.523314146249,104.58,17950.72,128,152,34,30,56,32,0.2236842105263158,0.19736842105263158,0.3684210526315789,0.21052631578947367,38888.55833333333,42632.47583333333,-5640.749166666666,0.1652670913946911,0.0832783493193379,0.03444317120787709,72662.00417718326,17064.96987301363,12
U0828,187774.75,834.5544444444445,828.33,202.93405268702477,501.72,1199.78,225,0.24316454610953056,1,0,613757.8,4794.9828125,3361.9700000000003,4040.5501636589042,212.37,16830.35,128,367,253,32,54,28,0.6893732970027248,0.08719346049046321,0.14713896457765668,0.07629427792915532,15647.895833333334,51146.48333333334,-37606.51333333333,-2.5055195563128243,3.350716359032815,0.011419753086419751,2821.660683267788,13889.624120834904,12
U0829,639139.74,20617.410967741936,20112.82,9438.11885898751,5181.47,38145.31,31,0.4577742022873007,3,1,480363.57,3666.8974809160304,2871.23,2891.9278323720696,188.08,13847.39,131,178,29,50,67,32,0.16292134831460675,0.2808988764044944,0.37640449438202245,0.1797752808988764,53261.645,40030.2975,12255.341666666667,0.03691350074793034,0.8599692121606154,0.05069597799860958,32213.93317461688,17896.353165233577,12
U0830,858855.4,33032.9,33137.75,16542.292136486525,8498.1,59192.77,26,0.5007823151005975,1,0,526930.63,4249.440564516129,2521.66,4177.537943559017,142.36,17050.91,124,175,31,30,83,31,0.17714285714285713,0.17142857142857143,0.4742857142857143,0.17714285714285713,71571.28333333334,43910.885833333334,26521.689166666667,0.10330144300262667,0.7151524777301806,0.022762033288349078,57240.53613512755,21694.270346131176,12
U0831,999505.43,29397.218529411766,27080.41,13991.402083482759,8473.9,57570.83,34,0.47594305799660713,1,0,537495.42,4071.9350000000004,2629.44,3746.7776074156436,139.73,16987.75,132,183,25,32,89,37,0.1366120218579235,0.17486338797814208,0.48633879781420764,0.20218579234972678,83292.11916666666,44791.285,35558.346666666665,0.27258467142953363,0.6203319778175448,0.026672979797979796,46175.499725159345,10474.773780107485,12
U0832,513486.42000000004,128371.60500000001,143354.435,56573.72733892208,54185.26,172592.29,4,0.4407028122685081,1,0,481992.15,4084.679237288136,2849.45,3611.365134041824,201.9,16263.73,118,138,35,27,54,22,0.2536231884057971,0.1956521739130435,0.391304347826087,0.15942028985507245,42790.534999999996,40166.012500000004,1120.2783333333293,0.12221164337762909,0.1277883566223709,0.012896825396825398,101388.24838046607,11711.521910880694,12
U0833,426900.91000000003,22468.468947368423,23944.82,9305.55054039129,5870.25,36062.17,19,0.414160420195484,3,1,499615.02999999997,3872.9847286821705,2631.52,3495.786833315631,149.67,14132.95,129,161,29,34,61,37,0.18012422360248448,0.2111801242236025,0.37888198757763975,0.22981366459627328,35575.075833333336,41634.58583333334,-7899.028333333333,-0.16297863839007012,0.9411052883225001,0.06176231176231176,26218.096268795805,6615.853945207484,12
U0834,486168.13,121542.0325,117059.065,43450.18180652901,73202.95,178847.05,4,0.35749099231600406,1,0,497758.0,4014.1774193548385,2443.1800000000003,3777.5971696566794,158.77,17123.06,124,142,34,33,45,30,0.23943661971830985,0.2323943661971831,0.31690140845070425,0.2112676056338028,40514.010833333334,41479.833333333336,-2821.4850000000006,0.17725383192334107,0.07274616807665893,0.024688852813852812,75302.60657183189,11344.536602068805,12
U0835,209358.8,104679.4,104679.4,85380.32954328648,44306.39,165052.41,2,0.8156364054750647,1,0,544573.43,3917.794460431655,2599.6,3781.7863456146047,128.01,15600.48,139,155,28,41,52,34,0.18064516129032257,0.2645161290322581,0.33548387096774196,0.21935483870967742,17446.566666666666,45381.119166666664,-30162.76,0.07462784462663812,0.09203882204002856,0.02638888888888889,48197.28583473523,15649.944114100308,12
U0836,953548.01,36674.92346153846,37493.165,14621.790962648029,10274.93,59095.05,26,0.39868633885445237,1,0,602826.47,4400.193211678832,2943.25,3925.86284682611,124.38,16284.77,137,179,34,23,83,39,0.18994413407821228,0.12849162011173185,0.46368715083798884,0.21787709497206703,79462.33416666667,50235.53916666666,25822.575833333336,0.2846704955395489,0.5788638660599424,0.0345063025210084,43264.726741713035,16027.782233998032,12
U0837,269287.36,33660.92,33184.72,3630.743359844805,29337.79,39132.68,8,0.10786227351613698,1,0,550705.11,4172.008409090909,2694.495,3985.4060006359555,114.84,17996.79,132,157,40,37,51,29,0.25477707006369427,0.2356687898089172,0.3248407643312102,0.18471337579617833,22440.61333333333,45892.0925,-26137.620833333334,-0.17404600995194983,0.6973642734455733,0.08652882205513784,20987.187963308097,25704.933455440427,12
U0838,3063977.26,30949.26525252525,31568.41,11975.07874043392,5660.27,49837.8,99,0.38692610770321395,1,0,662584.6,4446.8765100671135,3232.17,4210.637579115789,183.39,17397.58,149,263,67,68,81,47,0.25475285171102663,0.2585551330798479,0.30798479087452474,0.17870722433460076,255331.43833333332,55215.38333333333,199520.75749999998,0.7631909809021454,0.23440899563372694,0.0033333333333333335,73973.46662877375,15706.228972790228,12
U0839,202082.67,849.0868487394958,841.06,200.91897967755315,500.23,1199.68,238,0.2366294802184554,1,0,660778.17,4858.663014705882,3526.8599999999997,4331.155582586061,108.1,17708.41,136,387,275,37,43,32,0.710594315245478,0.09560723514211886,0.1111111111111111,0.082687338501292,16840.2225,55064.8475,-38656.60333333333,-2.4385093527192114,3.4150937734590108,0.0025252525252525255,2397.7678385839877,26594.542677732734,12
U0840,994465.0700000001,34291.89896551724,31978.38,16468.704495163664,9821.63,58832.05,29,0.4802505837231128,1,0,510323.84,4182.982295081967,2931.1949999999997,3740.33958435424,163.2,17847.55,122,169,30,33,77,29,0.17751479289940827,0.1952662721893491,0.4556213017751479,0.17159763313609466,82872.08916666667,42526.986666666664,36219.45166666667,0.38753939273095234,0.4821682864977474,0.031191643323996265,52525.95074316858,23162.772130196463,12
U0841,548323.75,109664.75,98959.24,53695.64511945172,51884.68,166035.87,5,0.4896345007803485,1,0,677024.66,4605.609931972789,3266.33,3917.6377263467334,122.86,17409.82,147,169,30,42,60,37,0.17751479289940827,0.2485207100591716,0.35502958579881655,0.21893491124260356,45693.645833333336,56418.72166666667,-13291.738333333333,-0.01867827989585814,0.2513958043936991,0.025503389154704945,123157.09268095609,19441.051553964517,12
U0842,998301.7,33276.723333333335,31654.505,12785.145151914103,9383.71,57649.05,30,0.384206853055968,1,0,597814.84,4331.991594202898,2627.685,4024.502568430721,106.77,16705.9,138,190,41,35,82,32,0.21578947368421053,0.18421052631578946,0.43157894736842106,0.16842105263157894,83191.80833333333,49817.90333333333,30613.80333333333,0.053695664294408106,0.8323643822531817,0.029981701896663535,64889.44901833282,22052.297681225187,12
U0843,2603455.83,28927.287,31668.025,13331.74721592275,5626.65,49787.33,90,0.46087098371592017,1,0,503789.05,4198.2420833333335,2800.4750000000004,4100.147660904626,101.87,17228.96,120,226,63,55,79,29,0.27876106194690264,0.24336283185840707,0.3495575221238938,0.12831858407079647,216954.6525,41982.42083333333,171027.59583333333,0.7737830199326092,0.2072861179818859,0.022578146755778333,49357.17230691275,16657.957730123762,12
U0844,603297.72,120659.544,114901.6,40058.8432729295,63534.76,168689.99,5,0.3319989612502555,1,0,557311.92,4644.2660000000005,3500.92,4127.749514341956,149.35,16918.86,120,143,29,34,49,31,0.20279720279720279,0.23776223776223776,0.34265734265734266,0.21678321678321677,50274.81,46442.66,2216.7925000000037,0.22913803908210117,0.10040275552331786,0.027987637362637364,75541.35687856373,13057.837952192127,12
U0845,2617866.34,25919.468712871287,25032.9,13047.052580986532,5108.71,49145.77,101,0.5033688277147258,1,0,629587.73,4529.408129496403,3391.66,3959.1038607759415,132.84,17390.42,139,262,72,55,101,34,0.2748091603053435,0.2099236641221374,0.38549618320610685,0.1297709923664122,218155.52833333332,52465.644166666665,162920.77583333335,0.6900326823119739,0.29965791096636696,0.02000365978626848,91426.13762406108,11639.68088656406,12
U0846,2463930.02,28321.03471264368,30758.98,12666.664986123631,5834.5,49632.26,87,0.44725290282098024,1,0,566581.55,4228.22052238806,2815.225,3830.6191917568776,243.32,17081.37,134,238,58,65,80,35,0.24369747899159663,0.27310924369747897,0.33613445378151263,0.14705882352941177,205327.50166666668,47215.12916666666,155063.57166666666,0.6136554191799669,0.3701427021253294,0.01932831661092531,76679.61048380448,15231.077141740923,12
U0847,726848.76,27955.721538461537,26727.08,11975.125604471861,9010.13,51531.76,26,0.4283604552290471,1,0,446995.79,3886.919913043478,2817.03,3674.047564046539,124.2,15148.64,115,162,39,27,71,25,0.24074074074074073,0.16666666666666666,0.4382716049382716,0.15432098765432098,60570.73,37249.64916666666,21109.6275,0.21698583865370277,0.6825570908560353,0.03725633528265107,46571.11646191251,16901.518535783303,12
U0848,194329.4,856.0766519823788,854.09,197.68849899241462,500.53,1194.21,227,0.23092382969987105,1,0,528322.0,4594.104347826087,2899.07,4229.084477293039,105.09,17309.01,115,356,258,27,39,32,0.7247191011235955,0.07584269662921349,0.10955056179775281,0.0898876404494382,16194.116666666667,44026.833333333336,-29700.7975,-1.8779336059379732,2.7714038634278544,0.005208333333333333,1722.8021082755815,15005.252134433904,12
U0849,778483.48,111211.92571428571,100212.43,45178.35369339017,45876.29,167767.21,7,0.4062365920131423,1,0,539777.13,4613.4797435897435,3595.61,3864.8428039294545,121.3,17853.66,117,142,33,19,55,35,0.2323943661971831,0.13380281690140844,0.3873239436619718,0.24647887323943662,64873.62333333333,44981.4275,17478.388333333325,0.20494043552573094,0.12098446127728069,0.04047619047619048,119665.62000808757,19521.770686148477,12
U0850,729828.16,25166.48827586207,28009.37,10671.024278974906,5002.15,39483.81,29,0.42401721535419007,3,1,543557.1,4383.525,2576.565,4118.246420976256,102.12,17949.71,124,164,32,45,53,34,0.1951219512195122,0.27439024390243905,0.3231707317073171,0.2073170731707317,60819.013333333336,45296.424999999996,13768.88833333333,-0.4767114823214751,1.3612867639804127,0.11759897738999907,36436.19058925701,16115.54289024306,12
U0851,581748.09,22374.926538461536,25720.085,9656.4385762843,5598.21,37849.96,26,0.43157409074328346,3,1,519461.88,4223.2673170731705,2471.77,4048.8167300771447,272.16,16979.05,123,167,35,43,67,22,0.20958083832335328,0.25748502994011974,0.40119760479041916,0.1317365269461078,48479.00750000001,43288.49,427.5841666666699,-0.49954594500142674,1.262081918815037,0.0914141414141414,36794.682606480754,17649.425799434022,12
U0852,560149.31,112029.86200000001,131307.64,47082.7536096294,42170.41,155366.13,5,0.42026967425550693,1,0,604712.16,4956.657049180328,2978.955,4516.008403208237,202.68,17896.43,122,143,34,30,43,36,0.23776223776223776,0.2097902097902098,0.3006993006993007,0.2517482517482518,46679.10916666667,50392.68,-5220.167499999994,0.17069492598277644,0.07798420491226078,0.03209117271617271,98544.88532644784,14739.739122965262,12
U0853,1106478.91,35692.86806451613,37615.11,15233.380438957822,10807.66,59349.66,31,0.42679059613318115,1,0,582093.29,4280.0977205882355,2564.14,4305.518927355819,120.81,17884.29,136,185,36,31,81,37,0.1945945945945946,0.16756756756756758,0.43783783783783786,0.2,92206.57583333332,48507.77416666667,42301.4475,-0.023293960819499342,1.012699091590552,0.016004554655870445,57631.305392749,21181.185429445057,12
U0854,1173430.04,34512.64823529412,36159.665,16649.931851575242,9712.71,59743.78,34,0.4824298540657424,1,0,591571.78,4165.998450704225,2421.79,4320.388985851843,112.55,17024.16,142,193,32,39,93,29,0.16580310880829016,0.20207253886010362,0.48186528497409326,0.15025906735751296,97785.83666666667,49297.64833333334,47524.78166666667,0.006598639383155223,0.9636533551321854,0.0124777183600713,71153.14429463641,15944.917934382634,12
U0855,592082.0,25742.695652173912,26554.39,8644.018362314237,6446.47,38800.65,23,0.33578528368237415,3,1,634049.66,4226.997733333334,2785.995,3972.3813374385054,160.3,17337.57,150,188,40,43,66,39,0.2127659574468085,0.22872340425531915,0.35106382978723405,0.2074468085106383,49340.166666666664,52837.47166666667,-4746.947499999999,-0.23736852036255474,1.1270788773744485,0.061768084426753155,24581.480706723218,26155.08956973969,12
U0856,264830.71,33103.83875,32870.795,3184.093056915615,28564.81,38408.33,8,0.09618500987036177,1,0,466506.52,3673.27968503937,2735.38,3241.5566383121572,160.77,16727.87,127,151,41,28,57,25,0.271523178807947,0.18543046357615894,0.37748344370860926,0.16556291390728478,22069.22583333333,38875.543333333335,-17819.22,0.03583344062818657,0.4548268955887844,0.06660989473489473,26064.467356121037,13718.48698320517,12
U0857,486168.31,18698.781153846154,18221.815,9643.31055186561,5757.02,36387.97,26,0.5157186702450965,3,1,481398.28,4260.161769911505,3155.22,3695.094894834818,111.41,16568.27,113,151,21,37,66,27,0.1390728476821192,0.24503311258278146,0.4370860927152318,0.17880794701986755,40514.02583333333,40116.52333333333,-708.5583333333343,-0.5218828026418977,1.4810780182100445,0.04865257291727879,26351.938818068516,18598.761413980006,12
U0858,793666.76,22676.193142857144,25824.46,11182.683448032438,5565.14,39789.55,35,0.49314641913582885,3,1,548589.62,4285.85640625,2828.1899999999996,3868.5370282601734,100.52,16799.57,128,185,30,49,73,33,0.16216216216216217,0.2648648648648649,0.3945945945945946,0.1783783783783784,66138.89666666667,45715.801666666666,17720.265,0.0579142745624722,0.8781317045548086,0.11744313513856858,34621.16454356321,14593.701703478946,12
U0859,1300261.11,37150.317428571434,42403.88,16754.940524692367,9813.56,59393.43,35,0.4510039667065277,1,0,498882.34,4263.951623931624,2677.84,3945.386955226397,340.12,17330.24,117,172,29,32,84,27,0.1686046511627907,0.18604651162790697,0.4883720930232558,0.1569767441860465,108355.09249999998,41573.528333333335,64662.878333333334,0.4205827493685333,0.48154968914789986,0.030467796092796092,60804.81266929454,16498.663036681508,12
U0860,258308.18,32288.5225,32916.955,1579.8316625491634,29466.56,33979.32,8,0.048928583293000275,1,0,458829.72,3556.8195348837207,2093.03,3599.9559115212314,119.85,15854.69,129,157,31,38,64,24,0.19745222929936307,0.24203821656050956,0.40764331210191085,0.15286624203821655,21525.681666666667,38235.810000000005,-18049.0825,-0.05129729718113602,0.6298802999460499,0.06648920251861429,20658.13232883001,11249.62850671887,12
U0861,682191.24,21318.47625,23994.77,7806.042022846789,6159.8,36168.87,32,0.36616322533120954,3,1,537580.82,4594.707863247862,3006.78,3905.7617813496295,137.07,16073.05,117,169,27,45,70,27,0.15976331360946747,0.26627218934911245,0.41420118343195267,0.15976331360946747,56849.27,44798.40166666667,8440.516666666665,0.055582974845575055,0.8596459223128857,0.05731390069625364,22230.731239977446,16383.76416700766,12
U0862,211318.93,845.27572,843.9649999999999,203.616561708742,501.39,1197.44,250,0.24088774454416131,1,0,527327.6,4025.401526717557,2346.72,3928.822649897406,148.94,16411.65,131,399,285,33,50,31,0.7142857142857143,0.08270676691729323,0.12531328320802004,0.07769423558897243,17609.91083333333,43943.96666666667,-27901.844166666666,-1.61853214296045,2.530536900155103,0.007473544973544973,2537.8395638970273,15142.5054675406,12
U0863,2834249.61,28342.4961,28592.95,12604.265928023862,5083.74,49951.97,100,0.44471262811689555,1,0,481619.09,4300.170446428571,3087.04,3948.9156191869115,155.72,15828.79,112,221,60,54,68,39,0.27149321266968324,0.24434389140271492,0.3076923076923077,0.17647058823529413,236187.4675,40134.92416666667,193762.23750000002,0.7967120605953383,0.19222936774897692,0.01412622465254044,78451.80898353334,17355.979963342717,12
U0864,548994.25,137248.5625,133109.91,20099.688383893543,118347.02,164427.41,4,0.14644735083395533,1,0,534084.78,3898.429051094891,2536.24,3711.5581987514283,131.12,16072.44,137,158,29,34,57,38,0.18354430379746836,0.21518987341772153,0.36075949367088606,0.24050632911392406,45749.520833333336,44507.065,-2001.5425000000002,0.19872291103972975,0.04885550242640713,0.045522186147186144,87627.45834032165,14875.56705227401,12
U0865,1034777.4,33379.91612903226,31841.32,13473.649441519961,10498.87,59906.24,31,0.40364539531605426,1,0,462530.76,3854.4230000000002,2518.66,3551.861230869285,159.74,17051.9,120,164,27,34,77,26,0.16463414634146342,0.2073170731707317,0.4695121951219512,0.15853658536585366,86231.45,38544.23,44912.78833333334,-0.05298109394097752,0.9223051174209916,0.018452380952380953,55432.08993584033,12367.316223998714,12
U0866,893666.27,24153.142432432433,23845.27,8800.0581995441,5931.11,38897.51,37,0.36434423488214646,3,1,553086.53,4127.511417910448,2825.8199999999997,3866.7705145404007,180.03,16262.15,134,189,22,47,74,46,0.1164021164021164,0.24867724867724866,0.3915343915343915,0.24338624338624337,74472.18916666666,46090.54416666667,25804.040000000005,0.20243798032237062,0.7742623489219645,0.09339293006341061,35282.45336094093,18802.350560864583,12
U0867,2135789.99,25426.071309523813,25325.8,12629.617848630947,5042.95,49348.67,84,0.49671920191226265,1,0,545093.28,4360.74624,3066.66,3862.653110338271,157.18,16454.22,125,227,64,57,74,32,0.28193832599118945,0.2511013215859031,0.32599118942731276,0.14096916299559473,177982.49916666668,45424.44,131093.87416666668,0.6461492782755122,0.3433246403201826,0.014624183006535946,85256.35248377816,18991.36941130748,12
U0868,461062.27,35466.32846153846,35249.24,2830.8596888897123,29909.03,39059.11,13,0.07981823356651209,1,0,553372.89,4224.220534351145,2136.74,4208.43706655156,115.75,16637.76,131,161,36,40,54,31,0.2236024844720497,0.2484472049689441,0.33540372670807456,0.19254658385093168,38421.855833333335,46114.4075,-8985.737499999997,-0.18475015374236592,0.9861294854530559,0.10200636101371396,26157.09136137811,17663.532034947093,12
U0869,289299.63,32144.403333333335,32362.94,2986.2261653088167,28618.59,36365.65,9,0.09290034518115128,1,0,496171.02,3758.8713636363636,2485.675,3607.5587882771906,148.85,17778.51,132,150,35,31,45,39,0.23333333333333334,0.20666666666666667,0.3,0.26,24108.3025,41347.585,-18764.185,-0.24753393501340734,0.8700232080817449,0.08489959114959116,20125.735145378203,14560.815089049163,12
U0870,2698366.98,28403.86294736842,29619.84,13233.683323576955,5255.0,49737.13,95,0.46591139198561154,1,0,548916.31,4426.744435483872,3024.91,3978.156445977054,103.54,17756.45,124,238,67,76,71,24,0.2815126050420168,0.31932773109243695,0.29831932773109243,0.10084033613445378,224863.915,45743.02583333334,175982.25416666665,0.7497548454697559,0.23713383142684108,0.01992468545100124,72973.71895931792,18232.741867572124,12
U0871,539948.52,33746.7825,33262.565,3899.454856926371,29056.92,39678.55,16,0.1155504189747977,1,0,520908.61,4006.9893076923076,3023.735,3822.9136532440775,224.96,17535.96,130,161,41,31,59,30,0.2546583850931677,0.19254658385093168,0.36645962732919257,0.18633540372670807,44995.71,43409.050833333335,369.0325000000021,-0.004966147354931856,0.8963857106940694,0.11594042531542531,22170.786477066864,16193.702835510676,12
U0872,186155.96,93077.98,93077.98,25555.984585067345,75007.17,111148.79,2,0.2745653116351187,1,0,558364.14,4017.008201438849,2807.87,3975.4705764712644,152.11,17628.29,139,153,39,39,44,31,0.2549019607843137,0.2549019607843137,0.2875816993464052,0.20261437908496732,15512.996666666666,46530.345,-31149.45166666667,0.06392949401680804,0.1027371726498586,0.005208333333333333,37040.87703030122,7593.984239884166,12
U0873,279521.41000000003,93173.80333333334,74320.74,43579.15702303147,62195.33,143005.34,3,0.46771898821308316,1,0,551691.82,4413.534559999999,2613.83,4333.768681414838,125.17,17949.42,125,143,25,37,55,26,0.17482517482517482,0.25874125874125875,0.38461538461538464,0.18181818181818182,23293.450833333336,45974.31833333333,-24717.451666666664,0.10625439560351328,0.059691821823554585,0.043316941343257136,61140.57508717661,19994.74169054447,12
U0874,958672.27,31955.742333333335,35406.78,14282.077374735642,8256.51,56589.36,30,0.4469330496459121,1,0,607729.16,4604.008787878788,3094.66,4077.6398880139204,111.24,17411.29,132,181,32,42,73,34,0.17679558011049723,0.23204419889502761,0.40331491712707185,0.1878453038674033,79889.35583333333,50644.09666666667,25272.101666666666,0.19817853478340183,0.7563676664599633,0.03281979458450047,27278.148266807544,15297.703675627761,12
U0875,2439869.04,25956.053617021276,23861.1,13477.088248684018,5693.09,49885.38,94,0.5192271694124606,1,0,496801.53,3974.41224,2465.38,3889.961053210965,146.61,17196.4,125,233,74,51,76,32,0.31759656652360513,0.21888412017167383,0.3261802575107296,0.13733905579399142,203322.42,41400.1275,160372.21333333335,0.7667410637088291,0.22479861627709155,0.011687552213868004,57610.11576991918,13202.040349094204,12
U0876,192428.46,836.6454782608695,816.77,204.0499243313735,500.79,1199.43,230,0.24389054818718556,1,0,480865.12,3846.92096,2637.3,3920.385131338095,145.27,17965.21,125,370,260,36,45,29,0.7027027027027027,0.0972972972972973,0.12162162162162163,0.07837837837837838,16035.705,40072.09333333333,-24715.510833333334,-1.6022117206188222,2.546114077501319,0.0056905864197530865,2827.667420907847,12057.505023063686,12
U0877,924547.11,23113.67775,24269.595,9287.508890702575,5766.29,39317.22,40,0.40181874088395886,3,1,490825.9,4502.989908256881,3272.78,3686.9931538222845,170.73,16514.65,109,163,36,56,51,20,0.22085889570552147,0.34355828220858897,0.3128834355828221,0.12269938650306748,77045.5925,40902.15833333333,33904.12,0.3759698899573991,0.5974325481271205,0.09777690990926285,37494.491034791456,17008.79628126407,12
U0878,458484.51999999996,19103.521666666664,19061.75,9924.59782242067,5483.08,37232.44,24,0.5195166627176335,3,1,607925.75,4437.414233576642,2991.87,3976.423059336139,171.21,15944.84,137,174,37,46,58,33,0.21264367816091953,0.26436781609195403,0.3333333333333333,0.1896551724137931,38207.04333333333,50660.479166666664,-13874.635833333336,-1.3499971417897985,2.15788449461173,0.05395807895807895,35377.60804284009,19904.541806429486,12
U0879,202627.8,869.6472103004292,869.1,210.92148837862976,500.45,1199.64,233,0.2425368423889552,1,0,500491.24,4036.219677419355,2369.825,4302.600476595318,110.16,17955.23,124,373,270,21,53,29,0.7238605898123325,0.05630026809651475,0.14209115281501342,0.0777479892761394,16885.649999999998,41707.60333333333,-26380.703333333335,-1.605988712559893,2.508611285862042,0.00858784893267652,2038.7974802007018,12145.550798036242,12
U0880,209308.3,868.4991701244812,892.44,197.74859368056642,503.15,1197.72,241,0.22769002030505484,1,0,568688.58,4212.508,3100.72,3576.7082810597226,136.52,15988.44,135,390,283,35,48,24,0.7256410256410256,0.08974358974358974,0.12307692307692308,0.06153846153846154,17442.358333333334,47390.715,-31694.47333333333,-1.8779563521475922,2.7658985906362403,0.0053819444444444435,2021.7131752543369,16814.164585557297,12
U0881,226160.59,32308.655714285713,32234.64,3023.1141564334894,28532.29,37245.38,7,0.09356979080676446,1,0,503201.54,3870.781076923077,2440.63,3593.0348417243804,109.04,16914.26,130,152,29,38,59,26,0.19078947368421054,0.25,0.3881578947368421,0.17105263157894737,18846.715833333332,41933.46166666666,-25055.686666666665,0.08849866037936326,0.24107095472455353,0.07095034595034595,33099.11638551932,13861.215229334122,12
U0882,3037902.43,29494.198349514565,30539.76,12723.299942047737,5301.23,49743.61,103,0.43138314156815,1,0,473431.77,3945.2647500000003,2686.755,3638.1274152848196,216.05,15878.6,120,237,63,57,93,24,0.26582278481012656,0.24050632911392406,0.3924050632911392,0.10126582278481013,253158.53583333336,39452.6475,212504.36833333332,0.8339775244524917,0.16225047369615261,0.012419484702093397,68517.29605685646,13417.929679534378,12
U0883,523681.37,104736.274,97849.59,43942.20770367688,64217.52,173741.12,5,0.4195509924639565,1,0,576486.04,4844.420504201681,3474.65,4042.6880997087637,124.04,17604.35,119,138,28,31,51,28,0.2028985507246377,0.2246376811594203,0.3695652173913043,0.2028985507246377,43640.114166666666,48040.503333333334,-5880.569999999995,0.1421378036998471,0.02320796255940886,0.02441077441077441,109341.38524551247,20527.909913402083,12
U0884,2603626.73,28929.18588888889,30224.285,13220.146637695627,5723.13,49242.93,90,0.45698301668327335,1,0,608144.07,4642.321145038168,3449.38,4365.829209136413,109.54,17187.86,131,239,64,53,74,48,0.26778242677824265,0.2217573221757322,0.30962343096234307,0.200836820083682,216968.89416666667,50678.67249999999,163075.05166666667,0.6842945391491967,0.3024643117160678,0.023429976456292245,74261.83809876663,22171.334242399626,12
U0885,769217.42,23309.61878787879,24699.59,9684.14290253523,5140.81,39902.72,33,0.41545694035850433,3,1,559582.77,4476.66216,3009.33,4032.0433581735274,141.53,17892.52,125,174,28,55,57,34,0.16091954022988506,0.3160919540229885,0.3275862068965517,0.19540229885057472,64101.45166666667,46631.8975,13687.260833333334,0.21101314595137677,0.5803917930341771,0.0946584189231248,36778.162651073464,13134.174953971398,12
U0886,197215.73,853.7477489177489,854.61,201.37897247024446,500.95,1197.03,231,0.2358764315636814,1,0,498441.78,3692.1613333333335,2359.52,3476.5077058598167,102.26,14473.65,135,383,261,34,53,35,0.6814621409921671,0.08877284595300261,0.13838120104438642,0.09138381201044386,16434.64416666667,41536.815,-26933.595833333336,-1.7166316978169658,2.605725521499101,0.008032293377120964,2274.551919727401,14743.192351247466,12
U0887,946849.92,135264.2742857143,132026.5,32630.047224458045,98697.95,176835.01,7,0.24123182116465333,1,0,522757.65,4356.31375,3074.56,3794.3954417834475,139.98,17590.05,120,146,29,36,51,30,0.19863013698630136,0.2465753424657534,0.3493150684931507,0.2054794520547945,78904.16,43563.1375,34414.106666666674,0.2696125405746797,0.06372079275865365,0.012152777777777776,119749.57979103211,13372.94316857405,12
U0888,192197.86,96098.93,96098.93,36833.54578539785,70053.68,122144.18,2,0.3832877825528115,1,0,524664.55,4231.165725806452,2896.92,3974.5257834766408,133.77,17172.08,124,145,35,36,48,26,0.2413793103448276,0.2482758620689655,0.3310344827586207,0.1793103448275862,16016.488333333333,43722.04583333334,-29232.206666666665,0.06203697923609419,0.10462968743057248,0.022095959595959596,39020.25582022422,22657.014418111612,12
U0889,358109.88,32555.443636363638,32530.17,2694.7021390731584,28796.41,35796.17,11,0.08277270520937524,1,0,539526.72,4118.524580152672,2769.08,3789.2808455990007,248.07,16945.77,131,164,23,43,70,28,0.1402439024390244,0.2621951219512195,0.4268292682926829,0.17073170731707318,29842.49,44960.56,-15987.459166666667,-0.02423207307166249,0.6693419727663351,0.07513508056271213,25170.17742408193,16716.79777336013,12
U0890,2872123.72,28721.237200000003,27830.625,13804.252788312466,5360.01,49911.78,100,0.48062876582184505,1,0,629286.86,4661.384148148148,2662.29,4303.69741356065,230.36,17550.23,135,254,64,87,75,28,0.25196850393700787,0.3425196850393701,0.2952755905511811,0.11023622047244094,239343.64333333334,52440.57166666666,181331.79833333334,0.6873984977292857,0.2836234478461476,0.03725451681973421,122419.1071125757,19039.844691000377,12
U0891,2211008.14,27637.60175,26443.114999999998,12987.09262978417,5050.45,49349.39,80,0.4699066419460281,1,0,527705.8,4122.7015625,2822.52,3558.9020633316823,214.95,17624.94,128,226,50,59,81,36,0.22123893805309736,0.2610619469026549,0.3584070796460177,0.1592920353982301,184250.67833333334,43975.48333333334,137247.31083333332,0.7116817329031292,0.27429147469816983,0.025263813915129704,58027.563872277395,6089.826843166519,12
U0892,481775.15,34412.510714285716,34886.695,3495.864753913301,28420.56,39108.33,14,0.10158702987230912,1,0,474644.23,3922.679586776859,2758.29,3745.9443979786097,134.2,15545.6,121,148,20,31,60,37,0.13513513513513514,0.20945945945945946,0.40540540540540543,0.25,40147.92916666667,39553.68583333334,-1215.9983333333341,-0.14555260477249193,1.0946427131378649,0.14090369053604349,22581.935341777247,25033.692839322284,12
U0893,707840.64,20818.842352941178,23719.445,9848.445080635074,5421.31,38992.22,34,0.4730544049315853,3,1,530193.66,4455.408907563025,2854.79,4153.152659453019,108.25,17914.54,119,165,26,59,51,29,0.15757575757575756,0.3575757575757576,0.3090909090909091,0.17575757575757575,58986.72,44182.805,12097.715833333334,-0.4219643205062647,1.1277749710129337,0.07888588127558716,41372.49207892761,17485.647784090866,12
U0894,620929.71,103488.28499999999,94647.33,49812.92641197854,52377.24,170521.99,6,0.48133879513008204,1,0,648480.15,4503.334375,2886.77,3889.011827159929,112.68,16323.7,144,165,36,37,61,31,0.21818181818181817,0.22424242424242424,0.3696969696969697,0.18787878787878787,51744.142499999994,54040.012500000004,-3726.7499999999986,0.14431737682239762,0.18152087384444207,0.01103988603988604,85127.26258891418,18720.3542136895,12
U0895,898103.93,30969.10103448276,32255.91,15369.115167864215,8335.54,57798.27,29,0.4962725637644879,1,0,499028.63,4057.1433333333334,2490.76,4217.105456639361,116.24,17941.81,123,170,43,21,75,31,0.2529411764705882,0.12352941176470589,0.4411764705882353,0.18235294117647058,74841.99416666666,41585.71916666667,31488.78916666667,0.17992500051586388,0.6757820279639309,0.023866484392800185,54285.312752004604,21848.42872276026,12
U0896,951652.08,31721.735999999997,31901.36,16183.828481147808,9681.11,55977.9,30,0.5101810468742256,1,0,545419.16,4507.596363636364,2964.04,4245.655907987795,163.14,17782.72,121,165,25,30,82,28,0.15151515151515152,0.18181818181818182,0.49696969696969695,0.1696969696969697,79304.34,45451.59666666667,32506.73,0.14267029186005722,0.8420711435335136,0.009722222222222222,47410.418749479926,18865.952954829085,12
U0897,1142792.22,33611.53588235294,33235.034999999996,15855.006805938378,8659.94,59998.19,34,0.4717132493270779,1,0,607719.87,4468.528455882353,2980.41,4309.446526084531,200.92,17878.3,136,188,32,35,78,43,0.1702127659574468,0.18617021276595744,0.4148936170212766,0.22872340425531915,95232.685,50643.3225,41010.693333333336,0.317314658927502,0.5476514635833092,0.03188616938616939,62276.29647116375,22119.68033794797,12
U0898,234964.34,117482.17,117482.17,38437.2922494002,90302.9,144661.44,2,0.327175538631949,1,0,545144.91,4098.8339097744365,2735.77,3700.230006209244,191.26,16900.24,133,152,40,30,51,31,0.2631578947368421,0.19736842105263158,0.3355263157894737,0.20394736842105263,19580.361666666668,45428.7425,-28821.455833333337,0.05738639247697474,0.023030111718229242,0.037968975468975465,67828.36247448137,10980.787390353558,12
U0899,459006.44,32786.17428571429,31132.239999999998,4259.084862545571,28164.57,39361.0,14,0.12990490520272,1,0,560982.12,4598.214098360656,2789.29,4159.02853126611,104.59,17528.29,122,165,35,34,66,30,0.21212121212121213,0.20606060606060606,0.4,0.18181818181818182,38250.53666666666,46748.51,-10847.405833333336,-0.2087737951275296,0.989667451786532,0.1249051752341226,24881.77645741606,17351.45802370667,12
U0900,514661.22,34310.748,34059.33,3403.5507264204466,29528.28,39723.12,15,0.0991978002467462,1,0,524061.88,4331.089917355372,2714.83,4212.1793258247935,262.83,17995.45,121,146,33,26,49,38,0.22602739726027396,0.1780821917808219,0.3356164383561644,0.2602739726027397,42888.435,43671.823333333334,-2483.5724999999998,-0.01863282672744083,0.7454431581091131,0.12063331512828417,36652.58089458827,19018.376286641742,12
U0901,709959.97,29581.665416666667,27208.4,15347.193172206915,8700.99,56364.89,24,0.5188076112699227,1,0,523636.97000000003,4363.641416666667,2562.0600000000004,4228.386450582866,117.51,17971.76,120,162,33,32,65,32,0.2037037037037037,0.19753086419753085,0.4012345679012346,0.19753086419753085,59163.33083333333,43636.41416666666,13368.954166666668,-0.19168363842912528,1.0631879943910836,0.02825244930508088,44868.155477292574,19132.68188428968,12
U0902,395150.81,131716.93666666668,150806.73,47973.873123984195,77136.75,167207.33,3,0.36421947198324756,1,0,517557.69,4075.257401574803,3059.75,3640.872795775676,156.02,16380.71,127,150,31,29,53,37,0.20666666666666667,0.19333333333333333,0.35333333333333333,0.24666666666666667,32929.23416666667,43129.8075,-14000.194999999998,0.14032197587338335,0.10536578295074638,0.03085378673613968,62985.58685484849,12664.570072450955,12
U0903,2187957.87,27011.825555555555,28221.16,12047.310869623876,5098.51,49928.61,81,0.4460013576219061,1,0,499857.61,4063.883008130081,2811.72,3910.527742107622,152.71,17932.99,123,223,57,57,72,37,0.2556053811659193,0.2556053811659193,0.32286995515695066,0.16591928251121077,182329.8225,41654.800833333335,136849.67250000002,0.7400451424017217,0.24023248638731676,0.030975423159347645,47966.13305001354,18850.93983747493,12
U0904,202299.33000000002,853.583670886076,853.64,208.71254296753696,500.9,1199.15,237,0.2445132798181104,1,0,679698.05,5394.428968253968,3786.88,4377.932484064839,103.08,16735.11,126,384,262,29,60,33,0.6822916666666666,0.07552083333333333,0.15625,0.0859375,16858.2775,56641.50416666667,-42454.135833333334,-2.521400528188711,3.372077344221957,0.013011812066317073,1666.245923408366,26743.832550524265,12
U0905,711395.76,26347.99111111111,27769.06,8386.631588911805,6953.33,37390.06,27,0.3183025056272738,3,1,621729.15,4317.563541666666,2855.21,3947.0697573579314,126.0,17179.03,144,188,27,53,62,46,0.14361702127659576,0.28191489361702127,0.32978723404255317,0.24468085106382978,59282.98,51810.762500000004,4677.002500000003,0.06062115441078147,0.8105604844874175,0.10270999425411191,27923.57725144242,18397.221758603624,12
U0906,735961.51,22998.7971875,24270.105,9633.777790085773,5065.19,39302.21,32,0.41888180984185536,3,1,651831.84,4689.437697841727,3150.01,4300.333412758698,194.97,16725.03,139,183,35,47,67,34,0.1912568306010929,0.2568306010928962,0.366120218579235,0.18579234972677597,61330.12583333333,54319.32,3935.260833333334,-0.1255524830140309,0.9469815782387868,0.0888809325922329,36307.45590765406,11814.78804365952,12
U0907,1069698.52,32415.106666666667,27649.48,16465.33349021526,8001.84,59078.29,33,0.5079524698015881,1,0,583609.2,4139.072340425531,2749.22,3987.378332950226,151.1,17781.75,141,193,33,41,92,27,0.17098445595854922,0.21243523316062177,0.47668393782383417,0.13989637305699482,89141.54333333333,48634.1,37864.87416666666,0.07611314203585605,0.7051100134681706,0.024999999999999998,72524.62561093694,22500.83226341558,12
U0908,879721.1,23150.555263157894,24170.59,8223.146517249997,7332.84,39774.88,38,0.3552029929207108,3,1,504935.0,4390.739130434783,3252.94,3857.081007355303,138.02,17569.84,115,169,29,45,72,23,0.17159763313609466,0.26627218934911245,0.4260355029585799,0.13609467455621302,73310.09166666666,42077.916666666664,29284.51166666667,0.24487592607084854,0.558645603586279,0.07608075618911532,55817.61380170467,17826.09744034359,12
U0909,198777.77,853.1234763948497,862.18,206.60884469547054,500.57,1198.39,233,0.24217929808773203,1,0,430953.68,3393.336062992126,2259.17,3537.7574887771298,127.17,17547.39,127,380,271,26,48,35,0.7131578947368421,0.06842105263157895,0.12631578947368421,0.09210526315789473,16564.814166666667,35912.806666666664,-19821.479166666668,-1.2395655731205808,2.2118204959351377,0.0025252525252525255,2083.6780854077083,9538.651457522545,12
U0910,530669.02,27929.94842105263,28864.83,8281.285843293004,14235.3,39805.62,19,0.2965020099017031,3,1,637068.06,5265.025289256198,3689.39,4517.726274094834,103.13,17675.0,121,152,23,34,47,48,0.1513157894736842,0.2236842105263158,0.3092105263157895,0.3157894736842105,44222.418333333335,53089.005000000005,-9670.220833333335,-0.3017948439652915,1.129558898699411,0.081368746993747,44468.25029582769,20537.964259030377,12
U0911,206418.35,882.1297008547009,899.05,195.44242433832167,502.18,1194.48,234,0.22155746955233036,1,0,586599.54,4345.181777777778,2736.97,4133.838845295909,175.41,17031.45,135,389,267,31,51,40,0.6863753213367609,0.07969151670951156,0.13110539845758354,0.10282776349614396,17201.529166666667,48883.295000000006,-34561.03,-2.0326267692227167,2.8619870844031348,0.010680796702302079,1389.2500434109857,14246.34246778673,12
U0912,421459.71,35121.6425,37077.145000000004,3840.477344090836,28811.61,39966.11,12,0.10934788554068438,1,0,528340.7,4095.6643410852707,2958.15,3708.089448356636,123.19,17074.19,129,162,30,34,69,29,0.18518518518518517,0.20987654320987653,0.42592592592592593,0.17901234567901234,35121.6425,44028.39166666666,-12319.636666666665,-0.1386526503601927,0.7161344713252623,0.10920584045584046,34604.918697273795,14402.115496193815,12
U0913,2380296.35,27359.72816091954,27506.72,13762.974722806832,5390.25,49891.52,87,0.5030376998579166,1,0,612909.03,4286.0771328671335,2903.29,4255.695687832495,100.73,17310.42,143,245,65,72,70,38,0.2653061224489796,0.2938775510204082,0.2857142857142857,0.15510204081632653,198358.02916666667,51075.7525,146783.6625,0.6589637069184456,0.3380806291078531,0.007954545454545455,98205.18507383262,15554.614533934133,12
U0914,609785.29,24391.411600000003,27587.24,11551.608470107341,6285.45,39967.62,25,0.473593273712266,3,1,585613.55,4370.250373134329,3327.765,3746.4594553082097,145.04,16475.33,134,180,27,52,67,34,0.15,0.28888888888888886,0.37222222222222223,0.18888888888888888,50815.440833333334,48801.12916666667,-786.3083333333328,-1.81968844107309,2.708610513508478,0.09686013519217852,43915.49838679848,15902.602586996118,12
U0915,213307.01,71102.33666666667,56482.89,36936.884305626445,43712.82,113111.3,3,0.5194890356246582,1,0,551481.42,4275.049767441861,3216.95,3484.8349830803645,297.59,17420.07,129,145,27,30,53,35,0.18620689655172415,0.20689655172413793,0.36551724137931035,0.2413793103448276,17775.584166666667,45956.785,-30175.3475,0.10212764528879352,0.05989486410387254,0.01891025641025641,41606.04171653558,15890.799311136276,12
U0916,693144.55,115524.09166666667,115497.785,43070.06511085091,69868.11,165827.91,6,0.3728232309770097,1,0,616562.55,4533.5481617647065,2876.755,4385.926349111602,282.58,17670.75,136,162,28,39,59,36,0.1728395061728395,0.24074074074074073,0.36419753086419754,0.2222222222222222,57762.04583333334,51380.2125,5843.019166666665,0.19275404137474564,0.056570653701300565,0.012362637362637362,111519.17604065283,12504.051061245658,12
U0917,2573397.41,28593.30455555556,27754.605000000003,12188.081272546842,6675.14,49894.45,90,0.4262564772415838,1,0,549402.73,4226.174846153846,2564.45,4051.5162927496513,164.01,17577.25,130,241,52,67,85,37,0.2157676348547718,0.27800829875518673,0.35269709543568467,0.15352697095435686,214449.78416666668,45783.56083333333,167400.45083333334,0.773905068644473,0.2196858896424998,0.009259259259259259,42327.03146739628,18694.23557711864,12
U0918,579587.62,115917.524,115322.68,31308.19243524496,77096.57,158110.43,5,0.2700902448127253,1,0,520575.98,3718.399857142857,2386.98,3638.1304295479645,108.28,17968.0,140,158,29,26,59,44,0.18354430379746836,0.16455696202531644,0.37341772151898733,0.27848101265822783,48298.96833333333,43381.331666666665,2240.7683333333334,0.14479201897646363,0.02026929816714839,0.03289206767467637,135125.45380659276,19972.438741923983,12
U0919,496958.73,33130.582,32223.94,3717.7001077724685,28068.9,39943.49,15,0.11221354661902613,1,0,508515.58999999997,4068.12472,2591.4,3782.509443992554,168.2,16660.43,125,161,15,36,75,35,0.09316770186335403,0.2236024844720497,0.4658385093167702,0.21739130434782608,41413.2275,42376.29916666667,-4151.361666666668,0.0335515262026403,0.5883253191889097,0.12545809310515194,35669.17371812354,15669.787302419938,12
U0920,483389.33,34527.809285714284,34889.71000000001,3191.24228749067,28902.62,39697.53,14,0.09242527555349511,1,0,571983.99,4575.87192,2834.63,4181.071054547159,106.94,17674.66,125,162,40,29,65,28,0.24691358024691357,0.17901234567901234,0.4012345679012346,0.1728395061728395,40282.44416666667,47665.3325,-9451.560833333335,-0.10851607028934275,0.90971560936456,0.11290965475748084,27490.676519371056,18979.326523277003,12
U0921,1121974.67,32999.255,35108.73,15545.026136708391,8065.63,58875.74,34,0.47107203289008776,1,0,545697.84,4197.675692307692,2863.955,4059.2224332774813,195.26,17432.62,130,175,42,32,72,29,0.24,0.18285714285714286,0.4114285714285714,0.1657142857142857,93497.88916666666,45474.82,47198.28416666667,0.3502346763682988,0.638983511480358,0.01278409090909091,52160.90078106684,25374.19703294345,12
U0922,553677.86,24072.950434782608,28122.59,10046.64908419875,5520.01,38905.95,23,0.41734182569007056,3,1,463047.71,4248.144128440367,2497.68,4070.367082601786,164.23,17389.22,109,156,29,49,55,23,0.1858974358974359,0.3141025641025641,0.3525641025641026,0.14743589743589744,46139.82166666666,38587.309166666666,4874.818333333335,-0.4937596868324736,1.2548897301951412,0.11962261057655794,38748.4455748342,16988.080868792826,12
U0923,192144.33,835.4101304347826,837.885,199.8390249850359,504.21,1194.28,230,0.23921067952699027,1,0,522648.69,4181.18952,2905.86,3803.2021166072545,232.63,17758.35,125,381,266,39,57,19,0.6981627296587927,0.10236220472440945,0.14960629921259844,0.049868766404199474,16012.027499999998,43554.0575,-30016.043333333335,-1.9029445305502533,2.744809624973829,0.016338645673323094,2205.037919361128,13363.198780843893,12
U0924,195309.32,864.2005309734514,887.5550000000001,210.8246055462142,501.91,1199.31,226,0.2439533395203281,1,0,624506.61,4841.136511627907,3083.86,4474.894170612385,321.42,17819.24,129,370,257,28,52,33,0.6945945945945946,0.07567567567567568,0.14054054054054055,0.0891891891891892,16275.776666666667,52042.2175,-36458.27916666667,-2.277011214050364,3.235028434889396,0.0054659498207885295,1795.7634292124812,19705.5012485167,12
U0925,2539961.24,26736.43410526316,28216.41,12547.592909981588,5136.67,49749.32,95,0.469306896371478,1,0,523080.14,4054.8848062015504,2784.29,3294.172797987402,263.27,17756.19,129,244,67,64,82,31,0.27459016393442626,0.26229508196721313,0.3360655737704918,0.12704918032786885,211663.43666666668,43590.011666666665,165776.38083333333,0.74798417030249,0.23818038816341566,0.021308373590982286,75425.29332395553,15782.21753015015,12
U0926,660365.27,132073.054,147433.02,36744.89901417175,78459.45,167111.28,5,0.27821647112189707,1,0,537360.46,4404.593934426229,3172.6400000000003,3999.7343187662623,129.57,17043.13,122,146,25,29,59,33,0.17123287671232876,0.19863013698630136,0.4041095890410959,0.22602739726027396,55030.439166666656,44780.03833333333,7331.244999999996,0.1255933638834487,0.04090255334184787,0.045673689056041994,158990.81402850637,13527.657234592889,12
U0927,207322.3,846.213469387755,852.45,208.6580504211063,500.26,1199.97,245,0.2465785029066871,1,0,647882.25,4499.182291666667,3470.035,3803.143622047777,224.59,16958.02,144,410,282,37,53,38,0.6878048780487804,0.09024390243902439,0.12926829268292683,0.09268292682926829,17276.858333333334,53990.1875,-40949.85833333333,-2.449207488655295,3.213985260800549,0.016769211124049836,1560.9246598837922,20154.455647667193,12
U0928,459380.08,35336.92923076923,36393.11,3375.4100402876024,28919.68,39955.31,13,0.09552075162627607,1,0,561314.28,4385.2678125,2753.215,4056.3038413657628,150.86,16977.08,128,156,33,28,64,31,0.21153846153846154,0.1794871794871795,0.41025641025641024,0.1987179487179487,38281.67333333333,46776.19,-9369.856666666668,-0.0247605233455432,0.7545847721296308,0.09601648351648351,28134.724549452258,13434.712224659603,12
U0929,2150271.45,24160.353370786517,20400.87,13541.852877611416,5375.72,49836.23,89,0.5604989575187895,1,0,619791.25,4625.307835820896,2875.17,4401.444324415379,138.45,17806.37,134,246,62,82,79,23,0.25203252032520324,0.3333333333333333,0.32113821138211385,0.09349593495934959,179189.2875,51649.270833333336,126053.37833333334,0.6478078080656372,0.34199521602429267,0.020130478205813603,84477.76145976709,18785.7262669654,12
U0930,383756.48,34886.95272727273,34546.91,2908.614942147177,28416.96,39473.95,11,0.08337257096901385,1,0,581660.34,4245.695912408759,3150.81,3639.2982290563355,152.24,17379.14,137,170,32,32,71,35,0.18823529411764706,0.18823529411764706,0.4176470588235294,0.20588235294117646,31979.706666666665,48471.695,-18217.415833333336,-0.33186514008183693,1.0399479171251609,0.08642738661121013,23460.839397809017,14448.806286336663,12
U0931,1037479.03,34582.634333333335,33445.055,16109.176522782816,8351.91,58919.99,30,0.46581692902601074,1,0,589732.02,4400.985223880597,3285.215,3636.076652460864,115.74,17702.88,134,179,39,30,75,35,0.21787709497206703,0.16759776536312848,0.41899441340782123,0.19553072625698323,86456.58583333333,49144.335,35904.964166666665,0.2613289767943994,0.6460793228696647,0.008796296296296297,60095.808349331564,16567.991108013888,12
U0932,918941.52,114867.69,124094.88500000001,33199.075512635674,60498.67,147905.34,8,0.28902013710413843,1,0,447618.37,4144.614537037037,2431.955,3931.3304489091656,188.44,17819.75,108,137,23,29,63,22,0.1678832116788321,0.2116788321167883,0.45985401459854014,0.16058394160583941,76578.46,37301.53083333333,38172.42916666667,0.2538254020123573,0.07646091938105046,0.01779878618113912,133866.49790443946,18069.50158203317,12
U0933,449347.43,112336.8575,114453.685,20102.284118539657,85823.09,134616.97,4,0.17894647016042492,1,0,555341.55,4514.971951219512,3148.2,3989.7210621232994,303.84,15446.29,123,149,33,34,47,35,0.2214765100671141,0.22818791946308725,0.31543624161073824,0.2348993288590604,37445.619166666664,46278.4625,-10820.806666666671,0.16024582976660254,0.07896442391702786,0.02717745217745218,77048.06542642284,16639.246666719853,12
U0934,419156.49,22060.867894736843,24068.66,8794.199162889881,5099.43,36690.1,19,0.3986334175450981,3,1,579834.42,4171.470647482015,2579.45,3710.7184385499404,110.16,14597.16,139,185,34,44,77,30,0.1837837837837838,0.23783783783783785,0.41621621621621624,0.16216216216216217,34929.7075,48319.535,-18709.537500000002,-0.5907199931832953,1.2484698019274618,0.06453374197182248,24932.844390143884,8828.45656809172,12
U0935,2397805.14,26941.630786516856,24938.18,12218.300251097198,5098.38,49872.78,89,0.45351004725415284,1,0,515267.41000000003,3963.5954615384617,2349.88,4146.517557224274,267.84,17266.3,130,243,76,49,79,39,0.31275720164609055,0.20164609053497942,0.32510288065843623,0.16049382716049382,199817.095,42938.950833333336,154329.37999999998,0.6832743541402905,0.29951045741227056,0.018953893151463484,90989.75985158065,19241.920979684608,12
U0936,328184.55,109394.84999999999,96051.78,32609.192260724576,85573.25,146559.52,3,0.29808708783571236,1,0,596952.42,4775.619360000001,3255.06,4247.506588105115,122.91,17704.93,125,143,26,35,49,33,0.18181818181818182,0.24475524475524477,0.34265734265734266,0.23076923076923078,27348.712499999998,49746.035,-23863.475000000002,0.13544453235153706,0.10181423912981567,0.02277930402930403,51392.423879639035,25376.001360912025,12
U0937,207072.95,881.1614893617021,904.53,198.4615733003045,500.21,1197.54,235,0.22522724346937423,1,0,476512.11,4107.86301724138,2525.8199999999997,3675.332440159541,211.5,14807.94,116,368,264,28,48,28,0.717391304347826,0.07608695652173914,0.13043478260869565,0.07608695652173914,17256.079166666666,39709.3425,-23407.08916666667,-1.4202562273825903,2.36179921043585,0.004573934837092731,2333.7780629250396,17015.01482040181,12
U0938,2883296.82,27724.007884615385,28057.14,13337.118097469116,5834.77,48800.37,104,0.4810674615653299,1,0,511317.41,4333.198389830508,2516.83,4411.673954669127,105.22,17285.52,118,240,57,79,73,31,0.2375,0.32916666666666666,0.30416666666666664,0.12916666666666668,240274.735,42609.784166666665,194335.88833333334,0.7958949275609078,0.1901530520048962,0.026786881419234358,68995.45768652488,18929.2586107517,12
U0939,642061.44,107010.23999999999,104902.185,33497.033702796434,58448.04,153366.85,6,0.3130264328235918,1,0,329802.03,3140.9717142857144,1825.82,3149.650001006662,142.74,16345.9,105,130,28,26,56,20,0.2153846153846154,0.2,0.4307692307692308,0.15384615384615385,53505.12,27483.502500000002,22388.114166666666,0.22136937346900587,0.026947543725164138,0.05878612128612128,103051.54728262454,11411.17301087772,12
U0940,595079.13,99179.855,97877.89499999999,57614.394571433535,41817.54,159887.98,6,0.5809082355628926,1,0,634814.28,4737.42,3084.775,4340.41820979226,108.8,16437.12,134,155,36,35,51,33,0.23225806451612904,0.22580645161290322,0.32903225806451614,0.2129032258064516,49589.9275,52901.19,-5439.759999999997,0.16869114005994593,0.07843088160445888,0.025776143790849675,96431.0568238531,17059.87599469426,12
U0941,503141.41,20125.6564,22430.01,10742.661402432623,5886.56,39715.49,25,0.5337794300429686,3,1,558479.59,4329.299147286822,2627.79,4066.849063182437,105.84,17158.38,129,175,21,52,73,29,0.12,0.29714285714285715,0.41714285714285715,0.1657142857142857,41928.45083333333,46539.96583333333,-9703.514166666668,-0.48328508152890626,1.2249181222818895,0.09395777833277834,32101.617650055196,16987.939928860476,12
U0942,409668.09,34139.0075,34414.515,3837.506056926519,28336.45,38813.13,12,0.11240824903672196,1,0,464744.62,4076.707192982456,2765.045,3867.5861572167605,262.54,16822.07,114,137,19,30,60,28,0.1386861313868613,0.21897810218978103,0.43795620437956206,0.20437956204379562,34139.0075,38728.71833333333,-5622.516666666666,-0.19749579402851802,0.9978032012206174,0.10098790098790099,20364.313902973474,19946.85705302141,12
U0943,2767347.44,28529.35505154639,29810.58,13113.765829359758,5207.21,49676.26,97,0.45965868508650165,1,0,567802.17,4367.709000000001,2846.62,4016.9347555449776,150.95,17625.44,130,253,62,65,92,34,0.2450592885375494,0.25691699604743085,0.36363636363636365,0.13438735177865613,230612.28666666665,47316.8475,181707.9883333333,0.7506309808539244,0.2420422808871354,0.016207363489972187,79362.61979582433,14437.378860098543,12
U0944,936398.6,33442.80714285714,32604.82,13392.31051714015,8338.45,58075.04,28,0.4004541383123856,1,0,479383.99,4132.620603448276,3093.55,3489.2105597882587,104.15,14640.32,116,164,25,30,77,32,0.1524390243902439,0.18292682926829268,0.4695121951219512,0.1951219512195122,78033.21666666666,39948.66583333333,36462.695,0.13714291748446564,0.7664622003607069,0.009068627450980393,62459.185467609364,9448.314522176532,12
U0945,501421.52,33428.10133333333,33127.99,3190.8322724192803,28655.92,39168.78,15,0.0954535897986373,1,0,612351.85,4821.66811023622,3441.49,4298.380599261297,125.66,17772.01,127,164,36,26,72,30,0.21951219512195122,0.15853658536585366,0.43902439024390244,0.18292682926829268,41785.12666666667,51029.32083333333,-12077.43,-0.35763585207989373,1.211701545027862,0.119647584169643,22528.61324485671,13493.87495337958,12
U0946,417346.05000000005,83469.21,83312.97,43085.40950649245,43012.8,145856.57,5,0.5161832669375024,1,0,433645.89,3906.71972972973,2855.12,3575.0430805074875,248.43,17200.23,111,134,29,22,51,32,0.21641791044776118,0.16417910447761194,0.3805970149253731,0.23880597014925373,34778.8375,36137.1575,-2958.260833333332,0.16877036528324488,0.16456296805008847,0.011965811965811965,53523.23808179043,16611.949352586867,12
U0947,948720.93,30603.900967741938,29946.71,16467.288198964307,8636.56,58708.91,31,0.5380780775732369,1,0,632542.69,4303.0114965986395,2669.76,4190.457986948273,187.66,17365.82,147,196,38,45,86,27,0.19387755102040816,0.22959183673469388,0.4387755102040816,0.1377551020408163,79060.0775,52711.89083333334,23466.30416666667,0.11088480288046894,0.7785154920337387,0.027983971366324304,52819.59495428707,19319.12725287109,12
U0948,194149.78,859.0698230088495,863.25,192.17231619556586,502.27,1197.05,226,0.22369813378206188,1,0,473936.93,3853.1457723577237,2690.83,3505.3126713106253,246.3,16262.22,123,363,261,27,49,26,0.71900826446281,0.0743801652892562,0.1349862258953168,0.07162534435261708,16179.148333333333,39494.744166666664,-26672.536666666667,-1.6611637706774047,2.4582451048729874,0.018323169885669885,2222.485719470772,12178.724369566085,12
U0949,425973.43,32767.186923076923,32385.68,3966.832286292564,28228.14,39656.91,13,0.12106111811199899,1,0,578133.01,4738.7951639344265,3267.86,3935.126960392593,145.12,15647.84,122,158,24,33,75,26,0.1518987341772152,0.2088607594936709,0.47468354430379744,0.16455696202531644,35497.785833333335,48177.75083333333,-17806.33083333333,-0.1694963938795658,0.8028332331601987,0.13464635854341736,26053.32965577144,16050.31213518091,12
U0950,162146.24,162146.24,162146.24,0.0,162146.24,162146.24,1,0.0,1,0,573023.42,4476.74546875,2938.84,4229.866250188815,127.39,17521.56,128,146,36,32,51,27,0.2465753424657534,0.2191780821917808,0.3493150684931507,0.18493150684931506,13512.186666666666,47751.95166666667,-36378.95416666667,0.055851495538841965,0.022563484461105402,0.027874902874902876,46807.58765604283,16462.682532309707,12
U0951,279654.2,139827.1,139827.1,15802.620335855681,128652.96,151001.24,2,0.11301543360232516,1,0,464629.41000000003,3717.03528,2543.51,3288.4444239327627,150.59,17195.09,125,148,29,29,62,28,0.19594594594594594,0.19594594594594594,0.4189189189189189,0.1891891891891892,23304.516666666666,38719.1175,-16161.005833333335,0.1125359445667432,0.05413072209992348,0.005208333333333333,54635.77967986635,13680.43620855452,12
U0952,424483.37,32652.566923076924,31302.07,3827.334559249175,28030.76,39151.2,13,0.1172138952586983,1,0,612079.46,4340.989078014184,3112.07,4050.456807402785,115.76,17393.71,141,165,46,32,52,35,0.2787878787878788,0.19393939393939394,0.3151515151515151,0.21212121212121213,35373.614166666666,51006.621666666666,-17023.47333333333,-0.05834457961407338,0.6936293755212869,0.09668592716193336,32384.90613047478,26051.38926614745,12
U0953,841522.13,24043.48942857143,24241.07,10407.209114792084,6144.17,39786.36,35,0.432849364303376,3,1,714325.79,5330.78947761194,3731.635,4728.472044169947,120.18,17966.06,134,187,40,38,75,34,0.21390374331550802,0.20320855614973263,0.40106951871657753,0.18181818181818182,70126.84416666666,59527.14916666667,9088.844166666666,-0.9686230777472197,1.9496355201457396,0.08227777447011193,53644.05609393856,10549.392968363332,12
U0954,189520.89,846.0754017857143,827.98,187.41865593309026,508.18,1199.14,224,0.22151531120929316,1,0,588473.5,4086.621527777778,2678.435,3776.217248372972,220.25,17906.71,144,388,264,32,53,39,0.6804123711340206,0.08247422680412371,0.13659793814432988,0.10051546391752578,15793.407500000001,49039.458333333336,-35567.3425,-2.3053944704076774,3.1571626633637835,0.012947010426849136,1806.338090930855,13876.610697565779,12
U0955,418779.15,34898.262500000004,34822.520000000004,2751.4675028300007,28944.01,37979.43,12,0.07884253557981577,1,0,514477.18,4397.2408547008545,2676.81,3773.8104607811165,151.65,16292.36,117,143,24,29,61,29,0.16783216783216784,0.20279720279720279,0.42657342657342656,0.20279720279720279,34898.262500000004,42873.098333333335,-8302.098333333333,-0.04553292840146864,0.7905649069677608,0.09096774685009978,25995.56230963806,19745.409547813124,12
U0956,524543.04,32783.94,32332.645,3614.25926692409,28735.84,39793.33,16,0.1102448109325508,1,0,489531.75,4012.5553278688526,2959.835,3480.513319785404,212.66,17552.08,122,152,33,30,56,33,0.21710526315789475,0.19736842105263158,0.3684210526315789,0.21710526315789475,43711.920000000006,40794.3125,755.5941666666662,-0.04239216426193967,0.8186734455552797,0.11730189744895626,30493.027218506857,16852.43914147694,12
U0957,197702.75,844.883547008547,845.3050000000001,205.0302532199417,517.98,1199.9,234,0.24267279667817648,1,0,566112.48,4256.484812030075,2964.53,3659.008722673728,140.75,17178.81,133,384,269,30,49,36,0.7005208333333334,0.078125,0.12760416666666666,0.09375,16475.229166666668,47176.04,-33230.61833333333,-2.030718613941617,2.8759569264546605,0.013742817880265287,2061.229146197871,22919.18665252444,12
U0958,419021.92,34918.49333333333,34614.78999999999,2995.0502819950766,29907.51,39821.67,12,0.08577260918460046,1,0,478062.02,3918.5411475409837,2404.195,3884.843528726682,188.27,17284.31,122,153,36,36,56,25,0.23529411764705882,0.23529411764705882,0.3660130718954248,0.16339869281045752,34918.49333333333,39838.50166666667,-6642.101666666668,0.004800277772197321,0.7152968651526598,0.11699226699226699,25881.098855154483,15953.696724204896,12
U0959,199639.32,875.611052631579,884.97,204.2191932342078,501.64,1196.65,228,0.23323048814932537,1,0,516539.92,3743.0428985507247,2477.54,3432.448983273954,252.58,16552.34,138,384,272,31,50,31,0.7083333333333334,0.08072916666666667,0.13020833333333334,0.08072916666666667,16636.61,43044.99333333333,-29620.270833333332,-1.8280716592808286,2.6522277248841637,0.012312943195296135,2510.781910292996,9742.305970348027,12
U0960,616136.67,23697.564230769232,25794.035,8547.705614651535,6916.78,38418.92,26,0.3606997551061843,3,1,558176.6,4015.658992805755,2471.44,4048.1125009269817,107.23,17995.24,139,177,27,50,67,33,0.15254237288135594,0.2824858757062147,0.3785310734463277,0.1864406779661017,51344.722499999996,46514.71666666667,4233.133333333332,-0.07260984973293692,1.0595525795128695,0.06771703564466723,24851.989037991643,13668.720064223831,12
U0961,916627.55,33949.16851851852,33112.79,16066.783864585514,8860.17,58916.93,27,0.47326001094316755,1,0,460877.43,3872.919579831933,2541.17,3722.263394852196,122.05,14912.3,119,164,27,34,73,30,0.16463414634146342,0.2073170731707317,0.4451219512195122,0.18292682926829268,76385.62916666667,38406.4525,36669.448333333334,0.42969587040372775,0.3934617293580022,0.014624183006535946,47363.736695306245,16679.860318731215,12
U0962,204001.14,853.5612552301255,866.18,199.49625579797075,509.42,1197.66,239,0.23372224849192022,1,0,467586.02999999997,4101.631842105263,2794.755,3724.5194177137364,135.6,16460.17,114,368,269,25,50,24,0.7309782608695652,0.06793478260869565,0.1358695652173913,0.06521739130434782,17000.094999999998,38965.502499999995,-22613.23833333333,-1.341675327867388,2.3060853784208533,0.0053819444444444435,1715.0609275342215,10978.782288651248,12
U0963,201442.43,842.8553556485356,834.12,199.6966574745072,500.72,1197.95,239,0.23692874006934497,1,0,533987.45,4341.361382113821,3216.92,3709.7208301041646,354.88,15398.48,123,370,262,39,38,31,0.7081081081081081,0.10540540540540541,0.10270270270270271,0.08378378378378379,16786.869166666667,44498.95416666666,-27950.944166666668,-1.744927174063518,2.7313797408198632,0.005208333333333333,2309.5914447343607,10404.74848755864,12
U0964,662915.76,20088.356363636365,20309.46,9572.381011170177,5305.08,38305.01,33,0.4765138987925341,3,1,541718.44,4836.771785714285,3131.51,4334.690562894777,113.47,17740.5,112,163,23,46,73,21,0.1411042944785276,0.2822085889570552,0.44785276073619634,0.12883435582822086,55242.98,45143.20333333333,9095.24416666667,-0.7110920203500597,1.6792694772456598,0.05531464722641193,45564.99420116121,22765.385222056408,12
U0965,2716334.01,26630.72558823529,26477.445,12909.260341138843,5783.71,49866.07,102,0.4847506050245132,1,0,568729.16,4151.307737226278,3138.02,3639.0336893925305,181.48,15066.77,137,258,78,61,83,36,0.3023255813953488,0.2364341085271318,0.32170542635658916,0.13953488372093023,226361.1675,47394.09666666667,176404.18000000002,0.751508964772481,0.23781487072562327,0.02104044834307992,72736.06924511377,14488.863224789606,12
U0966,512630.41000000003,24410.971904761907,27946.07,11270.20562275712,5880.13,39781.21,21,0.4616860675079722,3,1,599503.88,4282.170571428572,2756.275,3971.010750739705,178.35,17528.33,140,177,31,58,60,28,0.1751412429378531,0.327683615819209,0.3389830508474576,0.15819209039548024,42719.20083333333,49958.65666666667,-8421.917500000001,-0.30003696540357455,1.0343309519793678,0.0805093309253526,37517.557887320014,11927.912122110387,12
U0967,124931.66,62465.83,62465.83,26540.6873464121,43698.73,81232.93,2,0.4248832897347574,1,0,508778.31,4170.314016393442,2588.1099999999997,3887.6352052826605,104.19,17101.06,122,140,40,26,46,28,0.2857142857142857,0.18571428571428572,0.32857142857142857,0.2,10410.971666666666,42398.1925,-34544.754166666666,0.044921767383362426,0.12174489928330423,0.03425925925925926,25597.7767988269,14330.818667205636,12
U0968,2715316.05,31210.529310344824,32044.15,12057.598638494625,5749.49,49638.16,87,0.38633111661128083,1,0,504266.27999999997,3909.040930232558,2567.81,3558.202816726454,134.64,17088.26,129,231,65,61,78,27,0.2813852813852814,0.26406926406926406,0.33766233766233766,0.11688311688311688,226276.3375,42022.19,182001.12083333332,0.7878381961831075,0.2016651660340031,0.012129629629629629,66353.19555208654,14516.325878714502,12
U0969,501348.15,125337.0375,129763.3,56598.90779990628,67185.42,174636.13,4,0.4515736842743413,1,0,592988.48,4596.80992248062,3419.37,4004.7154891832083,114.99,17152.34,129,146,28,38,45,35,0.1917808219178082,0.2602739726027397,0.3082191780821918,0.23972602739726026,41779.012500000004,49415.706666666665,-8515.612500000001,0.12891247025635785,0.03667210174683934,0.01636904761904762,102820.53707493347,12734.880882921756,12
U0970,703495.28,20691.037647058823,21804.425,9813.376573617183,6680.14,39918.59,34,0.47428150975367483,3,1,480540.33999999997,4004.502833333333,2248.375,4373.42488732718,186.82,17583.51,120,167,33,50,54,30,0.19760479041916168,0.2994011976047904,0.32335329341317365,0.17964071856287425,58624.60666666667,40045.028333333335,15971.810833333331,0.11290272690894432,0.8321748652312887,0.08843563843563844,29973.303617164613,13773.926882790234,12
U0971,2678730.81,28197.166421052632,29850.71,13910.39580019577,5029.68,49174.38,95,0.4933260169649515,1,0,531051.05,4500.432627118645,2889.32,4288.897679729262,252.25,16881.92,118,230,69,47,81,33,0.3,0.20434782608695654,0.3521739130434783,0.14347826086956522,223227.5675,44254.25416666667,176272.58083333334,0.7637419213283797,0.22239570473241735,0.022197855750487328,85312.34432842712,16541.274384539072,12
U0972,187962.4,835.3884444444444,820.08,205.2807412331467,501.67,1198.62,225,0.2457308843548391,1,0,516975.03,4699.773,3238.7799999999997,4230.934355536361,102.32,17192.08,110,356,255,31,52,18,0.7162921348314607,0.08707865168539326,0.14606741573033707,0.05056179775280899,15663.533333333333,43081.2525,-28821.936666666665,-1.9050608008983725,2.8118978491020115,0.008730158730158729,1833.3683996271766,23873.457759676854,12
U0973,728023.4,23484.625806451615,25924.79,9976.601216684227,6603.12,39898.45,31,0.4248141443217498,3,1,640639.62,4927.997076923077,3481.26,4367.668482103866,226.37,17999.04,130,179,36,52,65,26,0.2011173184357542,0.2905027932960894,0.36312849162011174,0.1452513966480447,60668.61666666667,53386.635,5685.430833333332,-0.2537665637352793,1.2325548327878586,0.07529714437609174,40333.56048561575,22345.801321593244,12
U0974,2825743.88,31052.130549450547,34181.86,13435.029915210158,5644.89,49784.01,91,0.4326604866553314,1,0,569905.23,4559.24184,2859.58,4356.420281161672,155.05,17303.02,125,235,61,52,86,36,0.25957446808510637,0.22127659574468084,0.3659574468085106,0.15319148936170213,235478.65666666665,47492.1025,186949.61,0.7494925041688094,0.24539147730343172,0.013382177033492823,106224.12643010715,17397.138866689926,12
U0975,929135.55,34412.42777777778,32863.38,13182.74261761429,9920.35,57329.84,27,0.38308086551589354,1,0,594880.7,4797.424999999999,3569.6549999999997,3836.2962818825895,136.13,17093.15,124,166,37,24,68,37,0.22289156626506024,0.14457831325301204,0.40963855421686746,0.22289156626506024,77427.9625,49573.39166666666,26207.255,-0.10146032196078118,0.9115280068860011,0.02751592089827384,66829.98221944849,22325.76002152419,12
U0976,442815.17,34062.70538461539,34307.45,3223.969802310538,29700.24,38775.35,13,0.09464808405284984,1,0,625189.99,4465.642785714285,3064.105,4020.6720348148942,114.63,17697.69,140,172,34,39,69,30,0.19767441860465115,0.22674418604651161,0.4011627906976744,0.1744186046511628,36901.26416666667,52099.16583333333,-17031.968333333334,-0.32496757466962417,1.0225936630773853,0.09759163086368967,32136.95362856243,16859.342608768187,12
U0977,910549.92,22763.748,22267.415,9537.680969125111,7961.02,39622.86,40,0.4189855277402083,3,1,480430.86,3970.5029752066116,2702.82,3707.579174503143,112.19,16911.56,121,176,31,50,66,29,0.17613636363636365,0.2840909090909091,0.375,0.16477272727272727,75879.15999999999,40035.905,34698.52916666667,0.38759123440914295,0.5998405704105353,0.10923980703392468,28394.806907348397,16260.721343047653,12
U0978,194831.25,829.0691489361702,810.93,204.64603951670043,504.3,1199.68,235,0.24683832437776076,1,0,494420.38,3717.4464661654138,2478.14,3120.1514249647216,258.53,14461.06,133,390,267,44,48,31,0.6846153846153846,0.11282051282051282,0.12307692307692308,0.07948717948717948,16235.9375,41201.698333333334,-25911.867499999997,-1.6214613425948992,2.5692494276771467,0.004662004662004662,2454.0186764723308,12137.055589658125,12
U0979,454334.55,34948.81153846154,36334.44,3619.253097691212,28321.93,39731.27,13,0.10355868878998033,1,0,468728.9,3938.8983193277313,2455.83,3682.335414544094,189.76,17467.21,119,144,26,39,49,30,0.18055555555555555,0.2708333333333333,0.3402777777777778,0.20833333333333334,37861.2125,39060.74166666666,-3508.6833333333307,-0.030819111329570766,0.8353481510483763,0.12155509931245224,22908.95518836689,12281.523856858266,12
U0980,1056004.6,37714.450000000004,38258.130000000005,15510.417526587067,9457.01,59785.77,28,0.41125927931037215,1,0,530122.23,4309.936829268293,2793.6,4134.067488115148,129.71,17686.0,123,168,28,25,82,33,0.16666666666666666,0.1488095238095238,0.4880952380952381,0.19642857142857142,88000.38333333335,44176.8525,43315.29916666667,0.34811826644355776,0.6487530203239446,0.009176587301587302,49683.220881932706,26266.140511513753,12
U0981,471418.49,33672.749285714286,32516.510000000002,4090.518389099477,28603.75,39847.57,14,0.12147859844740642,1,0,550978.62,4516.218196721312,2947.93,4115.600302117756,284.37,16301.08,122,145,36,25,53,31,0.2482758620689655,0.1724137931034483,0.36551724137931035,0.21379310344827587,39284.87416666667,45914.885,-8353.975833333336,0.04030629612059485,0.6832337880559126,0.11762820512820514,27512.78468320681,13517.91961671584,12
U0982,487127.78,23196.560952380954,27781.14,11332.25383126936,6108.8,39603.89,21,0.4885316342596116,3,1,420764.57,3690.9172807017544,2989.86,3132.4500071579537,129.95,13711.32,114,154,36,29,59,30,0.23376623376623376,0.18831168831168832,0.38311688311688313,0.19480519480519481,40593.98166666667,35063.714166666665,2810.4116666666664,-0.6029971131903321,1.4153023590240663,0.08356465659097238,33187.86604253451,15548.098360508422,12
U0983,289952.6,96650.86666666665,100752.98,36634.037886288665,58138.43,131061.19,3,0.37903475829796324,1,0,524452.0,4162.31746031746,2787.41,3904.9486258145694,183.54,17462.07,126,149,27,43,49,30,0.18120805369127516,0.28859060402684567,0.3288590604026846,0.20134228187919462,24162.716666666664,43704.333333333336,-23854.239166666666,0.08430996952408598,0.07001801901175274,0.05413752913752914,67495.34929102384,14472.949676636152,12
U0984,70712.09,70712.09,70712.09,0.0,70712.09,70712.09,1,0.0,1,0,587471.77,4589.623203125,3294.2799999999997,3925.3661377440862,157.48,17741.85,128,146,35,32,47,32,0.23972602739726026,0.2191780821917808,0.3219178082191781,0.2191780821917808,5892.674166666667,48955.980833333335,-46107.32833333333,-0.02889893604709841,0.10085076446380432,0.036014911014911014,20412.82209823052,22753.83464290818,12
U0985,2790035.19,29062.8665625,31276.025,13191.943137478696,5178.91,49586.33,96,0.45391059787957544,1,0,532245.54,4158.16828125,2589.865,3714.4105570782076,102.45,14397.12,128,245,84,51,81,29,0.34285714285714286,0.20816326530612245,0.3306122448979592,0.11836734693877551,232502.9325,44353.795000000006,185587.9025,0.7662713714374711,0.2198091084002244,0.016630116959064325,92966.93470402963,23295.018485509845,12
U0986,340999.61,34099.960999999996,35509.14,3760.443311072217,28646.14,37871.09,10,0.11027705606678605,1,0,496527.38,4103.532066115703,2815.3,3781.667689134411,257.01,14672.67,121,148,31,32,58,27,0.20945945945945946,0.21621621621621623,0.3918918918918919,0.18243243243243243,28416.634166666667,41377.28166666667,-15430.500833333334,-0.0814736078046334,0.7990844053314285,0.09109432234432235,20422.68436879418,12462.125183563072,12
U0987,1133723.04,33344.79529411765,30268.535,16626.595464814112,8544.13,58285.1,34,0.49862640685478155,1,0,520022.48,4369.936806722689,2544.43,4265.325990517564,190.38,17014.68,119,173,30,32,90,21,0.17341040462427745,0.18497109826589594,0.5202312138728323,0.12138728323699421,94476.92,43335.206666666665,49532.29583333333,0.2276245716505312,0.576661239529395,0.020378151260504202,85479.52182420662,16832.594710130554,12
U0988,2328048.25,26157.845505617977,25068.17,12279.602258397035,5769.17,49348.52,89,0.46944241855697627,1,0,620600.25,4464.75,2575.76,4345.878374085603,107.2,17749.92,139,251,74,40,95,42,0.2948207171314741,0.1593625498007968,0.3784860557768924,0.16733067729083664,194004.02083333334,51716.6875,139532.985,0.7003222353095451,0.2852299636577046,0.02450089126559715,40819.39714515669,16977.332908005268,12
U0989,708679.45,29528.310416666664,27863.045,13340.037561794612,8299.34,58668.75,24,0.451771109608259,1,0,581816.14,4654.52912,2766.27,4412.308265494928,108.09,17438.28,125,169,33,32,73,31,0.1952662721893491,0.1893491124260355,0.4319526627218935,0.1834319526627219,59056.62083333334,48484.67833333334,9401.745000000003,-0.6228353769483946,1.4433422420376234,0.0200109649122807,57140.89673401012,19754.888488003457,12
U0990,194497.99,845.6434347826087,824.5550000000001,213.15318582422222,500.62,1197.23,230,0.25206035671407767,1,0,539407.9,4650.068103448276,2742.0,4551.334054608778,248.0,17728.35,116,364,267,28,46,23,0.7335164835164835,0.07692307692307693,0.12637362637362637,0.06318681318681318,16208.165833333333,44950.65833333333,-30753.0975,-1.939483203669652,2.815414464514022,0.008215838945005612,1544.8957745748562,19488.68196026832,12
U0991,430213.81,35851.15083333333,36449.485,2607.1082654802826,32423.2,39714.98,12,0.07272035080827227,1,0,453619.06,3360.1411851851853,2192.14,3160.6930809290716,127.8,17288.21,135,171,39,36,69,27,0.22807017543859648,0.21052631578947367,0.40350877192982454,0.15789473684210525,35851.15083333333,37801.58833333333,-3807.3383333333327,0.008712344127326044,0.7837871230620727,0.10688052917155084,21517.94826328243,13001.964689042425,12
U0992,569098.22,21888.393076923076,25025.455,10296.609115540812,5662.46,39991.85,26,0.470414117626411,3,1,436163.29,3665.2377310924367,2090.19,3475.3589335180613,152.48,17836.72,119,166,42,41,61,22,0.25301204819277107,0.2469879518072289,0.3674698795180723,0.13253012048192772,47424.85166666666,36346.940833333334,7178.0199999999995,-0.6110381800881699,1.3761443818790748,0.08223122873858167,26188.143096663498,12183.479915441729,12
U0993,697336.78,25827.28814814815,27925.88,10308.167708212313,6227.25,39520.99,27,0.3991192435335656,3,1,456533.43,3836.4153781512605,2835.68,3348.956646668592,221.81,16175.02,119,164,35,41,57,31,0.21341463414634146,0.25,0.3475609756097561,0.18902439024390244,58111.39833333334,38044.4525,19944.250833333335,0.0034819008159676554,0.911141098886381,0.0827991452991453,44778.76294458138,14943.04850057111,12
U0994,353862.8,35386.28,35855.865000000005,3015.584607177262,30831.29,39005.92,10,0.08521903424652895,1,0,461382.72000000003,3781.825573770492,2662.37,3368.275784336675,196.98,16080.08,122,150,37,30,63,20,0.24666666666666667,0.2,0.42,0.13333333333333333,29488.566666666666,38448.56,-9568.262499999999,0.02916310544400362,0.7035572474891488,0.07702956765456766,21710.453212638186,12840.059479295825,12
U0995,2424612.36,28524.851294117645,30732.46,14085.628202491815,6316.2,49688.41,85,0.49380198540759906,1,0,371087.39,3674.132574257426,2424.75,3394.6750743087787,133.52,17216.25,101,200,51,54,73,22,0.255,0.27,0.365,0.11,202051.03,30923.94916666667,169574.835,0.8245832711658229,0.16402089668899303,0.01710734798970093,56232.91509366395,7953.184697340327,12
U0996,2267341.44,27991.86962962963,28534.2,13980.098735249194,5418.96,49604.3,81,0.4994342614560887,1,0,596332.19,4658.845234375,2958.0699999999997,4104.285738140929,129.62,17918.19,128,225,60,62,77,26,0.26666666666666666,0.27555555555555555,0.3422222222222222,0.11555555555555555,188945.12,49694.349166666674,138199.205,0.6840905666201286,0.30703302783489583,0.009575569358178054,85748.97622359898,23194.452187956682,12
U0997,833434.94,21370.126666666667,19821.77,10288.126470173565,5278.08,39570.0,39,0.48142561954118346,3,1,628263.74,4723.787518796992,3078.84,4292.3669754228395,128.33,17781.57,133,187,35,52,64,36,0.18716577540106952,0.27807486631016043,0.3422459893048128,0.1925133689839572,69452.91166666667,52355.31166666667,13620.906666666668,0.14127759609519952,0.7321944959396988,0.12269119769119768,28343.230243787682,14957.307290223085,12
U0998,2768428.06,28249.265918367346,27140.875,12357.182023013513,5124.35,49012.37,98,0.4374337392951162,1,0,615909.14,4596.336865671642,3339.8500000000004,3935.8156884791783,100.9,15289.87,134,245,75,63,78,29,0.30612244897959184,0.2571428571428571,0.3183673469387755,0.11836734693877551,230702.33833333335,51325.761666666665,176365.52666666664,0.7513189350960032,0.2362559040927317,0.015969678469678467,59885.422049776746,18166.308768429153,12
U0999,365388.32,33217.12,33685.83,3675.9320260663158,28071.11,39296.3,11,0.11066377898102893,1,0,546423.73,4139.573712121212,3164.62,3595.6332814183597,132.6,16244.76,132,166,35,31,64,36,0.21084337349397592,0.18674698795180722,0.3855421686746988,0.21686746987951808,30449.02666666667,45535.31083333333,-18041.195000000003,-0.2704195200380127,0.9370925503973339,0.0934048114195173,22657.239908047184,13788.065207206268,12
U1000,424214.5,35351.208333333336,34899.29,3253.167110686371,28384.97,39977.46,12,0.09202421258169263,1,0,463726.38,3680.368095238095,2065.48,3870.5379161324267,134.81,16824.34,126,151,30,36,54,31,0.1986754966887417,0.23841059602649006,0.3576158940397351,0.2052980132450331,35351.208333333336,38643.865,-6433.641666666667,0.08582207294193533,0.4562847484946489,0.1072661815308874,37536.21484827173,11762.11955640456,12
